model,model_label,city,task,task_id,embedding_path,embedding_source_type,embedding_config,source_role,alignment_policy,available,path_exists,mentions_population,artifact_path,release_scope
sphere2vec_fixed,PE,london,landuse,london.landuse.2026,baselines/artifacts/sphere2vec_fixed/london/london.landuse.2026_sphere2vec_spherec_fixed_f64.parquet,entity,"{""crs"": ""EPSG:4326"", ""embedding_dim"": 192, ""entity_id_col"": ""sample_id"", ""frequency_num"": 64, ""max_radius"": 360.0, ""min_radius"": 0.001, ""name"": ""PE"", ""path"": ""baselines/artifacts/sphere2vec_fixed/london/london.landuse.2026_sphere2vec_spherec_fixed_f64.parquet"", ""task_entity_id_col"": ""sample_id"", ""type"": ""entity"", ""variant"": ""Sphere2Vec-sphereC"", ""x_col"": ""x"", ""y_col"": ""y""}",position_encoding_entity_table,Not released for public evaluation: the London payload is a synthetic schema demo and has no corresponding benchmark embeddings.,False,False,False,baselines/artifacts/sphere2vec_fixed/london/london.landuse.2026_sphere2vec_spherec_fixed_f64.parquet,synthetic_demo_only_no_embedding
sphere2vec_fixed,PE,london,road_density,london.road_density.2026,baselines/artifacts/sphere2vec_fixed/london/london.road_density.2026_sphere2vec_spherec_fixed_f64.parquet,entity,"{""crs"": ""EPSG:4326"", ""embedding_dim"": 192, ""entity_id_col"": ""sample_id"", ""frequency_num"": 64, ""max_radius"": 360.0, ""min_radius"": 0.001, ""name"": ""PE"", ""path"": ""baselines/artifacts/sphere2vec_fixed/london/london.road_density.2026_sphere2vec_spherec_fixed_f64.parquet"", ""task_entity_id_col"": ""sample_id"", ""type"": ""entity"", ""variant"": ""Sphere2Vec-sphereC"", ""x_col"": ""x"", ""y_col"": ""y""}",position_encoding_entity_table,sample_id lookup in a task-specific position-embedding table generated at task coordinates,True,False,False,baselines/artifacts/sphere2vec_fixed/london/london.road_density.2026_sphere2vec_spherec_fixed_f64.parquet,full
sphere2vec_fixed,PE,london,population,london.population.2024,baselines/artifacts/sphere2vec_fixed/london/london.population.2024_sphere2vec_spherec_fixed_f64.parquet,entity,"{""crs"": ""EPSG:4326"", ""embedding_dim"": 192, ""entity_id_col"": ""sample_id"", ""frequency_num"": 64, ""max_radius"": 360.0, ""min_radius"": 0.001, ""name"": ""PE"", ""path"": ""baselines/artifacts/sphere2vec_fixed/london/london.population.2024_sphere2vec_spherec_fixed_f64.parquet"", ""task_entity_id_col"": ""sample_id"", ""type"": ""entity"", ""variant"": ""Sphere2Vec-sphereC"", ""x_col"": ""x"", ""y_col"": ""y""}",position_encoding_entity_table,sample_id lookup in a task-specific position-embedding table generated at task coordinates,True,False,True,baselines/artifacts/sphere2vec_fixed/london/london.population.2024_sphere2vec_spherec_fixed_f64.parquet,full
sphere2vec_fixed,PE,london,age_distribution,london.age_distribution.2024,baselines/artifacts/sphere2vec_fixed/london/london.age_distribution.2024_sphere2vec_spherec_fixed_f64.parquet,entity,"{""crs"": ""EPSG:4326"", ""embedding_dim"": 192, ""entity_id_col"": ""sample_id"", ""frequency_num"": 64, ""max_radius"": 360.0, ""min_radius"": 0.001, ""name"": ""PE"", ""path"": ""baselines/artifacts/sphere2vec_fixed/london/london.age_distribution.2024_sphere2vec_spherec_fixed_f64.parquet"", ""task_entity_id_col"": ""sample_id"", ""type"": ""entity"", ""variant"": ""Sphere2Vec-sphereC"", ""x_col"": ""x"", ""y_col"": ""y""}",position_encoding_entity_table,sample_id lookup in a task-specific position-embedding table generated at task coordinates,True,False,False,baselines/artifacts/sphere2vec_fixed/london/london.age_distribution.2024_sphere2vec_spherec_fixed_f64.parquet,full
sphere2vec_fixed,PE,london,gdp,london.gdp.2024,baselines/artifacts/sphere2vec_fixed/london/london.gdp.2024_sphere2vec_spherec_fixed_f64.parquet,entity,"{""crs"": ""EPSG:4326"", ""embedding_dim"": 192, ""entity_id_col"": ""sample_id"", ""frequency_num"": 64, ""max_radius"": 360.0, ""min_radius"": 0.001, ""name"": ""PE"", ""path"": ""baselines/artifacts/sphere2vec_fixed/london/london.gdp.2024_sphere2vec_spherec_fixed_f64.parquet"", ""task_entity_id_col"": ""sample_id"", ""type"": ""entity"", ""variant"": ""Sphere2Vec-sphereC"", ""x_col"": ""x"", ""y_col"": ""y""}",position_encoding_entity_table,sample_id lookup in a task-specific position-embedding table generated at task coordinates,True,False,False,baselines/artifacts/sphere2vec_fixed/london/london.gdp.2024_sphere2vec_spherec_fixed_f64.parquet,full
sphere2vec_fixed,PE,london,nightlight,london.nightlight.2024,baselines/artifacts/sphere2vec_fixed/london/london.nightlight.2024_sphere2vec_spherec_fixed_f64.parquet,entity,"{""crs"": ""EPSG:4326"", ""embedding_dim"": 192, ""entity_id_col"": ""sample_id"", ""frequency_num"": 64, ""max_radius"": 360.0, ""min_radius"": 0.001, ""name"": ""PE"", ""path"": ""baselines/artifacts/sphere2vec_fixed/london/london.nightlight.2024_sphere2vec_spherec_fixed_f64.parquet"", ""task_entity_id_col"": ""sample_id"", ""type"": ""entity"", ""variant"": ""Sphere2Vec-sphereC"", ""x_col"": ""x"", ""y_col"": ""y""}",position_encoding_entity_table,sample_id lookup in a task-specific position-embedding table generated at task coordinates,True,False,False,baselines/artifacts/sphere2vec_fixed/london/london.nightlight.2024_sphere2vec_spherec_fixed_f64.parquet,full
sphere2vec_fixed,PE,london,pm25,london.pm25.2022,baselines/artifacts/sphere2vec_fixed/london/london.pm25.2022_sphere2vec_spherec_fixed_f64.parquet,entity,"{""crs"": ""EPSG:4326"", ""embedding_dim"": 192, ""entity_id_col"": ""sample_id"", ""frequency_num"": 64, ""max_radius"": 360.0, ""min_radius"": 0.001, ""name"": ""PE"", ""path"": ""baselines/artifacts/sphere2vec_fixed/london/london.pm25.2022_sphere2vec_spherec_fixed_f64.parquet"", ""task_entity_id_col"": ""sample_id"", ""type"": ""entity"", ""variant"": ""Sphere2Vec-sphereC"", ""x_col"": ""x"", ""y_col"": ""y""}",position_encoding_entity_table,sample_id lookup in a task-specific position-embedding table generated at task coordinates,True,False,False,baselines/artifacts/sphere2vec_fixed/london/london.pm25.2022_sphere2vec_spherec_fixed_f64.parquet,full
sphere2vec_fixed,PE,london,lst_day_mean,london.lst_day_mean.2024,baselines/artifacts/sphere2vec_fixed/london/london.lst_day_mean.2024_sphere2vec_spherec_fixed_f64.parquet,entity,"{""crs"": ""EPSG:4326"", ""embedding_dim"": 192, ""entity_id_col"": ""sample_id"", ""frequency_num"": 64, ""max_radius"": 360.0, ""min_radius"": 0.001, ""name"": ""PE"", ""path"": ""baselines/artifacts/sphere2vec_fixed/london/london.lst_day_mean.2024_sphere2vec_spherec_fixed_f64.parquet"", ""task_entity_id_col"": ""sample_id"", ""type"": ""entity"", ""variant"": ""Sphere2Vec-sphereC"", ""x_col"": ""x"", ""y_col"": ""y""}",position_encoding_entity_table,sample_id lookup in a task-specific position-embedding table generated at task coordinates,True,False,False,baselines/artifacts/sphere2vec_fixed/london/london.lst_day_mean.2024_sphere2vec_spherec_fixed_f64.parquet,full
sphere2vec_fixed,PE,new_york,landuse,new_york.landuse.2026,baselines/artifacts/sphere2vec_fixed/new_york/new_york.landuse.2026_sphere2vec_spherec_fixed_f64.parquet,entity,"{""crs"": ""EPSG:4326"", ""embedding_dim"": 192, ""entity_id_col"": ""sample_id"", ""frequency_num"": 64, ""max_radius"": 360.0, ""min_radius"": 0.001, ""name"": ""PE"", ""path"": ""baselines/artifacts/sphere2vec_fixed/new_york/new_york.landuse.2026_sphere2vec_spherec_fixed_f64.parquet"", ""task_entity_id_col"": ""sample_id"", ""type"": ""entity"", ""variant"": ""Sphere2Vec-sphereC"", ""x_col"": ""x"", ""y_col"": ""y""}",position_encoding_entity_table,sample_id lookup in a task-specific position-embedding table generated at task coordinates,True,False,False,baselines/artifacts/sphere2vec_fixed/new_york/new_york.landuse.2026_sphere2vec_spherec_fixed_f64.parquet,full
sphere2vec_fixed,PE,new_york,road_density,new_york.road_density.2026,baselines/artifacts/sphere2vec_fixed/new_york/new_york.road_density.2026_sphere2vec_spherec_fixed_f64.parquet,entity,"{""crs"": ""EPSG:4326"", ""embedding_dim"": 192, ""entity_id_col"": ""sample_id"", ""frequency_num"": 64, ""max_radius"": 360.0, ""min_radius"": 0.001, ""name"": ""PE"", ""path"": ""baselines/artifacts/sphere2vec_fixed/new_york/new_york.road_density.2026_sphere2vec_spherec_fixed_f64.parquet"", ""task_entity_id_col"": ""sample_id"", ""type"": ""entity"", ""variant"": ""Sphere2Vec-sphereC"", ""x_col"": ""x"", ""y_col"": ""y""}",position_encoding_entity_table,sample_id lookup in a task-specific position-embedding table generated at task coordinates,True,False,False,baselines/artifacts/sphere2vec_fixed/new_york/new_york.road_density.2026_sphere2vec_spherec_fixed_f64.parquet,full
sphere2vec_fixed,PE,new_york,population,new_york.population.2024,baselines/artifacts/sphere2vec_fixed/new_york/new_york.population.2024_sphere2vec_spherec_fixed_f64.parquet,entity,"{""crs"": ""EPSG:4326"", ""embedding_dim"": 192, ""entity_id_col"": ""sample_id"", ""frequency_num"": 64, ""max_radius"": 360.0, ""min_radius"": 0.001, ""name"": ""PE"", ""path"": ""baselines/artifacts/sphere2vec_fixed/new_york/new_york.population.2024_sphere2vec_spherec_fixed_f64.parquet"", ""task_entity_id_col"": ""sample_id"", ""type"": ""entity"", ""variant"": ""Sphere2Vec-sphereC"", ""x_col"": ""x"", ""y_col"": ""y""}",position_encoding_entity_table,sample_id lookup in a task-specific position-embedding table generated at task coordinates,True,False,True,baselines/artifacts/sphere2vec_fixed/new_york/new_york.population.2024_sphere2vec_spherec_fixed_f64.parquet,full
sphere2vec_fixed,PE,new_york,age_distribution,new_york.age_distribution.2024,baselines/artifacts/sphere2vec_fixed/new_york/new_york.age_distribution.2024_sphere2vec_spherec_fixed_f64.parquet,entity,"{""crs"": ""EPSG:4326"", ""embedding_dim"": 192, ""entity_id_col"": ""sample_id"", ""frequency_num"": 64, ""max_radius"": 360.0, ""min_radius"": 0.001, ""name"": ""PE"", ""path"": ""baselines/artifacts/sphere2vec_fixed/new_york/new_york.age_distribution.2024_sphere2vec_spherec_fixed_f64.parquet"", ""task_entity_id_col"": ""sample_id"", ""type"": ""entity"", ""variant"": ""Sphere2Vec-sphereC"", ""x_col"": ""x"", ""y_col"": ""y""}",position_encoding_entity_table,sample_id lookup in a task-specific position-embedding table generated at task coordinates,True,False,False,baselines/artifacts/sphere2vec_fixed/new_york/new_york.age_distribution.2024_sphere2vec_spherec_fixed_f64.parquet,full
sphere2vec_fixed,PE,new_york,gdp,new_york.gdp.2024,baselines/artifacts/sphere2vec_fixed/new_york/new_york.gdp.2024_sphere2vec_spherec_fixed_f64.parquet,entity,"{""crs"": ""EPSG:4326"", ""embedding_dim"": 192, ""entity_id_col"": ""sample_id"", ""frequency_num"": 64, ""max_radius"": 360.0, ""min_radius"": 0.001, ""name"": ""PE"", ""path"": ""baselines/artifacts/sphere2vec_fixed/new_york/new_york.gdp.2024_sphere2vec_spherec_fixed_f64.parquet"", ""task_entity_id_col"": ""sample_id"", ""type"": ""entity"", ""variant"": ""Sphere2Vec-sphereC"", ""x_col"": ""x"", ""y_col"": ""y""}",position_encoding_entity_table,sample_id lookup in a task-specific position-embedding table generated at task coordinates,True,False,False,baselines/artifacts/sphere2vec_fixed/new_york/new_york.gdp.2024_sphere2vec_spherec_fixed_f64.parquet,full
sphere2vec_fixed,PE,new_york,nightlight,new_york.nightlight.2024,baselines/artifacts/sphere2vec_fixed/new_york/new_york.nightlight.2024_sphere2vec_spherec_fixed_f64.parquet,entity,"{""crs"": ""EPSG:4326"", ""embedding_dim"": 192, ""entity_id_col"": ""sample_id"", ""frequency_num"": 64, ""max_radius"": 360.0, ""min_radius"": 0.001, ""name"": ""PE"", ""path"": ""baselines/artifacts/sphere2vec_fixed/new_york/new_york.nightlight.2024_sphere2vec_spherec_fixed_f64.parquet"", ""task_entity_id_col"": ""sample_id"", ""type"": ""entity"", ""variant"": ""Sphere2Vec-sphereC"", ""x_col"": ""x"", ""y_col"": ""y""}",position_encoding_entity_table,sample_id lookup in a task-specific position-embedding table generated at task coordinates,True,False,False,baselines/artifacts/sphere2vec_fixed/new_york/new_york.nightlight.2024_sphere2vec_spherec_fixed_f64.parquet,full
sphere2vec_fixed,PE,new_york,pm25,new_york.pm25.2022,baselines/artifacts/sphere2vec_fixed/new_york/new_york.pm25.2022_sphere2vec_spherec_fixed_f64.parquet,entity,"{""crs"": ""EPSG:4326"", ""embedding_dim"": 192, ""entity_id_col"": ""sample_id"", ""frequency_num"": 64, ""max_radius"": 360.0, ""min_radius"": 0.001, ""name"": ""PE"", ""path"": ""baselines/artifacts/sphere2vec_fixed/new_york/new_york.pm25.2022_sphere2vec_spherec_fixed_f64.parquet"", ""task_entity_id_col"": ""sample_id"", ""type"": ""entity"", ""variant"": ""Sphere2Vec-sphereC"", ""x_col"": ""x"", ""y_col"": ""y""}",position_encoding_entity_table,sample_id lookup in a task-specific position-embedding table generated at task coordinates,True,False,False,baselines/artifacts/sphere2vec_fixed/new_york/new_york.pm25.2022_sphere2vec_spherec_fixed_f64.parquet,full
sphere2vec_fixed,PE,new_york,lst_day_mean,new_york.lst_day_mean.2024,baselines/artifacts/sphere2vec_fixed/new_york/new_york.lst_day_mean.2024_sphere2vec_spherec_fixed_f64.parquet,entity,"{""crs"": ""EPSG:4326"", ""embedding_dim"": 192, ""entity_id_col"": ""sample_id"", ""frequency_num"": 64, ""max_radius"": 360.0, ""min_radius"": 0.001, ""name"": ""PE"", ""path"": ""baselines/artifacts/sphere2vec_fixed/new_york/new_york.lst_day_mean.2024_sphere2vec_spherec_fixed_f64.parquet"", ""task_entity_id_col"": ""sample_id"", ""type"": ""entity"", ""variant"": ""Sphere2Vec-sphereC"", ""x_col"": ""x"", ""y_col"": ""y""}",position_encoding_entity_table,sample_id lookup in a task-specific position-embedding table generated at task coordinates,True,False,False,baselines/artifacts/sphere2vec_fixed/new_york/new_york.lst_day_mean.2024_sphere2vec_spherec_fixed_f64.parquet,full
sphere2vec_fixed,PE,singapore,landuse,singapore.landuse.2026,baselines/artifacts/sphere2vec_fixed/singapore/singapore.landuse.2026_sphere2vec_spherec_fixed_f64.parquet,entity,"{""crs"": ""EPSG:4326"", ""embedding_dim"": 192, ""entity_id_col"": ""sample_id"", ""frequency_num"": 64, ""max_radius"": 360.0, ""min_radius"": 0.001, ""name"": ""PE"", ""path"": ""baselines/artifacts/sphere2vec_fixed/singapore/singapore.landuse.2026_sphere2vec_spherec_fixed_f64.parquet"", ""task_entity_id_col"": ""sample_id"", ""type"": ""entity"", ""variant"": ""Sphere2Vec-sphereC"", ""x_col"": ""x"", ""y_col"": ""y""}",position_encoding_entity_table,sample_id lookup in a task-specific position-embedding table generated at task coordinates,True,False,False,baselines/artifacts/sphere2vec_fixed/singapore/singapore.landuse.2026_sphere2vec_spherec_fixed_f64.parquet,full
sphere2vec_fixed,PE,singapore,road_density,singapore.road_density.2026,baselines/artifacts/sphere2vec_fixed/singapore/singapore.road_density.2026_sphere2vec_spherec_fixed_f64.parquet,entity,"{""crs"": ""EPSG:4326"", ""embedding_dim"": 192, ""entity_id_col"": ""sample_id"", ""frequency_num"": 64, ""max_radius"": 360.0, ""min_radius"": 0.001, ""name"": ""PE"", ""path"": ""baselines/artifacts/sphere2vec_fixed/singapore/singapore.road_density.2026_sphere2vec_spherec_fixed_f64.parquet"", ""task_entity_id_col"": ""sample_id"", ""type"": ""entity"", ""variant"": ""Sphere2Vec-sphereC"", ""x_col"": ""x"", ""y_col"": ""y""}",position_encoding_entity_table,sample_id lookup in a task-specific position-embedding table generated at task coordinates,True,False,False,baselines/artifacts/sphere2vec_fixed/singapore/singapore.road_density.2026_sphere2vec_spherec_fixed_f64.parquet,full
sphere2vec_fixed,PE,singapore,population,singapore.population.2024,baselines/artifacts/sphere2vec_fixed/singapore/singapore.population.2024_sphere2vec_spherec_fixed_f64.parquet,entity,"{""crs"": ""EPSG:4326"", ""embedding_dim"": 192, ""entity_id_col"": ""sample_id"", ""frequency_num"": 64, ""max_radius"": 360.0, ""min_radius"": 0.001, ""name"": ""PE"", ""path"": ""baselines/artifacts/sphere2vec_fixed/singapore/singapore.population.2024_sphere2vec_spherec_fixed_f64.parquet"", ""task_entity_id_col"": ""sample_id"", ""type"": ""entity"", ""variant"": ""Sphere2Vec-sphereC"", ""x_col"": ""x"", ""y_col"": ""y""}",position_encoding_entity_table,sample_id lookup in a task-specific position-embedding table generated at task coordinates,True,False,True,baselines/artifacts/sphere2vec_fixed/singapore/singapore.population.2024_sphere2vec_spherec_fixed_f64.parquet,full
sphere2vec_fixed,PE,singapore,age_distribution,singapore.age_distribution.2024,baselines/artifacts/sphere2vec_fixed/singapore/singapore.age_distribution.2024_sphere2vec_spherec_fixed_f64.parquet,entity,"{""crs"": ""EPSG:4326"", ""embedding_dim"": 192, ""entity_id_col"": ""sample_id"", ""frequency_num"": 64, ""max_radius"": 360.0, ""min_radius"": 0.001, ""name"": ""PE"", ""path"": ""baselines/artifacts/sphere2vec_fixed/singapore/singapore.age_distribution.2024_sphere2vec_spherec_fixed_f64.parquet"", ""task_entity_id_col"": ""sample_id"", ""type"": ""entity"", ""variant"": ""Sphere2Vec-sphereC"", ""x_col"": ""x"", ""y_col"": ""y""}",position_encoding_entity_table,sample_id lookup in a task-specific position-embedding table generated at task coordinates,True,False,False,baselines/artifacts/sphere2vec_fixed/singapore/singapore.age_distribution.2024_sphere2vec_spherec_fixed_f64.parquet,full
sphere2vec_fixed,PE,singapore,gdp,singapore.gdp.2024,baselines/artifacts/sphere2vec_fixed/singapore/singapore.gdp.2024_sphere2vec_spherec_fixed_f64.parquet,entity,"{""crs"": ""EPSG:4326"", ""embedding_dim"": 192, ""entity_id_col"": ""sample_id"", ""frequency_num"": 64, ""max_radius"": 360.0, ""min_radius"": 0.001, ""name"": ""PE"", ""path"": ""baselines/artifacts/sphere2vec_fixed/singapore/singapore.gdp.2024_sphere2vec_spherec_fixed_f64.parquet"", ""task_entity_id_col"": ""sample_id"", ""type"": ""entity"", ""variant"": ""Sphere2Vec-sphereC"", ""x_col"": ""x"", ""y_col"": ""y""}",position_encoding_entity_table,sample_id lookup in a task-specific position-embedding table generated at task coordinates,True,False,False,baselines/artifacts/sphere2vec_fixed/singapore/singapore.gdp.2024_sphere2vec_spherec_fixed_f64.parquet,full
sphere2vec_fixed,PE,singapore,nightlight,singapore.nightlight.2024,baselines/artifacts/sphere2vec_fixed/singapore/singapore.nightlight.2024_sphere2vec_spherec_fixed_f64.parquet,entity,"{""crs"": ""EPSG:4326"", ""embedding_dim"": 192, ""entity_id_col"": ""sample_id"", ""frequency_num"": 64, ""max_radius"": 360.0, ""min_radius"": 0.001, ""name"": ""PE"", ""path"": ""baselines/artifacts/sphere2vec_fixed/singapore/singapore.nightlight.2024_sphere2vec_spherec_fixed_f64.parquet"", ""task_entity_id_col"": ""sample_id"", ""type"": ""entity"", ""variant"": ""Sphere2Vec-sphereC"", ""x_col"": ""x"", ""y_col"": ""y""}",position_encoding_entity_table,sample_id lookup in a task-specific position-embedding table generated at task coordinates,True,False,False,baselines/artifacts/sphere2vec_fixed/singapore/singapore.nightlight.2024_sphere2vec_spherec_fixed_f64.parquet,full
sphere2vec_fixed,PE,singapore,pm25,singapore.pm25.2022,baselines/artifacts/sphere2vec_fixed/singapore/singapore.pm25.2022_sphere2vec_spherec_fixed_f64.parquet,entity,"{""crs"": ""EPSG:4326"", ""embedding_dim"": 192, ""entity_id_col"": ""sample_id"", ""frequency_num"": 64, ""max_radius"": 360.0, ""min_radius"": 0.001, ""name"": ""PE"", ""path"": ""baselines/artifacts/sphere2vec_fixed/singapore/singapore.pm25.2022_sphere2vec_spherec_fixed_f64.parquet"", ""task_entity_id_col"": ""sample_id"", ""type"": ""entity"", ""variant"": ""Sphere2Vec-sphereC"", ""x_col"": ""x"", ""y_col"": ""y""}",position_encoding_entity_table,sample_id lookup in a task-specific position-embedding table generated at task coordinates,True,False,False,baselines/artifacts/sphere2vec_fixed/singapore/singapore.pm25.2022_sphere2vec_spherec_fixed_f64.parquet,full
sphere2vec_fixed,PE,singapore,lst_day_mean,singapore.lst_day_mean.2024,baselines/artifacts/sphere2vec_fixed/singapore/singapore.lst_day_mean.2024_sphere2vec_spherec_fixed_f64.parquet,entity,"{""crs"": ""EPSG:4326"", ""embedding_dim"": 192, ""entity_id_col"": ""sample_id"", ""frequency_num"": 64, ""max_radius"": 360.0, ""min_radius"": 0.001, ""name"": ""PE"", ""path"": ""baselines/artifacts/sphere2vec_fixed/singapore/singapore.lst_day_mean.2024_sphere2vec_spherec_fixed_f64.parquet"", ""task_entity_id_col"": ""sample_id"", ""type"": ""entity"", ""variant"": ""Sphere2Vec-sphereC"", ""x_col"": ""x"", ""y_col"": ""y""}",position_encoding_entity_table,sample_id lookup in a task-specific position-embedding table generated at task coordinates,True,False,False,baselines/artifacts/sphere2vec_fixed/singapore/singapore.lst_day_mean.2024_sphere2vec_spherec_fixed_f64.parquet,full
sphere2vec_fixed,PE,sydney,landuse,sydney.landuse.2026,baselines/artifacts/sphere2vec_fixed/sydney/sydney.landuse.2026_sphere2vec_spherec_fixed_f64.parquet,entity,"{""crs"": ""EPSG:4326"", ""embedding_dim"": 192, ""entity_id_col"": ""sample_id"", ""frequency_num"": 64, ""max_radius"": 360.0, ""min_radius"": 0.001, ""name"": ""PE"", ""path"": ""baselines/artifacts/sphere2vec_fixed/sydney/sydney.landuse.2026_sphere2vec_spherec_fixed_f64.parquet"", ""task_entity_id_col"": ""sample_id"", ""type"": ""entity"", ""variant"": ""Sphere2Vec-sphereC"", ""x_col"": ""x"", ""y_col"": ""y""}",position_encoding_entity_table,sample_id lookup in a task-specific position-embedding table generated at task coordinates,True,False,False,baselines/artifacts/sphere2vec_fixed/sydney/sydney.landuse.2026_sphere2vec_spherec_fixed_f64.parquet,full
sphere2vec_fixed,PE,sydney,road_density,sydney.road_density.2026,baselines/artifacts/sphere2vec_fixed/sydney/sydney.road_density.2026_sphere2vec_spherec_fixed_f64.parquet,entity,"{""crs"": ""EPSG:4326"", ""embedding_dim"": 192, ""entity_id_col"": ""sample_id"", ""frequency_num"": 64, ""max_radius"": 360.0, ""min_radius"": 0.001, ""name"": ""PE"", ""path"": ""baselines/artifacts/sphere2vec_fixed/sydney/sydney.road_density.2026_sphere2vec_spherec_fixed_f64.parquet"", ""task_entity_id_col"": ""sample_id"", ""type"": ""entity"", ""variant"": ""Sphere2Vec-sphereC"", ""x_col"": ""x"", ""y_col"": ""y""}",position_encoding_entity_table,sample_id lookup in a task-specific position-embedding table generated at task coordinates,True,False,False,baselines/artifacts/sphere2vec_fixed/sydney/sydney.road_density.2026_sphere2vec_spherec_fixed_f64.parquet,full
sphere2vec_fixed,PE,sydney,population,sydney.population.2024,baselines/artifacts/sphere2vec_fixed/sydney/sydney.population.2024_sphere2vec_spherec_fixed_f64.parquet,entity,"{""crs"": ""EPSG:4326"", ""embedding_dim"": 192, ""entity_id_col"": ""sample_id"", ""frequency_num"": 64, ""max_radius"": 360.0, ""min_radius"": 0.001, ""name"": ""PE"", ""path"": ""baselines/artifacts/sphere2vec_fixed/sydney/sydney.population.2024_sphere2vec_spherec_fixed_f64.parquet"", ""task_entity_id_col"": ""sample_id"", ""type"": ""entity"", ""variant"": ""Sphere2Vec-sphereC"", ""x_col"": ""x"", ""y_col"": ""y""}",position_encoding_entity_table,sample_id lookup in a task-specific position-embedding table generated at task coordinates,True,False,True,baselines/artifacts/sphere2vec_fixed/sydney/sydney.population.2024_sphere2vec_spherec_fixed_f64.parquet,full
sphere2vec_fixed,PE,sydney,age_distribution,sydney.age_distribution.2024,baselines/artifacts/sphere2vec_fixed/sydney/sydney.age_distribution.2024_sphere2vec_spherec_fixed_f64.parquet,entity,"{""crs"": ""EPSG:4326"", ""embedding_dim"": 192, ""entity_id_col"": ""sample_id"", ""frequency_num"": 64, ""max_radius"": 360.0, ""min_radius"": 0.001, ""name"": ""PE"", ""path"": ""baselines/artifacts/sphere2vec_fixed/sydney/sydney.age_distribution.2024_sphere2vec_spherec_fixed_f64.parquet"", ""task_entity_id_col"": ""sample_id"", ""type"": ""entity"", ""variant"": ""Sphere2Vec-sphereC"", ""x_col"": ""x"", ""y_col"": ""y""}",position_encoding_entity_table,sample_id lookup in a task-specific position-embedding table generated at task coordinates,True,False,False,baselines/artifacts/sphere2vec_fixed/sydney/sydney.age_distribution.2024_sphere2vec_spherec_fixed_f64.parquet,full
sphere2vec_fixed,PE,sydney,gdp,sydney.gdp.2024,baselines/artifacts/sphere2vec_fixed/sydney/sydney.gdp.2024_sphere2vec_spherec_fixed_f64.parquet,entity,"{""crs"": ""EPSG:4326"", ""embedding_dim"": 192, ""entity_id_col"": ""sample_id"", ""frequency_num"": 64, ""max_radius"": 360.0, ""min_radius"": 0.001, ""name"": ""PE"", ""path"": ""baselines/artifacts/sphere2vec_fixed/sydney/sydney.gdp.2024_sphere2vec_spherec_fixed_f64.parquet"", ""task_entity_id_col"": ""sample_id"", ""type"": ""entity"", ""variant"": ""Sphere2Vec-sphereC"", ""x_col"": ""x"", ""y_col"": ""y""}",position_encoding_entity_table,sample_id lookup in a task-specific position-embedding table generated at task coordinates,True,False,False,baselines/artifacts/sphere2vec_fixed/sydney/sydney.gdp.2024_sphere2vec_spherec_fixed_f64.parquet,full
sphere2vec_fixed,PE,sydney,nightlight,sydney.nightlight.2024,baselines/artifacts/sphere2vec_fixed/sydney/sydney.nightlight.2024_sphere2vec_spherec_fixed_f64.parquet,entity,"{""crs"": ""EPSG:4326"", ""embedding_dim"": 192, ""entity_id_col"": ""sample_id"", ""frequency_num"": 64, ""max_radius"": 360.0, ""min_radius"": 0.001, ""name"": ""PE"", ""path"": ""baselines/artifacts/sphere2vec_fixed/sydney/sydney.nightlight.2024_sphere2vec_spherec_fixed_f64.parquet"", ""task_entity_id_col"": ""sample_id"", ""type"": ""entity"", ""variant"": ""Sphere2Vec-sphereC"", ""x_col"": ""x"", ""y_col"": ""y""}",position_encoding_entity_table,sample_id lookup in a task-specific position-embedding table generated at task coordinates,True,False,False,baselines/artifacts/sphere2vec_fixed/sydney/sydney.nightlight.2024_sphere2vec_spherec_fixed_f64.parquet,full
sphere2vec_fixed,PE,sydney,pm25,sydney.pm25.2022,baselines/artifacts/sphere2vec_fixed/sydney/sydney.pm25.2022_sphere2vec_spherec_fixed_f64.parquet,entity,"{""crs"": ""EPSG:4326"", ""embedding_dim"": 192, ""entity_id_col"": ""sample_id"", ""frequency_num"": 64, ""max_radius"": 360.0, ""min_radius"": 0.001, ""name"": ""PE"", ""path"": ""baselines/artifacts/sphere2vec_fixed/sydney/sydney.pm25.2022_sphere2vec_spherec_fixed_f64.parquet"", ""task_entity_id_col"": ""sample_id"", ""type"": ""entity"", ""variant"": ""Sphere2Vec-sphereC"", ""x_col"": ""x"", ""y_col"": ""y""}",position_encoding_entity_table,sample_id lookup in a task-specific position-embedding table generated at task coordinates,True,False,False,baselines/artifacts/sphere2vec_fixed/sydney/sydney.pm25.2022_sphere2vec_spherec_fixed_f64.parquet,full
sphere2vec_fixed,PE,sydney,lst_day_mean,sydney.lst_day_mean.2024,baselines/artifacts/sphere2vec_fixed/sydney/sydney.lst_day_mean.2024_sphere2vec_spherec_fixed_f64.parquet,entity,"{""crs"": ""EPSG:4326"", ""embedding_dim"": 192, ""entity_id_col"": ""sample_id"", ""frequency_num"": 64, ""max_radius"": 360.0, ""min_radius"": 0.001, ""name"": ""PE"", ""path"": ""baselines/artifacts/sphere2vec_fixed/sydney/sydney.lst_day_mean.2024_sphere2vec_spherec_fixed_f64.parquet"", ""task_entity_id_col"": ""sample_id"", ""type"": ""entity"", ""variant"": ""Sphere2Vec-sphereC"", ""x_col"": ""x"", ""y_col"": ""y""}",position_encoding_entity_table,sample_id lookup in a task-specific position-embedding table generated at task coordinates,True,False,False,baselines/artifacts/sphere2vec_fixed/sydney/sydney.lst_day_mean.2024_sphere2vec_spherec_fixed_f64.parquet,full
sphere2vec_fixed,PE,mumbai,landuse,mumbai.landuse.2026,baselines/artifacts/sphere2vec_fixed/mumbai/mumbai.landuse.2026_sphere2vec_spherec_fixed_f64.parquet,entity,"{""crs"": ""EPSG:4326"", ""embedding_dim"": 192, ""entity_id_col"": ""sample_id"", ""frequency_num"": 64, ""max_radius"": 360.0, ""min_radius"": 0.001, ""name"": ""PE"", ""path"": ""baselines/artifacts/sphere2vec_fixed/mumbai/mumbai.landuse.2026_sphere2vec_spherec_fixed_f64.parquet"", ""task_entity_id_col"": ""sample_id"", ""type"": ""entity"", ""variant"": ""Sphere2Vec-sphereC"", ""x_col"": ""x"", ""y_col"": ""y""}",position_encoding_entity_table,sample_id lookup in a task-specific position-embedding table generated at task coordinates,True,False,False,baselines/artifacts/sphere2vec_fixed/mumbai/mumbai.landuse.2026_sphere2vec_spherec_fixed_f64.parquet,full
sphere2vec_fixed,PE,mumbai,road_density,mumbai.road_density.2026,baselines/artifacts/sphere2vec_fixed/mumbai/mumbai.road_density.2026_sphere2vec_spherec_fixed_f64.parquet,entity,"{""crs"": ""EPSG:4326"", ""embedding_dim"": 192, ""entity_id_col"": ""sample_id"", ""frequency_num"": 64, ""max_radius"": 360.0, ""min_radius"": 0.001, ""name"": ""PE"", ""path"": ""baselines/artifacts/sphere2vec_fixed/mumbai/mumbai.road_density.2026_sphere2vec_spherec_fixed_f64.parquet"", ""task_entity_id_col"": ""sample_id"", ""type"": ""entity"", ""variant"": ""Sphere2Vec-sphereC"", ""x_col"": ""x"", ""y_col"": ""y""}",position_encoding_entity_table,sample_id lookup in a task-specific position-embedding table generated at task coordinates,True,False,False,baselines/artifacts/sphere2vec_fixed/mumbai/mumbai.road_density.2026_sphere2vec_spherec_fixed_f64.parquet,full
sphere2vec_fixed,PE,mumbai,population,mumbai.population.2024,baselines/artifacts/sphere2vec_fixed/mumbai/mumbai.population.2024_sphere2vec_spherec_fixed_f64.parquet,entity,"{""crs"": ""EPSG:4326"", ""embedding_dim"": 192, ""entity_id_col"": ""sample_id"", ""frequency_num"": 64, ""max_radius"": 360.0, ""min_radius"": 0.001, ""name"": ""PE"", ""path"": ""baselines/artifacts/sphere2vec_fixed/mumbai/mumbai.population.2024_sphere2vec_spherec_fixed_f64.parquet"", ""task_entity_id_col"": ""sample_id"", ""type"": ""entity"", ""variant"": ""Sphere2Vec-sphereC"", ""x_col"": ""x"", ""y_col"": ""y""}",position_encoding_entity_table,sample_id lookup in a task-specific position-embedding table generated at task coordinates,True,False,True,baselines/artifacts/sphere2vec_fixed/mumbai/mumbai.population.2024_sphere2vec_spherec_fixed_f64.parquet,full
sphere2vec_fixed,PE,mumbai,age_distribution,mumbai.age_distribution.2024,baselines/artifacts/sphere2vec_fixed/mumbai/mumbai.age_distribution.2024_sphere2vec_spherec_fixed_f64.parquet,entity,"{""crs"": ""EPSG:4326"", ""embedding_dim"": 192, ""entity_id_col"": ""sample_id"", ""frequency_num"": 64, ""max_radius"": 360.0, ""min_radius"": 0.001, ""name"": ""PE"", ""path"": ""baselines/artifacts/sphere2vec_fixed/mumbai/mumbai.age_distribution.2024_sphere2vec_spherec_fixed_f64.parquet"", ""task_entity_id_col"": ""sample_id"", ""type"": ""entity"", ""variant"": ""Sphere2Vec-sphereC"", ""x_col"": ""x"", ""y_col"": ""y""}",position_encoding_entity_table,sample_id lookup in a task-specific position-embedding table generated at task coordinates,True,False,False,baselines/artifacts/sphere2vec_fixed/mumbai/mumbai.age_distribution.2024_sphere2vec_spherec_fixed_f64.parquet,full
sphere2vec_fixed,PE,mumbai,gdp,mumbai.gdp.2024,baselines/artifacts/sphere2vec_fixed/mumbai/mumbai.gdp.2024_sphere2vec_spherec_fixed_f64.parquet,entity,"{""crs"": ""EPSG:4326"", ""embedding_dim"": 192, ""entity_id_col"": ""sample_id"", ""frequency_num"": 64, ""max_radius"": 360.0, ""min_radius"": 0.001, ""name"": ""PE"", ""path"": ""baselines/artifacts/sphere2vec_fixed/mumbai/mumbai.gdp.2024_sphere2vec_spherec_fixed_f64.parquet"", ""task_entity_id_col"": ""sample_id"", ""type"": ""entity"", ""variant"": ""Sphere2Vec-sphereC"", ""x_col"": ""x"", ""y_col"": ""y""}",position_encoding_entity_table,sample_id lookup in a task-specific position-embedding table generated at task coordinates,True,False,False,baselines/artifacts/sphere2vec_fixed/mumbai/mumbai.gdp.2024_sphere2vec_spherec_fixed_f64.parquet,full
sphere2vec_fixed,PE,mumbai,nightlight,mumbai.nightlight.2024,baselines/artifacts/sphere2vec_fixed/mumbai/mumbai.nightlight.2024_sphere2vec_spherec_fixed_f64.parquet,entity,"{""crs"": ""EPSG:4326"", ""embedding_dim"": 192, ""entity_id_col"": ""sample_id"", ""frequency_num"": 64, ""max_radius"": 360.0, ""min_radius"": 0.001, ""name"": ""PE"", ""path"": ""baselines/artifacts/sphere2vec_fixed/mumbai/mumbai.nightlight.2024_sphere2vec_spherec_fixed_f64.parquet"", ""task_entity_id_col"": ""sample_id"", ""type"": ""entity"", ""variant"": ""Sphere2Vec-sphereC"", ""x_col"": ""x"", ""y_col"": ""y""}",position_encoding_entity_table,sample_id lookup in a task-specific position-embedding table generated at task coordinates,True,False,False,baselines/artifacts/sphere2vec_fixed/mumbai/mumbai.nightlight.2024_sphere2vec_spherec_fixed_f64.parquet,full
sphere2vec_fixed,PE,mumbai,pm25,mumbai.pm25.2022,baselines/artifacts/sphere2vec_fixed/mumbai/mumbai.pm25.2022_sphere2vec_spherec_fixed_f64.parquet,entity,"{""crs"": ""EPSG:4326"", ""embedding_dim"": 192, ""entity_id_col"": ""sample_id"", ""frequency_num"": 64, ""max_radius"": 360.0, ""min_radius"": 0.001, ""name"": ""PE"", ""path"": ""baselines/artifacts/sphere2vec_fixed/mumbai/mumbai.pm25.2022_sphere2vec_spherec_fixed_f64.parquet"", ""task_entity_id_col"": ""sample_id"", ""type"": ""entity"", ""variant"": ""Sphere2Vec-sphereC"", ""x_col"": ""x"", ""y_col"": ""y""}",position_encoding_entity_table,sample_id lookup in a task-specific position-embedding table generated at task coordinates,True,False,False,baselines/artifacts/sphere2vec_fixed/mumbai/mumbai.pm25.2022_sphere2vec_spherec_fixed_f64.parquet,full
sphere2vec_fixed,PE,mumbai,lst_day_mean,mumbai.lst_day_mean.2024,baselines/artifacts/sphere2vec_fixed/mumbai/mumbai.lst_day_mean.2024_sphere2vec_spherec_fixed_f64.parquet,entity,"{""crs"": ""EPSG:4326"", ""embedding_dim"": 192, ""entity_id_col"": ""sample_id"", ""frequency_num"": 64, ""max_radius"": 360.0, ""min_radius"": 0.001, ""name"": ""PE"", ""path"": ""baselines/artifacts/sphere2vec_fixed/mumbai/mumbai.lst_day_mean.2024_sphere2vec_spherec_fixed_f64.parquet"", ""task_entity_id_col"": ""sample_id"", ""type"": ""entity"", ""variant"": ""Sphere2Vec-sphereC"", ""x_col"": ""x"", ""y_col"": ""y""}",position_encoding_entity_table,sample_id lookup in a task-specific position-embedding table generated at task coordinates,True,False,False,baselines/artifacts/sphere2vec_fixed/mumbai/mumbai.lst_day_mean.2024_sphere2vec_spherec_fixed_f64.parquet,full
sphere2vec_fixed,PE,nairobi,landuse,nairobi.landuse.2026,baselines/artifacts/sphere2vec_fixed/nairobi/nairobi.landuse.2026_sphere2vec_spherec_fixed_f64.parquet,entity,"{""crs"": ""EPSG:4326"", ""embedding_dim"": 192, ""entity_id_col"": ""sample_id"", ""frequency_num"": 64, ""max_radius"": 360.0, ""min_radius"": 0.001, ""name"": ""PE"", ""path"": ""baselines/artifacts/sphere2vec_fixed/nairobi/nairobi.landuse.2026_sphere2vec_spherec_fixed_f64.parquet"", ""task_entity_id_col"": ""sample_id"", ""type"": ""entity"", ""variant"": ""Sphere2Vec-sphereC"", ""x_col"": ""x"", ""y_col"": ""y""}",position_encoding_entity_table,sample_id lookup in a task-specific position-embedding table generated at task coordinates,True,False,False,baselines/artifacts/sphere2vec_fixed/nairobi/nairobi.landuse.2026_sphere2vec_spherec_fixed_f64.parquet,full
sphere2vec_fixed,PE,nairobi,road_density,nairobi.road_density.2026,baselines/artifacts/sphere2vec_fixed/nairobi/nairobi.road_density.2026_sphere2vec_spherec_fixed_f64.parquet,entity,"{""crs"": ""EPSG:4326"", ""embedding_dim"": 192, ""entity_id_col"": ""sample_id"", ""frequency_num"": 64, ""max_radius"": 360.0, ""min_radius"": 0.001, ""name"": ""PE"", ""path"": ""baselines/artifacts/sphere2vec_fixed/nairobi/nairobi.road_density.2026_sphere2vec_spherec_fixed_f64.parquet"", ""task_entity_id_col"": ""sample_id"", ""type"": ""entity"", ""variant"": ""Sphere2Vec-sphereC"", ""x_col"": ""x"", ""y_col"": ""y""}",position_encoding_entity_table,sample_id lookup in a task-specific position-embedding table generated at task coordinates,True,False,False,baselines/artifacts/sphere2vec_fixed/nairobi/nairobi.road_density.2026_sphere2vec_spherec_fixed_f64.parquet,full
sphere2vec_fixed,PE,nairobi,population,nairobi.population.2024,baselines/artifacts/sphere2vec_fixed/nairobi/nairobi.population.2024_sphere2vec_spherec_fixed_f64.parquet,entity,"{""crs"": ""EPSG:4326"", ""embedding_dim"": 192, ""entity_id_col"": ""sample_id"", ""frequency_num"": 64, ""max_radius"": 360.0, ""min_radius"": 0.001, ""name"": ""PE"", ""path"": ""baselines/artifacts/sphere2vec_fixed/nairobi/nairobi.population.2024_sphere2vec_spherec_fixed_f64.parquet"", ""task_entity_id_col"": ""sample_id"", ""type"": ""entity"", ""variant"": ""Sphere2Vec-sphereC"", ""x_col"": ""x"", ""y_col"": ""y""}",position_encoding_entity_table,sample_id lookup in a task-specific position-embedding table generated at task coordinates,True,False,True,baselines/artifacts/sphere2vec_fixed/nairobi/nairobi.population.2024_sphere2vec_spherec_fixed_f64.parquet,full
sphere2vec_fixed,PE,nairobi,age_distribution,nairobi.age_distribution.2024,baselines/artifacts/sphere2vec_fixed/nairobi/nairobi.age_distribution.2024_sphere2vec_spherec_fixed_f64.parquet,entity,"{""crs"": ""EPSG:4326"", ""embedding_dim"": 192, ""entity_id_col"": ""sample_id"", ""frequency_num"": 64, ""max_radius"": 360.0, ""min_radius"": 0.001, ""name"": ""PE"", ""path"": ""baselines/artifacts/sphere2vec_fixed/nairobi/nairobi.age_distribution.2024_sphere2vec_spherec_fixed_f64.parquet"", ""task_entity_id_col"": ""sample_id"", ""type"": ""entity"", ""variant"": ""Sphere2Vec-sphereC"", ""x_col"": ""x"", ""y_col"": ""y""}",position_encoding_entity_table,sample_id lookup in a task-specific position-embedding table generated at task coordinates,True,False,False,baselines/artifacts/sphere2vec_fixed/nairobi/nairobi.age_distribution.2024_sphere2vec_spherec_fixed_f64.parquet,full
sphere2vec_fixed,PE,nairobi,gdp,nairobi.gdp.2024,baselines/artifacts/sphere2vec_fixed/nairobi/nairobi.gdp.2024_sphere2vec_spherec_fixed_f64.parquet,entity,"{""crs"": ""EPSG:4326"", ""embedding_dim"": 192, ""entity_id_col"": ""sample_id"", ""frequency_num"": 64, ""max_radius"": 360.0, ""min_radius"": 0.001, ""name"": ""PE"", ""path"": ""baselines/artifacts/sphere2vec_fixed/nairobi/nairobi.gdp.2024_sphere2vec_spherec_fixed_f64.parquet"", ""task_entity_id_col"": ""sample_id"", ""type"": ""entity"", ""variant"": ""Sphere2Vec-sphereC"", ""x_col"": ""x"", ""y_col"": ""y""}",position_encoding_entity_table,sample_id lookup in a task-specific position-embedding table generated at task coordinates,True,False,False,baselines/artifacts/sphere2vec_fixed/nairobi/nairobi.gdp.2024_sphere2vec_spherec_fixed_f64.parquet,full
sphere2vec_fixed,PE,nairobi,nightlight,nairobi.nightlight.2024,baselines/artifacts/sphere2vec_fixed/nairobi/nairobi.nightlight.2024_sphere2vec_spherec_fixed_f64.parquet,entity,"{""crs"": ""EPSG:4326"", ""embedding_dim"": 192, ""entity_id_col"": ""sample_id"", ""frequency_num"": 64, ""max_radius"": 360.0, ""min_radius"": 0.001, ""name"": ""PE"", ""path"": ""baselines/artifacts/sphere2vec_fixed/nairobi/nairobi.nightlight.2024_sphere2vec_spherec_fixed_f64.parquet"", ""task_entity_id_col"": ""sample_id"", ""type"": ""entity"", ""variant"": ""Sphere2Vec-sphereC"", ""x_col"": ""x"", ""y_col"": ""y""}",position_encoding_entity_table,sample_id lookup in a task-specific position-embedding table generated at task coordinates,True,False,False,baselines/artifacts/sphere2vec_fixed/nairobi/nairobi.nightlight.2024_sphere2vec_spherec_fixed_f64.parquet,full
sphere2vec_fixed,PE,nairobi,pm25,nairobi.pm25.2022,baselines/artifacts/sphere2vec_fixed/nairobi/nairobi.pm25.2022_sphere2vec_spherec_fixed_f64.parquet,entity,"{""crs"": ""EPSG:4326"", ""embedding_dim"": 192, ""entity_id_col"": ""sample_id"", ""frequency_num"": 64, ""max_radius"": 360.0, ""min_radius"": 0.001, ""name"": ""PE"", ""path"": ""baselines/artifacts/sphere2vec_fixed/nairobi/nairobi.pm25.2022_sphere2vec_spherec_fixed_f64.parquet"", ""task_entity_id_col"": ""sample_id"", ""type"": ""entity"", ""variant"": ""Sphere2Vec-sphereC"", ""x_col"": ""x"", ""y_col"": ""y""}",position_encoding_entity_table,sample_id lookup in a task-specific position-embedding table generated at task coordinates,True,False,False,baselines/artifacts/sphere2vec_fixed/nairobi/nairobi.pm25.2022_sphere2vec_spherec_fixed_f64.parquet,full
sphere2vec_fixed,PE,nairobi,lst_day_mean,nairobi.lst_day_mean.2024,baselines/artifacts/sphere2vec_fixed/nairobi/nairobi.lst_day_mean.2024_sphere2vec_spherec_fixed_f64.parquet,entity,"{""crs"": ""EPSG:4326"", ""embedding_dim"": 192, ""entity_id_col"": ""sample_id"", ""frequency_num"": 64, ""max_radius"": 360.0, ""min_radius"": 0.001, ""name"": ""PE"", ""path"": ""baselines/artifacts/sphere2vec_fixed/nairobi/nairobi.lst_day_mean.2024_sphere2vec_spherec_fixed_f64.parquet"", ""task_entity_id_col"": ""sample_id"", ""type"": ""entity"", ""variant"": ""Sphere2Vec-sphereC"", ""x_col"": ""x"", ""y_col"": ""y""}",position_encoding_entity_table,sample_id lookup in a task-specific position-embedding table generated at task coordinates,True,False,False,baselines/artifacts/sphere2vec_fixed/nairobi/nairobi.lst_day_mean.2024_sphere2vec_spherec_fixed_f64.parquet,full
sphere2vec_fixed,PE,jakarta,landuse,jakarta.landuse.2026,baselines/artifacts/sphere2vec_fixed/jakarta/jakarta.landuse.2026_sphere2vec_spherec_fixed_f64.parquet,entity,"{""crs"": ""EPSG:4326"", ""embedding_dim"": 192, ""entity_id_col"": ""sample_id"", ""frequency_num"": 64, ""max_radius"": 360.0, ""min_radius"": 0.001, ""name"": ""PE"", ""path"": ""baselines/artifacts/sphere2vec_fixed/jakarta/jakarta.landuse.2026_sphere2vec_spherec_fixed_f64.parquet"", ""task_entity_id_col"": ""sample_id"", ""type"": ""entity"", ""variant"": ""Sphere2Vec-sphereC"", ""x_col"": ""x"", ""y_col"": ""y""}",position_encoding_entity_table,sample_id lookup in a task-specific position-embedding table generated at task coordinates,True,False,False,baselines/artifacts/sphere2vec_fixed/jakarta/jakarta.landuse.2026_sphere2vec_spherec_fixed_f64.parquet,full
sphere2vec_fixed,PE,jakarta,road_density,jakarta.road_density.2026,baselines/artifacts/sphere2vec_fixed/jakarta/jakarta.road_density.2026_sphere2vec_spherec_fixed_f64.parquet,entity,"{""crs"": ""EPSG:4326"", ""embedding_dim"": 192, ""entity_id_col"": ""sample_id"", ""frequency_num"": 64, ""max_radius"": 360.0, ""min_radius"": 0.001, ""name"": ""PE"", ""path"": ""baselines/artifacts/sphere2vec_fixed/jakarta/jakarta.road_density.2026_sphere2vec_spherec_fixed_f64.parquet"", ""task_entity_id_col"": ""sample_id"", ""type"": ""entity"", ""variant"": ""Sphere2Vec-sphereC"", ""x_col"": ""x"", ""y_col"": ""y""}",position_encoding_entity_table,sample_id lookup in a task-specific position-embedding table generated at task coordinates,True,False,False,baselines/artifacts/sphere2vec_fixed/jakarta/jakarta.road_density.2026_sphere2vec_spherec_fixed_f64.parquet,full
sphere2vec_fixed,PE,jakarta,population,jakarta.population.2024,baselines/artifacts/sphere2vec_fixed/jakarta/jakarta.population.2024_sphere2vec_spherec_fixed_f64.parquet,entity,"{""crs"": ""EPSG:4326"", ""embedding_dim"": 192, ""entity_id_col"": ""sample_id"", ""frequency_num"": 64, ""max_radius"": 360.0, ""min_radius"": 0.001, ""name"": ""PE"", ""path"": ""baselines/artifacts/sphere2vec_fixed/jakarta/jakarta.population.2024_sphere2vec_spherec_fixed_f64.parquet"", ""task_entity_id_col"": ""sample_id"", ""type"": ""entity"", ""variant"": ""Sphere2Vec-sphereC"", ""x_col"": ""x"", ""y_col"": ""y""}",position_encoding_entity_table,sample_id lookup in a task-specific position-embedding table generated at task coordinates,True,False,True,baselines/artifacts/sphere2vec_fixed/jakarta/jakarta.population.2024_sphere2vec_spherec_fixed_f64.parquet,full
sphere2vec_fixed,PE,jakarta,age_distribution,jakarta.age_distribution.2024,baselines/artifacts/sphere2vec_fixed/jakarta/jakarta.age_distribution.2024_sphere2vec_spherec_fixed_f64.parquet,entity,"{""crs"": ""EPSG:4326"", ""embedding_dim"": 192, ""entity_id_col"": ""sample_id"", ""frequency_num"": 64, ""max_radius"": 360.0, ""min_radius"": 0.001, ""name"": ""PE"", ""path"": ""baselines/artifacts/sphere2vec_fixed/jakarta/jakarta.age_distribution.2024_sphere2vec_spherec_fixed_f64.parquet"", ""task_entity_id_col"": ""sample_id"", ""type"": ""entity"", ""variant"": ""Sphere2Vec-sphereC"", ""x_col"": ""x"", ""y_col"": ""y""}",position_encoding_entity_table,sample_id lookup in a task-specific position-embedding table generated at task coordinates,True,False,False,baselines/artifacts/sphere2vec_fixed/jakarta/jakarta.age_distribution.2024_sphere2vec_spherec_fixed_f64.parquet,full
sphere2vec_fixed,PE,jakarta,gdp,jakarta.gdp.2024,baselines/artifacts/sphere2vec_fixed/jakarta/jakarta.gdp.2024_sphere2vec_spherec_fixed_f64.parquet,entity,"{""crs"": ""EPSG:4326"", ""embedding_dim"": 192, ""entity_id_col"": ""sample_id"", ""frequency_num"": 64, ""max_radius"": 360.0, ""min_radius"": 0.001, ""name"": ""PE"", ""path"": ""baselines/artifacts/sphere2vec_fixed/jakarta/jakarta.gdp.2024_sphere2vec_spherec_fixed_f64.parquet"", ""task_entity_id_col"": ""sample_id"", ""type"": ""entity"", ""variant"": ""Sphere2Vec-sphereC"", ""x_col"": ""x"", ""y_col"": ""y""}",position_encoding_entity_table,sample_id lookup in a task-specific position-embedding table generated at task coordinates,True,False,False,baselines/artifacts/sphere2vec_fixed/jakarta/jakarta.gdp.2024_sphere2vec_spherec_fixed_f64.parquet,full
sphere2vec_fixed,PE,jakarta,nightlight,jakarta.nightlight.2024,baselines/artifacts/sphere2vec_fixed/jakarta/jakarta.nightlight.2024_sphere2vec_spherec_fixed_f64.parquet,entity,"{""crs"": ""EPSG:4326"", ""embedding_dim"": 192, ""entity_id_col"": ""sample_id"", ""frequency_num"": 64, ""max_radius"": 360.0, ""min_radius"": 0.001, ""name"": ""PE"", ""path"": ""baselines/artifacts/sphere2vec_fixed/jakarta/jakarta.nightlight.2024_sphere2vec_spherec_fixed_f64.parquet"", ""task_entity_id_col"": ""sample_id"", ""type"": ""entity"", ""variant"": ""Sphere2Vec-sphereC"", ""x_col"": ""x"", ""y_col"": ""y""}",position_encoding_entity_table,sample_id lookup in a task-specific position-embedding table generated at task coordinates,True,False,False,baselines/artifacts/sphere2vec_fixed/jakarta/jakarta.nightlight.2024_sphere2vec_spherec_fixed_f64.parquet,full
sphere2vec_fixed,PE,jakarta,pm25,jakarta.pm25.2022,baselines/artifacts/sphere2vec_fixed/jakarta/jakarta.pm25.2022_sphere2vec_spherec_fixed_f64.parquet,entity,"{""crs"": ""EPSG:4326"", ""embedding_dim"": 192, ""entity_id_col"": ""sample_id"", ""frequency_num"": 64, ""max_radius"": 360.0, ""min_radius"": 0.001, ""name"": ""PE"", ""path"": ""baselines/artifacts/sphere2vec_fixed/jakarta/jakarta.pm25.2022_sphere2vec_spherec_fixed_f64.parquet"", ""task_entity_id_col"": ""sample_id"", ""type"": ""entity"", ""variant"": ""Sphere2Vec-sphereC"", ""x_col"": ""x"", ""y_col"": ""y""}",position_encoding_entity_table,sample_id lookup in a task-specific position-embedding table generated at task coordinates,True,False,False,baselines/artifacts/sphere2vec_fixed/jakarta/jakarta.pm25.2022_sphere2vec_spherec_fixed_f64.parquet,full
sphere2vec_fixed,PE,jakarta,lst_day_mean,jakarta.lst_day_mean.2024,baselines/artifacts/sphere2vec_fixed/jakarta/jakarta.lst_day_mean.2024_sphere2vec_spherec_fixed_f64.parquet,entity,"{""crs"": ""EPSG:4326"", ""embedding_dim"": 192, ""entity_id_col"": ""sample_id"", ""frequency_num"": 64, ""max_radius"": 360.0, ""min_radius"": 0.001, ""name"": ""PE"", ""path"": ""baselines/artifacts/sphere2vec_fixed/jakarta/jakarta.lst_day_mean.2024_sphere2vec_spherec_fixed_f64.parquet"", ""task_entity_id_col"": ""sample_id"", ""type"": ""entity"", ""variant"": ""Sphere2Vec-sphereC"", ""x_col"": ""x"", ""y_col"": ""y""}",position_encoding_entity_table,sample_id lookup in a task-specific position-embedding table generated at task coordinates,True,False,False,baselines/artifacts/sphere2vec_fixed/jakarta/jakarta.lst_day_mean.2024_sphere2vec_spherec_fixed_f64.parquet,full
sphere2vec_fixed,PE,cape_town,landuse,cape_town.landuse.2026,baselines/artifacts/sphere2vec_fixed/cape_town/cape_town.landuse.2026_sphere2vec_spherec_fixed_f64.parquet,entity,"{""crs"": ""EPSG:4326"", ""embedding_dim"": 192, ""entity_id_col"": ""sample_id"", ""frequency_num"": 64, ""max_radius"": 360.0, ""min_radius"": 0.001, ""name"": ""PE"", ""path"": ""baselines/artifacts/sphere2vec_fixed/cape_town/cape_town.landuse.2026_sphere2vec_spherec_fixed_f64.parquet"", ""task_entity_id_col"": ""sample_id"", ""type"": ""entity"", ""variant"": ""Sphere2Vec-sphereC"", ""x_col"": ""x"", ""y_col"": ""y""}",position_encoding_entity_table,sample_id lookup in a task-specific position-embedding table generated at task coordinates,True,False,False,baselines/artifacts/sphere2vec_fixed/cape_town/cape_town.landuse.2026_sphere2vec_spherec_fixed_f64.parquet,full
sphere2vec_fixed,PE,cape_town,road_density,cape_town.road_density.2026,baselines/artifacts/sphere2vec_fixed/cape_town/cape_town.road_density.2026_sphere2vec_spherec_fixed_f64.parquet,entity,"{""crs"": ""EPSG:4326"", ""embedding_dim"": 192, ""entity_id_col"": ""sample_id"", ""frequency_num"": 64, ""max_radius"": 360.0, ""min_radius"": 0.001, ""name"": ""PE"", ""path"": ""baselines/artifacts/sphere2vec_fixed/cape_town/cape_town.road_density.2026_sphere2vec_spherec_fixed_f64.parquet"", ""task_entity_id_col"": ""sample_id"", ""type"": ""entity"", ""variant"": ""Sphere2Vec-sphereC"", ""x_col"": ""x"", ""y_col"": ""y""}",position_encoding_entity_table,sample_id lookup in a task-specific position-embedding table generated at task coordinates,True,False,False,baselines/artifacts/sphere2vec_fixed/cape_town/cape_town.road_density.2026_sphere2vec_spherec_fixed_f64.parquet,full
sphere2vec_fixed,PE,cape_town,population,cape_town.population.2024,baselines/artifacts/sphere2vec_fixed/cape_town/cape_town.population.2024_sphere2vec_spherec_fixed_f64.parquet,entity,"{""crs"": ""EPSG:4326"", ""embedding_dim"": 192, ""entity_id_col"": ""sample_id"", ""frequency_num"": 64, ""max_radius"": 360.0, ""min_radius"": 0.001, ""name"": ""PE"", ""path"": ""baselines/artifacts/sphere2vec_fixed/cape_town/cape_town.population.2024_sphere2vec_spherec_fixed_f64.parquet"", ""task_entity_id_col"": ""sample_id"", ""type"": ""entity"", ""variant"": ""Sphere2Vec-sphereC"", ""x_col"": ""x"", ""y_col"": ""y""}",position_encoding_entity_table,sample_id lookup in a task-specific position-embedding table generated at task coordinates,True,False,True,baselines/artifacts/sphere2vec_fixed/cape_town/cape_town.population.2024_sphere2vec_spherec_fixed_f64.parquet,full
sphere2vec_fixed,PE,cape_town,age_distribution,cape_town.age_distribution.2024,baselines/artifacts/sphere2vec_fixed/cape_town/cape_town.age_distribution.2024_sphere2vec_spherec_fixed_f64.parquet,entity,"{""crs"": ""EPSG:4326"", ""embedding_dim"": 192, ""entity_id_col"": ""sample_id"", ""frequency_num"": 64, ""max_radius"": 360.0, ""min_radius"": 0.001, ""name"": ""PE"", ""path"": ""baselines/artifacts/sphere2vec_fixed/cape_town/cape_town.age_distribution.2024_sphere2vec_spherec_fixed_f64.parquet"", ""task_entity_id_col"": ""sample_id"", ""type"": ""entity"", ""variant"": ""Sphere2Vec-sphereC"", ""x_col"": ""x"", ""y_col"": ""y""}",position_encoding_entity_table,sample_id lookup in a task-specific position-embedding table generated at task coordinates,True,False,False,baselines/artifacts/sphere2vec_fixed/cape_town/cape_town.age_distribution.2024_sphere2vec_spherec_fixed_f64.parquet,full
sphere2vec_fixed,PE,cape_town,gdp,cape_town.gdp.2024,baselines/artifacts/sphere2vec_fixed/cape_town/cape_town.gdp.2024_sphere2vec_spherec_fixed_f64.parquet,entity,"{""crs"": ""EPSG:4326"", ""embedding_dim"": 192, ""entity_id_col"": ""sample_id"", ""frequency_num"": 64, ""max_radius"": 360.0, ""min_radius"": 0.001, ""name"": ""PE"", ""path"": ""baselines/artifacts/sphere2vec_fixed/cape_town/cape_town.gdp.2024_sphere2vec_spherec_fixed_f64.parquet"", ""task_entity_id_col"": ""sample_id"", ""type"": ""entity"", ""variant"": ""Sphere2Vec-sphereC"", ""x_col"": ""x"", ""y_col"": ""y""}",position_encoding_entity_table,sample_id lookup in a task-specific position-embedding table generated at task coordinates,True,False,False,baselines/artifacts/sphere2vec_fixed/cape_town/cape_town.gdp.2024_sphere2vec_spherec_fixed_f64.parquet,full
sphere2vec_fixed,PE,cape_town,nightlight,cape_town.nightlight.2024,baselines/artifacts/sphere2vec_fixed/cape_town/cape_town.nightlight.2024_sphere2vec_spherec_fixed_f64.parquet,entity,"{""crs"": ""EPSG:4326"", ""embedding_dim"": 192, ""entity_id_col"": ""sample_id"", ""frequency_num"": 64, ""max_radius"": 360.0, ""min_radius"": 0.001, ""name"": ""PE"", ""path"": ""baselines/artifacts/sphere2vec_fixed/cape_town/cape_town.nightlight.2024_sphere2vec_spherec_fixed_f64.parquet"", ""task_entity_id_col"": ""sample_id"", ""type"": ""entity"", ""variant"": ""Sphere2Vec-sphereC"", ""x_col"": ""x"", ""y_col"": ""y""}",position_encoding_entity_table,sample_id lookup in a task-specific position-embedding table generated at task coordinates,True,False,False,baselines/artifacts/sphere2vec_fixed/cape_town/cape_town.nightlight.2024_sphere2vec_spherec_fixed_f64.parquet,full
sphere2vec_fixed,PE,cape_town,pm25,cape_town.pm25.2022,baselines/artifacts/sphere2vec_fixed/cape_town/cape_town.pm25.2022_sphere2vec_spherec_fixed_f64.parquet,entity,"{""crs"": ""EPSG:4326"", ""embedding_dim"": 192, ""entity_id_col"": ""sample_id"", ""frequency_num"": 64, ""max_radius"": 360.0, ""min_radius"": 0.001, ""name"": ""PE"", ""path"": ""baselines/artifacts/sphere2vec_fixed/cape_town/cape_town.pm25.2022_sphere2vec_spherec_fixed_f64.parquet"", ""task_entity_id_col"": ""sample_id"", ""type"": ""entity"", ""variant"": ""Sphere2Vec-sphereC"", ""x_col"": ""x"", ""y_col"": ""y""}",position_encoding_entity_table,sample_id lookup in a task-specific position-embedding table generated at task coordinates,True,False,False,baselines/artifacts/sphere2vec_fixed/cape_town/cape_town.pm25.2022_sphere2vec_spherec_fixed_f64.parquet,full
sphere2vec_fixed,PE,cape_town,lst_day_mean,cape_town.lst_day_mean.2024,baselines/artifacts/sphere2vec_fixed/cape_town/cape_town.lst_day_mean.2024_sphere2vec_spherec_fixed_f64.parquet,entity,"{""crs"": ""EPSG:4326"", ""embedding_dim"": 192, ""entity_id_col"": ""sample_id"", ""frequency_num"": 64, ""max_radius"": 360.0, ""min_radius"": 0.001, ""name"": ""PE"", ""path"": ""baselines/artifacts/sphere2vec_fixed/cape_town/cape_town.lst_day_mean.2024_sphere2vec_spherec_fixed_f64.parquet"", ""task_entity_id_col"": ""sample_id"", ""type"": ""entity"", ""variant"": ""Sphere2Vec-sphereC"", ""x_col"": ""x"", ""y_col"": ""y""}",position_encoding_entity_table,sample_id lookup in a task-specific position-embedding table generated at task coordinates,True,False,False,baselines/artifacts/sphere2vec_fixed/cape_town/cape_town.lst_day_mean.2024_sphere2vec_spherec_fixed_f64.parquet,full
place2vec,Place2Vec,london,landuse,london.landuse.2026,baselines/artifacts/place2vec/london/h3_r8_place2vec_itdl_fsq_second__615db04d48.parquet,region_table,"{""h3_resolution"": 8, ""name"": ""Place2Vec"", ""path"": ""baselines/artifacts/place2vec/london/h3_r8_place2vec_itdl_fsq_second__615db04d48.parquet"", ""region_id_col"": ""h3_id"", ""region_type"": ""h3"", ""type"": ""region_table""}",poi_h3_region_table,Not released for public evaluation: the London payload is a synthetic schema demo and has no corresponding benchmark embeddings.,False,False,False,baselines/artifacts/place2vec/london/h3_r8_place2vec_itdl_fsq_second__615db04d48.parquet,synthetic_demo_only_no_embedding
place2vec,Place2Vec,london,road_density,london.road_density.2026,baselines/artifacts/place2vec/london/h3_r8_place2vec_itdl_fsq_second__615db04d48.parquet,region_table,"{""h3_resolution"": 8, ""name"": ""Place2Vec"", ""path"": ""baselines/artifacts/place2vec/london/h3_r8_place2vec_itdl_fsq_second__615db04d48.parquet"", ""region_id_col"": ""h3_id"", ""region_type"": ""h3"", ""type"": ""region_table""}",poi_h3_region_table,road_density sample point converted to H3 r8 and looked up in the Place2Vec POI embedding aggregate table,True,False,False,baselines/artifacts/place2vec/london/h3_r8_place2vec_itdl_fsq_second__615db04d48.parquet,full
place2vec,Place2Vec,london,population,london.population.2024,baselines/artifacts/place2vec/london/h3_r8_place2vec_itdl_fsq_second__615db04d48.parquet,region_table,"{""h3_resolution"": 8, ""name"": ""Place2Vec"", ""path"": ""baselines/artifacts/place2vec/london/h3_r8_place2vec_itdl_fsq_second__615db04d48.parquet"", ""region_id_col"": ""h3_id"", ""region_type"": ""h3"", ""type"": ""region_table""}",poi_h3_region_table,population sample point converted to H3 r8 and looked up in the Place2Vec POI embedding aggregate table,True,False,True,baselines/artifacts/place2vec/london/h3_r8_place2vec_itdl_fsq_second__615db04d48.parquet,full
place2vec,Place2Vec,london,age_distribution,london.age_distribution.2024,baselines/artifacts/place2vec/london/h3_r8_place2vec_itdl_fsq_second__615db04d48.parquet,region_table,"{""h3_resolution"": 8, ""name"": ""Place2Vec"", ""path"": ""baselines/artifacts/place2vec/london/h3_r8_place2vec_itdl_fsq_second__615db04d48.parquet"", ""region_id_col"": ""h3_id"", ""region_type"": ""h3"", ""type"": ""region_table""}",poi_h3_region_table,age_distribution sample point converted to H3 r8 and looked up in the Place2Vec POI embedding aggregate table,True,False,False,baselines/artifacts/place2vec/london/h3_r8_place2vec_itdl_fsq_second__615db04d48.parquet,full
place2vec,Place2Vec,london,gdp,london.gdp.2024,baselines/artifacts/place2vec/london/h3_r8_place2vec_itdl_fsq_second__615db04d48.parquet,region_table,"{""h3_resolution"": 8, ""name"": ""Place2Vec"", ""path"": ""baselines/artifacts/place2vec/london/h3_r8_place2vec_itdl_fsq_second__615db04d48.parquet"", ""region_id_col"": ""h3_id"", ""region_type"": ""h3"", ""type"": ""region_table""}",poi_h3_region_table,gdp sample point converted to H3 r8 and looked up in the Place2Vec POI embedding aggregate table,True,False,False,baselines/artifacts/place2vec/london/h3_r8_place2vec_itdl_fsq_second__615db04d48.parquet,full
place2vec,Place2Vec,london,nightlight,london.nightlight.2024,baselines/artifacts/place2vec/london/h3_r8_place2vec_itdl_fsq_second__615db04d48.parquet,region_table,"{""h3_resolution"": 8, ""name"": ""Place2Vec"", ""path"": ""baselines/artifacts/place2vec/london/h3_r8_place2vec_itdl_fsq_second__615db04d48.parquet"", ""region_id_col"": ""h3_id"", ""region_type"": ""h3"", ""type"": ""region_table""}",poi_h3_region_table,nighttime-light sample point converted to H3 r8 and looked up in the Place2Vec region table,True,False,False,baselines/artifacts/place2vec/london/h3_r8_place2vec_itdl_fsq_second__615db04d48.parquet,full
place2vec,Place2Vec,london,pm25,london.pm25.2022,baselines/artifacts/place2vec/london/h3_r8_place2vec_itdl_fsq_second__615db04d48.parquet,region_table,"{""h3_resolution"": 8, ""name"": ""Place2Vec"", ""path"": ""baselines/artifacts/place2vec/london/h3_r8_place2vec_itdl_fsq_second__615db04d48.parquet"", ""region_id_col"": ""h3_id"", ""region_type"": ""h3"", ""type"": ""region_table""}",poi_h3_region_table,pm25 sample point converted to H3 r8 and looked up in the Place2Vec POI embedding aggregate table,True,False,False,baselines/artifacts/place2vec/london/h3_r8_place2vec_itdl_fsq_second__615db04d48.parquet,full
place2vec,Place2Vec,london,lst_day_mean,london.lst_day_mean.2024,baselines/artifacts/place2vec/london/h3_r8_place2vec_itdl_fsq_second__615db04d48.parquet,region_table,"{""h3_resolution"": 8, ""name"": ""Place2Vec"", ""path"": ""baselines/artifacts/place2vec/london/h3_r8_place2vec_itdl_fsq_second__615db04d48.parquet"", ""region_id_col"": ""h3_id"", ""region_type"": ""h3"", ""type"": ""region_table""}",poi_h3_region_table,lst_day_mean sample point converted to H3 r8 and looked up in the Place2Vec POI embedding aggregate table,True,False,False,baselines/artifacts/place2vec/london/h3_r8_place2vec_itdl_fsq_second__615db04d48.parquet,full
place2vec,Place2Vec,new_york,landuse,new_york.landuse.2026,baselines/artifacts/place2vec/new_york/h3_r8_place2vec_itdl_fsq_second__e7ad2dcad0.parquet,region_table,"{""h3_resolution"": 8, ""name"": ""Place2Vec"", ""path"": ""baselines/artifacts/place2vec/new_york/h3_r8_place2vec_itdl_fsq_second__e7ad2dcad0.parquet"", ""region_id_col"": ""h3_id"", ""region_type"": ""h3"", ""type"": ""region_table""}",poi_h3_region_table,landuse sample point converted to H3 r8 and looked up in the Place2Vec POI embedding aggregate table,True,False,False,baselines/artifacts/place2vec/new_york/h3_r8_place2vec_itdl_fsq_second__e7ad2dcad0.parquet,full
place2vec,Place2Vec,new_york,road_density,new_york.road_density.2026,baselines/artifacts/place2vec/new_york/h3_r8_place2vec_itdl_fsq_second__e7ad2dcad0.parquet,region_table,"{""h3_resolution"": 8, ""name"": ""Place2Vec"", ""path"": ""baselines/artifacts/place2vec/new_york/h3_r8_place2vec_itdl_fsq_second__e7ad2dcad0.parquet"", ""region_id_col"": ""h3_id"", ""region_type"": ""h3"", ""type"": ""region_table""}",poi_h3_region_table,road_density sample point converted to H3 r8 and looked up in the Place2Vec POI embedding aggregate table,True,False,False,baselines/artifacts/place2vec/new_york/h3_r8_place2vec_itdl_fsq_second__e7ad2dcad0.parquet,full
place2vec,Place2Vec,new_york,population,new_york.population.2024,baselines/artifacts/place2vec/new_york/h3_r8_place2vec_itdl_fsq_second__e7ad2dcad0.parquet,region_table,"{""h3_resolution"": 8, ""name"": ""Place2Vec"", ""path"": ""baselines/artifacts/place2vec/new_york/h3_r8_place2vec_itdl_fsq_second__e7ad2dcad0.parquet"", ""region_id_col"": ""h3_id"", ""region_type"": ""h3"", ""type"": ""region_table""}",poi_h3_region_table,population sample point converted to H3 r8 and looked up in the Place2Vec POI embedding aggregate table,True,False,True,baselines/artifacts/place2vec/new_york/h3_r8_place2vec_itdl_fsq_second__e7ad2dcad0.parquet,full
place2vec,Place2Vec,new_york,age_distribution,new_york.age_distribution.2024,baselines/artifacts/place2vec/new_york/h3_r8_place2vec_itdl_fsq_second__e7ad2dcad0.parquet,region_table,"{""h3_resolution"": 8, ""name"": ""Place2Vec"", ""path"": ""baselines/artifacts/place2vec/new_york/h3_r8_place2vec_itdl_fsq_second__e7ad2dcad0.parquet"", ""region_id_col"": ""h3_id"", ""region_type"": ""h3"", ""type"": ""region_table""}",poi_h3_region_table,age_distribution sample point converted to H3 r8 and looked up in the Place2Vec POI embedding aggregate table,True,False,False,baselines/artifacts/place2vec/new_york/h3_r8_place2vec_itdl_fsq_second__e7ad2dcad0.parquet,full
place2vec,Place2Vec,new_york,gdp,new_york.gdp.2024,baselines/artifacts/place2vec/new_york/h3_r8_place2vec_itdl_fsq_second__e7ad2dcad0.parquet,region_table,"{""h3_resolution"": 8, ""name"": ""Place2Vec"", ""path"": ""baselines/artifacts/place2vec/new_york/h3_r8_place2vec_itdl_fsq_second__e7ad2dcad0.parquet"", ""region_id_col"": ""h3_id"", ""region_type"": ""h3"", ""type"": ""region_table""}",poi_h3_region_table,gdp sample point converted to H3 r8 and looked up in the Place2Vec POI embedding aggregate table,True,False,False,baselines/artifacts/place2vec/new_york/h3_r8_place2vec_itdl_fsq_second__e7ad2dcad0.parquet,full
place2vec,Place2Vec,new_york,nightlight,new_york.nightlight.2024,baselines/artifacts/place2vec/new_york/h3_r8_place2vec_itdl_fsq_second__e7ad2dcad0.parquet,region_table,"{""h3_resolution"": 8, ""name"": ""Place2Vec"", ""path"": ""baselines/artifacts/place2vec/new_york/h3_r8_place2vec_itdl_fsq_second__e7ad2dcad0.parquet"", ""region_id_col"": ""h3_id"", ""region_type"": ""h3"", ""type"": ""region_table""}",poi_h3_region_table,nighttime-light sample point converted to H3 r8 and looked up in the Place2Vec region table,True,False,False,baselines/artifacts/place2vec/new_york/h3_r8_place2vec_itdl_fsq_second__e7ad2dcad0.parquet,full
place2vec,Place2Vec,new_york,pm25,new_york.pm25.2022,baselines/artifacts/place2vec/new_york/h3_r8_place2vec_itdl_fsq_second__e7ad2dcad0.parquet,region_table,"{""h3_resolution"": 8, ""name"": ""Place2Vec"", ""path"": ""baselines/artifacts/place2vec/new_york/h3_r8_place2vec_itdl_fsq_second__e7ad2dcad0.parquet"", ""region_id_col"": ""h3_id"", ""region_type"": ""h3"", ""type"": ""region_table""}",poi_h3_region_table,pm25 sample point converted to H3 r8 and looked up in the Place2Vec POI embedding aggregate table,True,False,False,baselines/artifacts/place2vec/new_york/h3_r8_place2vec_itdl_fsq_second__e7ad2dcad0.parquet,full
place2vec,Place2Vec,new_york,lst_day_mean,new_york.lst_day_mean.2024,baselines/artifacts/place2vec/new_york/h3_r8_place2vec_itdl_fsq_second__e7ad2dcad0.parquet,region_table,"{""h3_resolution"": 8, ""name"": ""Place2Vec"", ""path"": ""baselines/artifacts/place2vec/new_york/h3_r8_place2vec_itdl_fsq_second__e7ad2dcad0.parquet"", ""region_id_col"": ""h3_id"", ""region_type"": ""h3"", ""type"": ""region_table""}",poi_h3_region_table,lst_day_mean sample point converted to H3 r8 and looked up in the Place2Vec POI embedding aggregate table,True,False,False,baselines/artifacts/place2vec/new_york/h3_r8_place2vec_itdl_fsq_second__e7ad2dcad0.parquet,full
place2vec,Place2Vec,singapore,landuse,singapore.landuse.2026,baselines/artifacts/place2vec/singapore/h3_r8_place2vec_itdl_fsq_second__539a949a52.parquet,region_table,"{""h3_resolution"": 8, ""name"": ""Place2Vec"", ""path"": ""baselines/artifacts/place2vec/singapore/h3_r8_place2vec_itdl_fsq_second__539a949a52.parquet"", ""region_id_col"": ""h3_id"", ""region_type"": ""h3"", ""type"": ""region_table""}",poi_h3_region_table,landuse sample point converted to H3 r8 and looked up in the Place2Vec POI embedding aggregate table,True,False,False,baselines/artifacts/place2vec/singapore/h3_r8_place2vec_itdl_fsq_second__539a949a52.parquet,full
place2vec,Place2Vec,singapore,road_density,singapore.road_density.2026,baselines/artifacts/place2vec/singapore/h3_r8_place2vec_itdl_fsq_second__539a949a52.parquet,region_table,"{""h3_resolution"": 8, ""name"": ""Place2Vec"", ""path"": ""baselines/artifacts/place2vec/singapore/h3_r8_place2vec_itdl_fsq_second__539a949a52.parquet"", ""region_id_col"": ""h3_id"", ""region_type"": ""h3"", ""type"": ""region_table""}",poi_h3_region_table,road_density sample point converted to H3 r8 and looked up in the Place2Vec POI embedding aggregate table,True,False,False,baselines/artifacts/place2vec/singapore/h3_r8_place2vec_itdl_fsq_second__539a949a52.parquet,full
place2vec,Place2Vec,singapore,population,singapore.population.2024,baselines/artifacts/place2vec/singapore/h3_r8_place2vec_itdl_fsq_second__539a949a52.parquet,region_table,"{""h3_resolution"": 8, ""name"": ""Place2Vec"", ""path"": ""baselines/artifacts/place2vec/singapore/h3_r8_place2vec_itdl_fsq_second__539a949a52.parquet"", ""region_id_col"": ""h3_id"", ""region_type"": ""h3"", ""type"": ""region_table""}",poi_h3_region_table,population sample point converted to H3 r8 and looked up in the Place2Vec POI embedding aggregate table,True,False,True,baselines/artifacts/place2vec/singapore/h3_r8_place2vec_itdl_fsq_second__539a949a52.parquet,full
place2vec,Place2Vec,singapore,age_distribution,singapore.age_distribution.2024,baselines/artifacts/place2vec/singapore/h3_r8_place2vec_itdl_fsq_second__539a949a52.parquet,region_table,"{""h3_resolution"": 8, ""name"": ""Place2Vec"", ""path"": ""baselines/artifacts/place2vec/singapore/h3_r8_place2vec_itdl_fsq_second__539a949a52.parquet"", ""region_id_col"": ""h3_id"", ""region_type"": ""h3"", ""type"": ""region_table""}",poi_h3_region_table,age_distribution sample point converted to H3 r8 and looked up in the Place2Vec POI embedding aggregate table,True,False,False,baselines/artifacts/place2vec/singapore/h3_r8_place2vec_itdl_fsq_second__539a949a52.parquet,full
place2vec,Place2Vec,singapore,gdp,singapore.gdp.2024,baselines/artifacts/place2vec/singapore/h3_r8_place2vec_itdl_fsq_second__539a949a52.parquet,region_table,"{""h3_resolution"": 8, ""name"": ""Place2Vec"", ""path"": ""baselines/artifacts/place2vec/singapore/h3_r8_place2vec_itdl_fsq_second__539a949a52.parquet"", ""region_id_col"": ""h3_id"", ""region_type"": ""h3"", ""type"": ""region_table""}",poi_h3_region_table,gdp sample point converted to H3 r8 and looked up in the Place2Vec POI embedding aggregate table,True,False,False,baselines/artifacts/place2vec/singapore/h3_r8_place2vec_itdl_fsq_second__539a949a52.parquet,full
place2vec,Place2Vec,singapore,nightlight,singapore.nightlight.2024,baselines/artifacts/place2vec/singapore/h3_r8_place2vec_itdl_fsq_second__539a949a52.parquet,region_table,"{""h3_resolution"": 8, ""name"": ""Place2Vec"", ""path"": ""baselines/artifacts/place2vec/singapore/h3_r8_place2vec_itdl_fsq_second__539a949a52.parquet"", ""region_id_col"": ""h3_id"", ""region_type"": ""h3"", ""type"": ""region_table""}",poi_h3_region_table,nighttime-light sample point converted to H3 r8 and looked up in the Place2Vec region table,True,False,False,baselines/artifacts/place2vec/singapore/h3_r8_place2vec_itdl_fsq_second__539a949a52.parquet,full
place2vec,Place2Vec,singapore,pm25,singapore.pm25.2022,baselines/artifacts/place2vec/singapore/h3_r8_place2vec_itdl_fsq_second__539a949a52.parquet,region_table,"{""h3_resolution"": 8, ""name"": ""Place2Vec"", ""path"": ""baselines/artifacts/place2vec/singapore/h3_r8_place2vec_itdl_fsq_second__539a949a52.parquet"", ""region_id_col"": ""h3_id"", ""region_type"": ""h3"", ""type"": ""region_table""}",poi_h3_region_table,pm25 sample point converted to H3 r8 and looked up in the Place2Vec POI embedding aggregate table,True,False,False,baselines/artifacts/place2vec/singapore/h3_r8_place2vec_itdl_fsq_second__539a949a52.parquet,full
place2vec,Place2Vec,singapore,lst_day_mean,singapore.lst_day_mean.2024,baselines/artifacts/place2vec/singapore/h3_r8_place2vec_itdl_fsq_second__539a949a52.parquet,region_table,"{""h3_resolution"": 8, ""name"": ""Place2Vec"", ""path"": ""baselines/artifacts/place2vec/singapore/h3_r8_place2vec_itdl_fsq_second__539a949a52.parquet"", ""region_id_col"": ""h3_id"", ""region_type"": ""h3"", ""type"": ""region_table""}",poi_h3_region_table,lst_day_mean sample point converted to H3 r8 and looked up in the Place2Vec POI embedding aggregate table,True,False,False,baselines/artifacts/place2vec/singapore/h3_r8_place2vec_itdl_fsq_second__539a949a52.parquet,full
place2vec,Place2Vec,sydney,landuse,sydney.landuse.2026,baselines/artifacts/place2vec/sydney/h3_r8_place2vec_itdl_fsq_second__364ac05877.parquet,region_table,"{""h3_resolution"": 8, ""name"": ""Place2Vec"", ""path"": ""baselines/artifacts/place2vec/sydney/h3_r8_place2vec_itdl_fsq_second__364ac05877.parquet"", ""region_id_col"": ""h3_id"", ""region_type"": ""h3"", ""type"": ""region_table""}",poi_h3_region_table,landuse sample point converted to H3 r8 and looked up in the Place2Vec POI embedding aggregate table,True,False,False,baselines/artifacts/place2vec/sydney/h3_r8_place2vec_itdl_fsq_second__364ac05877.parquet,full
place2vec,Place2Vec,sydney,road_density,sydney.road_density.2026,baselines/artifacts/place2vec/sydney/h3_r8_place2vec_itdl_fsq_second__364ac05877.parquet,region_table,"{""h3_resolution"": 8, ""name"": ""Place2Vec"", ""path"": ""baselines/artifacts/place2vec/sydney/h3_r8_place2vec_itdl_fsq_second__364ac05877.parquet"", ""region_id_col"": ""h3_id"", ""region_type"": ""h3"", ""type"": ""region_table""}",poi_h3_region_table,road_density sample point converted to H3 r8 and looked up in the Place2Vec POI embedding aggregate table,True,False,False,baselines/artifacts/place2vec/sydney/h3_r8_place2vec_itdl_fsq_second__364ac05877.parquet,full
place2vec,Place2Vec,sydney,population,sydney.population.2024,baselines/artifacts/place2vec/sydney/h3_r8_place2vec_itdl_fsq_second__364ac05877.parquet,region_table,"{""h3_resolution"": 8, ""name"": ""Place2Vec"", ""path"": ""baselines/artifacts/place2vec/sydney/h3_r8_place2vec_itdl_fsq_second__364ac05877.parquet"", ""region_id_col"": ""h3_id"", ""region_type"": ""h3"", ""type"": ""region_table""}",poi_h3_region_table,population sample point converted to H3 r8 and looked up in the Place2Vec POI embedding aggregate table,True,False,True,baselines/artifacts/place2vec/sydney/h3_r8_place2vec_itdl_fsq_second__364ac05877.parquet,full
place2vec,Place2Vec,sydney,age_distribution,sydney.age_distribution.2024,baselines/artifacts/place2vec/sydney/h3_r8_place2vec_itdl_fsq_second__364ac05877.parquet,region_table,"{""h3_resolution"": 8, ""name"": ""Place2Vec"", ""path"": ""baselines/artifacts/place2vec/sydney/h3_r8_place2vec_itdl_fsq_second__364ac05877.parquet"", ""region_id_col"": ""h3_id"", ""region_type"": ""h3"", ""type"": ""region_table""}",poi_h3_region_table,age_distribution sample point converted to H3 r8 and looked up in the Place2Vec POI embedding aggregate table,True,False,False,baselines/artifacts/place2vec/sydney/h3_r8_place2vec_itdl_fsq_second__364ac05877.parquet,full
place2vec,Place2Vec,sydney,gdp,sydney.gdp.2024,baselines/artifacts/place2vec/sydney/h3_r8_place2vec_itdl_fsq_second__364ac05877.parquet,region_table,"{""h3_resolution"": 8, ""name"": ""Place2Vec"", ""path"": ""baselines/artifacts/place2vec/sydney/h3_r8_place2vec_itdl_fsq_second__364ac05877.parquet"", ""region_id_col"": ""h3_id"", ""region_type"": ""h3"", ""type"": ""region_table""}",poi_h3_region_table,gdp sample point converted to H3 r8 and looked up in the Place2Vec POI embedding aggregate table,True,False,False,baselines/artifacts/place2vec/sydney/h3_r8_place2vec_itdl_fsq_second__364ac05877.parquet,full
place2vec,Place2Vec,sydney,nightlight,sydney.nightlight.2024,baselines/artifacts/place2vec/sydney/h3_r8_place2vec_itdl_fsq_second__364ac05877.parquet,region_table,"{""h3_resolution"": 8, ""name"": ""Place2Vec"", ""path"": ""baselines/artifacts/place2vec/sydney/h3_r8_place2vec_itdl_fsq_second__364ac05877.parquet"", ""region_id_col"": ""h3_id"", ""region_type"": ""h3"", ""type"": ""region_table""}",poi_h3_region_table,nighttime-light sample point converted to H3 r8 and looked up in the Place2Vec region table,True,False,False,baselines/artifacts/place2vec/sydney/h3_r8_place2vec_itdl_fsq_second__364ac05877.parquet,full
place2vec,Place2Vec,sydney,pm25,sydney.pm25.2022,baselines/artifacts/place2vec/sydney/h3_r8_place2vec_itdl_fsq_second__364ac05877.parquet,region_table,"{""h3_resolution"": 8, ""name"": ""Place2Vec"", ""path"": ""baselines/artifacts/place2vec/sydney/h3_r8_place2vec_itdl_fsq_second__364ac05877.parquet"", ""region_id_col"": ""h3_id"", ""region_type"": ""h3"", ""type"": ""region_table""}",poi_h3_region_table,pm25 sample point converted to H3 r8 and looked up in the Place2Vec POI embedding aggregate table,True,False,False,baselines/artifacts/place2vec/sydney/h3_r8_place2vec_itdl_fsq_second__364ac05877.parquet,full
place2vec,Place2Vec,sydney,lst_day_mean,sydney.lst_day_mean.2024,baselines/artifacts/place2vec/sydney/h3_r8_place2vec_itdl_fsq_second__364ac05877.parquet,region_table,"{""h3_resolution"": 8, ""name"": ""Place2Vec"", ""path"": ""baselines/artifacts/place2vec/sydney/h3_r8_place2vec_itdl_fsq_second__364ac05877.parquet"", ""region_id_col"": ""h3_id"", ""region_type"": ""h3"", ""type"": ""region_table""}",poi_h3_region_table,lst_day_mean sample point converted to H3 r8 and looked up in the Place2Vec POI embedding aggregate table,True,False,False,baselines/artifacts/place2vec/sydney/h3_r8_place2vec_itdl_fsq_second__364ac05877.parquet,full
place2vec,Place2Vec,mumbai,landuse,mumbai.landuse.2026,baselines/artifacts/place2vec/mumbai/h3_r8_place2vec_itdl_fsq_second__9bd58da799.parquet,region_table,"{""h3_resolution"": 8, ""name"": ""Place2Vec"", ""path"": ""baselines/artifacts/place2vec/mumbai/h3_r8_place2vec_itdl_fsq_second__9bd58da799.parquet"", ""region_id_col"": ""h3_id"", ""region_type"": ""h3"", ""type"": ""region_table""}",poi_h3_region_table,landuse sample point converted to H3 r8 and looked up in the Place2Vec POI embedding aggregate table,True,False,False,baselines/artifacts/place2vec/mumbai/h3_r8_place2vec_itdl_fsq_second__9bd58da799.parquet,full
place2vec,Place2Vec,mumbai,road_density,mumbai.road_density.2026,baselines/artifacts/place2vec/mumbai/h3_r8_place2vec_itdl_fsq_second__9bd58da799.parquet,region_table,"{""h3_resolution"": 8, ""name"": ""Place2Vec"", ""path"": ""baselines/artifacts/place2vec/mumbai/h3_r8_place2vec_itdl_fsq_second__9bd58da799.parquet"", ""region_id_col"": ""h3_id"", ""region_type"": ""h3"", ""type"": ""region_table""}",poi_h3_region_table,road_density sample point converted to H3 r8 and looked up in the Place2Vec POI embedding aggregate table,True,False,False,baselines/artifacts/place2vec/mumbai/h3_r8_place2vec_itdl_fsq_second__9bd58da799.parquet,full
place2vec,Place2Vec,mumbai,population,mumbai.population.2024,baselines/artifacts/place2vec/mumbai/h3_r8_place2vec_itdl_fsq_second__9bd58da799.parquet,region_table,"{""h3_resolution"": 8, ""name"": ""Place2Vec"", ""path"": ""baselines/artifacts/place2vec/mumbai/h3_r8_place2vec_itdl_fsq_second__9bd58da799.parquet"", ""region_id_col"": ""h3_id"", ""region_type"": ""h3"", ""type"": ""region_table""}",poi_h3_region_table,population sample point converted to H3 r8 and looked up in the Place2Vec POI embedding aggregate table,True,False,True,baselines/artifacts/place2vec/mumbai/h3_r8_place2vec_itdl_fsq_second__9bd58da799.parquet,full
place2vec,Place2Vec,mumbai,age_distribution,mumbai.age_distribution.2024,baselines/artifacts/place2vec/mumbai/h3_r8_place2vec_itdl_fsq_second__9bd58da799.parquet,region_table,"{""h3_resolution"": 8, ""name"": ""Place2Vec"", ""path"": ""baselines/artifacts/place2vec/mumbai/h3_r8_place2vec_itdl_fsq_second__9bd58da799.parquet"", ""region_id_col"": ""h3_id"", ""region_type"": ""h3"", ""type"": ""region_table""}",poi_h3_region_table,age_distribution sample point converted to H3 r8 and looked up in the Place2Vec POI embedding aggregate table,True,False,False,baselines/artifacts/place2vec/mumbai/h3_r8_place2vec_itdl_fsq_second__9bd58da799.parquet,full
place2vec,Place2Vec,mumbai,gdp,mumbai.gdp.2024,baselines/artifacts/place2vec/mumbai/h3_r8_place2vec_itdl_fsq_second__9bd58da799.parquet,region_table,"{""h3_resolution"": 8, ""name"": ""Place2Vec"", ""path"": ""baselines/artifacts/place2vec/mumbai/h3_r8_place2vec_itdl_fsq_second__9bd58da799.parquet"", ""region_id_col"": ""h3_id"", ""region_type"": ""h3"", ""type"": ""region_table""}",poi_h3_region_table,gdp sample point converted to H3 r8 and looked up in the Place2Vec POI embedding aggregate table,True,False,False,baselines/artifacts/place2vec/mumbai/h3_r8_place2vec_itdl_fsq_second__9bd58da799.parquet,full
place2vec,Place2Vec,mumbai,nightlight,mumbai.nightlight.2024,baselines/artifacts/place2vec/mumbai/h3_r8_place2vec_itdl_fsq_second__9bd58da799.parquet,region_table,"{""h3_resolution"": 8, ""name"": ""Place2Vec"", ""path"": ""baselines/artifacts/place2vec/mumbai/h3_r8_place2vec_itdl_fsq_second__9bd58da799.parquet"", ""region_id_col"": ""h3_id"", ""region_type"": ""h3"", ""type"": ""region_table""}",poi_h3_region_table,nighttime-light sample point converted to H3 r8 and looked up in the Place2Vec region table,True,False,False,baselines/artifacts/place2vec/mumbai/h3_r8_place2vec_itdl_fsq_second__9bd58da799.parquet,full
place2vec,Place2Vec,mumbai,pm25,mumbai.pm25.2022,baselines/artifacts/place2vec/mumbai/h3_r8_place2vec_itdl_fsq_second__9bd58da799.parquet,region_table,"{""h3_resolution"": 8, ""name"": ""Place2Vec"", ""path"": ""baselines/artifacts/place2vec/mumbai/h3_r8_place2vec_itdl_fsq_second__9bd58da799.parquet"", ""region_id_col"": ""h3_id"", ""region_type"": ""h3"", ""type"": ""region_table""}",poi_h3_region_table,pm25 sample point converted to H3 r8 and looked up in the Place2Vec POI embedding aggregate table,True,False,False,baselines/artifacts/place2vec/mumbai/h3_r8_place2vec_itdl_fsq_second__9bd58da799.parquet,full
place2vec,Place2Vec,mumbai,lst_day_mean,mumbai.lst_day_mean.2024,baselines/artifacts/place2vec/mumbai/h3_r8_place2vec_itdl_fsq_second__9bd58da799.parquet,region_table,"{""h3_resolution"": 8, ""name"": ""Place2Vec"", ""path"": ""baselines/artifacts/place2vec/mumbai/h3_r8_place2vec_itdl_fsq_second__9bd58da799.parquet"", ""region_id_col"": ""h3_id"", ""region_type"": ""h3"", ""type"": ""region_table""}",poi_h3_region_table,lst_day_mean sample point converted to H3 r8 and looked up in the Place2Vec POI embedding aggregate table,True,False,False,baselines/artifacts/place2vec/mumbai/h3_r8_place2vec_itdl_fsq_second__9bd58da799.parquet,full
place2vec,Place2Vec,nairobi,landuse,nairobi.landuse.2026,baselines/artifacts/place2vec/nairobi/h3_r8_place2vec_itdl_fsq_second__f2e0048e0a.parquet,region_table,"{""h3_resolution"": 8, ""name"": ""Place2Vec"", ""path"": ""baselines/artifacts/place2vec/nairobi/h3_r8_place2vec_itdl_fsq_second__f2e0048e0a.parquet"", ""region_id_col"": ""h3_id"", ""region_type"": ""h3"", ""type"": ""region_table""}",poi_h3_region_table,landuse sample point converted to H3 r8 and looked up in the Place2Vec POI embedding aggregate table,True,False,False,baselines/artifacts/place2vec/nairobi/h3_r8_place2vec_itdl_fsq_second__f2e0048e0a.parquet,full
place2vec,Place2Vec,nairobi,road_density,nairobi.road_density.2026,baselines/artifacts/place2vec/nairobi/h3_r8_place2vec_itdl_fsq_second__f2e0048e0a.parquet,region_table,"{""h3_resolution"": 8, ""name"": ""Place2Vec"", ""path"": ""baselines/artifacts/place2vec/nairobi/h3_r8_place2vec_itdl_fsq_second__f2e0048e0a.parquet"", ""region_id_col"": ""h3_id"", ""region_type"": ""h3"", ""type"": ""region_table""}",poi_h3_region_table,road_density sample point converted to H3 r8 and looked up in the Place2Vec POI embedding aggregate table,True,False,False,baselines/artifacts/place2vec/nairobi/h3_r8_place2vec_itdl_fsq_second__f2e0048e0a.parquet,full
place2vec,Place2Vec,nairobi,population,nairobi.population.2024,baselines/artifacts/place2vec/nairobi/h3_r8_place2vec_itdl_fsq_second__f2e0048e0a.parquet,region_table,"{""h3_resolution"": 8, ""name"": ""Place2Vec"", ""path"": ""baselines/artifacts/place2vec/nairobi/h3_r8_place2vec_itdl_fsq_second__f2e0048e0a.parquet"", ""region_id_col"": ""h3_id"", ""region_type"": ""h3"", ""type"": ""region_table""}",poi_h3_region_table,population sample point converted to H3 r8 and looked up in the Place2Vec POI embedding aggregate table,True,False,True,baselines/artifacts/place2vec/nairobi/h3_r8_place2vec_itdl_fsq_second__f2e0048e0a.parquet,full
place2vec,Place2Vec,nairobi,age_distribution,nairobi.age_distribution.2024,baselines/artifacts/place2vec/nairobi/h3_r8_place2vec_itdl_fsq_second__f2e0048e0a.parquet,region_table,"{""h3_resolution"": 8, ""name"": ""Place2Vec"", ""path"": ""baselines/artifacts/place2vec/nairobi/h3_r8_place2vec_itdl_fsq_second__f2e0048e0a.parquet"", ""region_id_col"": ""h3_id"", ""region_type"": ""h3"", ""type"": ""region_table""}",poi_h3_region_table,age_distribution sample point converted to H3 r8 and looked up in the Place2Vec POI embedding aggregate table,True,False,False,baselines/artifacts/place2vec/nairobi/h3_r8_place2vec_itdl_fsq_second__f2e0048e0a.parquet,full
place2vec,Place2Vec,nairobi,gdp,nairobi.gdp.2024,baselines/artifacts/place2vec/nairobi/h3_r8_place2vec_itdl_fsq_second__f2e0048e0a.parquet,region_table,"{""h3_resolution"": 8, ""name"": ""Place2Vec"", ""path"": ""baselines/artifacts/place2vec/nairobi/h3_r8_place2vec_itdl_fsq_second__f2e0048e0a.parquet"", ""region_id_col"": ""h3_id"", ""region_type"": ""h3"", ""type"": ""region_table""}",poi_h3_region_table,gdp sample point converted to H3 r8 and looked up in the Place2Vec POI embedding aggregate table,True,False,False,baselines/artifacts/place2vec/nairobi/h3_r8_place2vec_itdl_fsq_second__f2e0048e0a.parquet,full
place2vec,Place2Vec,nairobi,nightlight,nairobi.nightlight.2024,baselines/artifacts/place2vec/nairobi/h3_r8_place2vec_itdl_fsq_second__f2e0048e0a.parquet,region_table,"{""h3_resolution"": 8, ""name"": ""Place2Vec"", ""path"": ""baselines/artifacts/place2vec/nairobi/h3_r8_place2vec_itdl_fsq_second__f2e0048e0a.parquet"", ""region_id_col"": ""h3_id"", ""region_type"": ""h3"", ""type"": ""region_table""}",poi_h3_region_table,nighttime-light sample point converted to H3 r8 and looked up in the Place2Vec region table,True,False,False,baselines/artifacts/place2vec/nairobi/h3_r8_place2vec_itdl_fsq_second__f2e0048e0a.parquet,full
place2vec,Place2Vec,nairobi,pm25,nairobi.pm25.2022,baselines/artifacts/place2vec/nairobi/h3_r8_place2vec_itdl_fsq_second__f2e0048e0a.parquet,region_table,"{""h3_resolution"": 8, ""name"": ""Place2Vec"", ""path"": ""baselines/artifacts/place2vec/nairobi/h3_r8_place2vec_itdl_fsq_second__f2e0048e0a.parquet"", ""region_id_col"": ""h3_id"", ""region_type"": ""h3"", ""type"": ""region_table""}",poi_h3_region_table,pm25 sample point converted to H3 r8 and looked up in the Place2Vec POI embedding aggregate table,True,False,False,baselines/artifacts/place2vec/nairobi/h3_r8_place2vec_itdl_fsq_second__f2e0048e0a.parquet,full
place2vec,Place2Vec,nairobi,lst_day_mean,nairobi.lst_day_mean.2024,baselines/artifacts/place2vec/nairobi/h3_r8_place2vec_itdl_fsq_second__f2e0048e0a.parquet,region_table,"{""h3_resolution"": 8, ""name"": ""Place2Vec"", ""path"": ""baselines/artifacts/place2vec/nairobi/h3_r8_place2vec_itdl_fsq_second__f2e0048e0a.parquet"", ""region_id_col"": ""h3_id"", ""region_type"": ""h3"", ""type"": ""region_table""}",poi_h3_region_table,lst_day_mean sample point converted to H3 r8 and looked up in the Place2Vec POI embedding aggregate table,True,False,False,baselines/artifacts/place2vec/nairobi/h3_r8_place2vec_itdl_fsq_second__f2e0048e0a.parquet,full
place2vec,Place2Vec,jakarta,landuse,jakarta.landuse.2026,baselines/artifacts/place2vec/jakarta/h3_r8_place2vec_itdl_fsq_second__82430f2f06.parquet,region_table,"{""h3_resolution"": 8, ""name"": ""Place2Vec"", ""path"": ""baselines/artifacts/place2vec/jakarta/h3_r8_place2vec_itdl_fsq_second__82430f2f06.parquet"", ""region_id_col"": ""h3_id"", ""region_type"": ""h3"", ""type"": ""region_table""}",poi_h3_region_table,landuse sample point converted to H3 r8 and looked up in the Place2Vec POI embedding aggregate table,True,False,False,baselines/artifacts/place2vec/jakarta/h3_r8_place2vec_itdl_fsq_second__82430f2f06.parquet,full
place2vec,Place2Vec,jakarta,road_density,jakarta.road_density.2026,baselines/artifacts/place2vec/jakarta/h3_r8_place2vec_itdl_fsq_second__82430f2f06.parquet,region_table,"{""h3_resolution"": 8, ""name"": ""Place2Vec"", ""path"": ""baselines/artifacts/place2vec/jakarta/h3_r8_place2vec_itdl_fsq_second__82430f2f06.parquet"", ""region_id_col"": ""h3_id"", ""region_type"": ""h3"", ""type"": ""region_table""}",poi_h3_region_table,road_density sample point converted to H3 r8 and looked up in the Place2Vec POI embedding aggregate table,True,False,False,baselines/artifacts/place2vec/jakarta/h3_r8_place2vec_itdl_fsq_second__82430f2f06.parquet,full
place2vec,Place2Vec,jakarta,population,jakarta.population.2024,baselines/artifacts/place2vec/jakarta/h3_r8_place2vec_itdl_fsq_second__82430f2f06.parquet,region_table,"{""h3_resolution"": 8, ""name"": ""Place2Vec"", ""path"": ""baselines/artifacts/place2vec/jakarta/h3_r8_place2vec_itdl_fsq_second__82430f2f06.parquet"", ""region_id_col"": ""h3_id"", ""region_type"": ""h3"", ""type"": ""region_table""}",poi_h3_region_table,population sample point converted to H3 r8 and looked up in the Place2Vec POI embedding aggregate table,True,False,True,baselines/artifacts/place2vec/jakarta/h3_r8_place2vec_itdl_fsq_second__82430f2f06.parquet,full
place2vec,Place2Vec,jakarta,age_distribution,jakarta.age_distribution.2024,baselines/artifacts/place2vec/jakarta/h3_r8_place2vec_itdl_fsq_second__82430f2f06.parquet,region_table,"{""h3_resolution"": 8, ""name"": ""Place2Vec"", ""path"": ""baselines/artifacts/place2vec/jakarta/h3_r8_place2vec_itdl_fsq_second__82430f2f06.parquet"", ""region_id_col"": ""h3_id"", ""region_type"": ""h3"", ""type"": ""region_table""}",poi_h3_region_table,age_distribution sample point converted to H3 r8 and looked up in the Place2Vec POI embedding aggregate table,True,False,False,baselines/artifacts/place2vec/jakarta/h3_r8_place2vec_itdl_fsq_second__82430f2f06.parquet,full
place2vec,Place2Vec,jakarta,gdp,jakarta.gdp.2024,baselines/artifacts/place2vec/jakarta/h3_r8_place2vec_itdl_fsq_second__82430f2f06.parquet,region_table,"{""h3_resolution"": 8, ""name"": ""Place2Vec"", ""path"": ""baselines/artifacts/place2vec/jakarta/h3_r8_place2vec_itdl_fsq_second__82430f2f06.parquet"", ""region_id_col"": ""h3_id"", ""region_type"": ""h3"", ""type"": ""region_table""}",poi_h3_region_table,gdp sample point converted to H3 r8 and looked up in the Place2Vec POI embedding aggregate table,True,False,False,baselines/artifacts/place2vec/jakarta/h3_r8_place2vec_itdl_fsq_second__82430f2f06.parquet,full
place2vec,Place2Vec,jakarta,nightlight,jakarta.nightlight.2024,baselines/artifacts/place2vec/jakarta/h3_r8_place2vec_itdl_fsq_second__82430f2f06.parquet,region_table,"{""h3_resolution"": 8, ""name"": ""Place2Vec"", ""path"": ""baselines/artifacts/place2vec/jakarta/h3_r8_place2vec_itdl_fsq_second__82430f2f06.parquet"", ""region_id_col"": ""h3_id"", ""region_type"": ""h3"", ""type"": ""region_table""}",poi_h3_region_table,nighttime-light sample point converted to H3 r8 and looked up in the Place2Vec region table,True,False,False,baselines/artifacts/place2vec/jakarta/h3_r8_place2vec_itdl_fsq_second__82430f2f06.parquet,full
place2vec,Place2Vec,jakarta,pm25,jakarta.pm25.2022,baselines/artifacts/place2vec/jakarta/h3_r8_place2vec_itdl_fsq_second__82430f2f06.parquet,region_table,"{""h3_resolution"": 8, ""name"": ""Place2Vec"", ""path"": ""baselines/artifacts/place2vec/jakarta/h3_r8_place2vec_itdl_fsq_second__82430f2f06.parquet"", ""region_id_col"": ""h3_id"", ""region_type"": ""h3"", ""type"": ""region_table""}",poi_h3_region_table,pm25 sample point converted to H3 r8 and looked up in the Place2Vec POI embedding aggregate table,True,False,False,baselines/artifacts/place2vec/jakarta/h3_r8_place2vec_itdl_fsq_second__82430f2f06.parquet,full
place2vec,Place2Vec,jakarta,lst_day_mean,jakarta.lst_day_mean.2024,baselines/artifacts/place2vec/jakarta/h3_r8_place2vec_itdl_fsq_second__82430f2f06.parquet,region_table,"{""h3_resolution"": 8, ""name"": ""Place2Vec"", ""path"": ""baselines/artifacts/place2vec/jakarta/h3_r8_place2vec_itdl_fsq_second__82430f2f06.parquet"", ""region_id_col"": ""h3_id"", ""region_type"": ""h3"", ""type"": ""region_table""}",poi_h3_region_table,lst_day_mean sample point converted to H3 r8 and looked up in the Place2Vec POI embedding aggregate table,True,False,False,baselines/artifacts/place2vec/jakarta/h3_r8_place2vec_itdl_fsq_second__82430f2f06.parquet,full
place2vec,Place2Vec,cape_town,landuse,cape_town.landuse.2026,baselines/artifacts/place2vec/cape_town/h3_r8_place2vec_itdl_fsq_second__e086ad7271.parquet,region_table,"{""h3_resolution"": 8, ""name"": ""Place2Vec"", ""path"": ""baselines/artifacts/place2vec/cape_town/h3_r8_place2vec_itdl_fsq_second__e086ad7271.parquet"", ""region_id_col"": ""h3_id"", ""region_type"": ""h3"", ""type"": ""region_table""}",poi_h3_region_table,landuse sample point converted to H3 r8 and looked up in the Place2Vec POI embedding aggregate table,True,False,False,baselines/artifacts/place2vec/cape_town/h3_r8_place2vec_itdl_fsq_second__e086ad7271.parquet,full
place2vec,Place2Vec,cape_town,road_density,cape_town.road_density.2026,baselines/artifacts/place2vec/cape_town/h3_r8_place2vec_itdl_fsq_second__e086ad7271.parquet,region_table,"{""h3_resolution"": 8, ""name"": ""Place2Vec"", ""path"": ""baselines/artifacts/place2vec/cape_town/h3_r8_place2vec_itdl_fsq_second__e086ad7271.parquet"", ""region_id_col"": ""h3_id"", ""region_type"": ""h3"", ""type"": ""region_table""}",poi_h3_region_table,road_density sample point converted to H3 r8 and looked up in the Place2Vec POI embedding aggregate table,True,False,False,baselines/artifacts/place2vec/cape_town/h3_r8_place2vec_itdl_fsq_second__e086ad7271.parquet,full
place2vec,Place2Vec,cape_town,population,cape_town.population.2024,baselines/artifacts/place2vec/cape_town/h3_r8_place2vec_itdl_fsq_second__e086ad7271.parquet,region_table,"{""h3_resolution"": 8, ""name"": ""Place2Vec"", ""path"": ""baselines/artifacts/place2vec/cape_town/h3_r8_place2vec_itdl_fsq_second__e086ad7271.parquet"", ""region_id_col"": ""h3_id"", ""region_type"": ""h3"", ""type"": ""region_table""}",poi_h3_region_table,population sample point converted to H3 r8 and looked up in the Place2Vec POI embedding aggregate table,True,False,True,baselines/artifacts/place2vec/cape_town/h3_r8_place2vec_itdl_fsq_second__e086ad7271.parquet,full
place2vec,Place2Vec,cape_town,age_distribution,cape_town.age_distribution.2024,baselines/artifacts/place2vec/cape_town/h3_r8_place2vec_itdl_fsq_second__e086ad7271.parquet,region_table,"{""h3_resolution"": 8, ""name"": ""Place2Vec"", ""path"": ""baselines/artifacts/place2vec/cape_town/h3_r8_place2vec_itdl_fsq_second__e086ad7271.parquet"", ""region_id_col"": ""h3_id"", ""region_type"": ""h3"", ""type"": ""region_table""}",poi_h3_region_table,age_distribution sample point converted to H3 r8 and looked up in the Place2Vec POI embedding aggregate table,True,False,False,baselines/artifacts/place2vec/cape_town/h3_r8_place2vec_itdl_fsq_second__e086ad7271.parquet,full
place2vec,Place2Vec,cape_town,gdp,cape_town.gdp.2024,baselines/artifacts/place2vec/cape_town/h3_r8_place2vec_itdl_fsq_second__e086ad7271.parquet,region_table,"{""h3_resolution"": 8, ""name"": ""Place2Vec"", ""path"": ""baselines/artifacts/place2vec/cape_town/h3_r8_place2vec_itdl_fsq_second__e086ad7271.parquet"", ""region_id_col"": ""h3_id"", ""region_type"": ""h3"", ""type"": ""region_table""}",poi_h3_region_table,gdp sample point converted to H3 r8 and looked up in the Place2Vec POI embedding aggregate table,True,False,False,baselines/artifacts/place2vec/cape_town/h3_r8_place2vec_itdl_fsq_second__e086ad7271.parquet,full
place2vec,Place2Vec,cape_town,nightlight,cape_town.nightlight.2024,baselines/artifacts/place2vec/cape_town/h3_r8_place2vec_itdl_fsq_second__e086ad7271.parquet,region_table,"{""h3_resolution"": 8, ""name"": ""Place2Vec"", ""path"": ""baselines/artifacts/place2vec/cape_town/h3_r8_place2vec_itdl_fsq_second__e086ad7271.parquet"", ""region_id_col"": ""h3_id"", ""region_type"": ""h3"", ""type"": ""region_table""}",poi_h3_region_table,nighttime-light sample point converted to H3 r8 and looked up in the Place2Vec region table,True,False,False,baselines/artifacts/place2vec/cape_town/h3_r8_place2vec_itdl_fsq_second__e086ad7271.parquet,full
place2vec,Place2Vec,cape_town,pm25,cape_town.pm25.2022,baselines/artifacts/place2vec/cape_town/h3_r8_place2vec_itdl_fsq_second__e086ad7271.parquet,region_table,"{""h3_resolution"": 8, ""name"": ""Place2Vec"", ""path"": ""baselines/artifacts/place2vec/cape_town/h3_r8_place2vec_itdl_fsq_second__e086ad7271.parquet"", ""region_id_col"": ""h3_id"", ""region_type"": ""h3"", ""type"": ""region_table""}",poi_h3_region_table,pm25 sample point converted to H3 r8 and looked up in the Place2Vec POI embedding aggregate table,True,False,False,baselines/artifacts/place2vec/cape_town/h3_r8_place2vec_itdl_fsq_second__e086ad7271.parquet,full
place2vec,Place2Vec,cape_town,lst_day_mean,cape_town.lst_day_mean.2024,baselines/artifacts/place2vec/cape_town/h3_r8_place2vec_itdl_fsq_second__e086ad7271.parquet,region_table,"{""h3_resolution"": 8, ""name"": ""Place2Vec"", ""path"": ""baselines/artifacts/place2vec/cape_town/h3_r8_place2vec_itdl_fsq_second__e086ad7271.parquet"", ""region_id_col"": ""h3_id"", ""region_type"": ""h3"", ""type"": ""region_table""}",poi_h3_region_table,lst_day_mean sample point converted to H3 r8 and looked up in the Place2Vec POI embedding aggregate table,True,False,False,baselines/artifacts/place2vec/cape_town/h3_r8_place2vec_itdl_fsq_second__e086ad7271.parquet,full
space2vec,Space2Vec,london,landuse,london.landuse.2026,baselines/artifacts/space2vec/london/london_Space2Vec_fsq_second_locenc_landuse_points_d128__f6a77997f4.parquet,point_table,"{""crs"": ""EPSG:4326"", ""name"": ""Space2Vec"", ""path"": ""baselines/artifacts/space2vec/london/london_Space2Vec_fsq_second_locenc_landuse_points_d128__f6a77997f4.parquet"", ""point_id_col"": ""sample_id"", ""task_point_id_col"": ""sample_id"", ""type"": ""point_table"", ""x_col"": ""x"", ""y_col"": ""y""}",landuse_point_coordinate_encoder_table,Not released for public evaluation: the London payload is a synthetic schema demo and has no corresponding benchmark embeddings.,False,False,False,baselines/artifacts/space2vec/london/london_Space2Vec_fsq_second_locenc_landuse_points_d128__f6a77997f4.parquet,synthetic_demo_only_no_embedding
space2vec,Space2Vec,london,road_density,london.road_density.2026,baselines/artifacts/space2vec/london/london_Space2Vec_fsq_second_locenc_road_density_mean_d128__672827cfc6.tif,raster,"{""name"": ""Space2Vec"", ""path"": ""baselines/artifacts/space2vec/london/london_Space2Vec_fsq_second_locenc_road_density_mean_d128__672827cfc6.tif"", ""type"": ""raster""}",coordinate_encoder_task_specific_raster,direct Space2Vec inference at the target task raster pixel centers,True,False,False,baselines/artifacts/space2vec/london/london_Space2Vec_fsq_second_locenc_road_density_mean_d128__672827cfc6.tif,full
space2vec,Space2Vec,london,population,london.population.2024,baselines/artifacts/space2vec/london/london_Space2Vec_fsq_second_locenc_population_mean_d128__64e232d758.tif,raster,"{""name"": ""Space2Vec"", ""path"": ""baselines/artifacts/space2vec/london/london_Space2Vec_fsq_second_locenc_population_mean_d128__64e232d758.tif"", ""type"": ""raster""}",coordinate_encoder_task_specific_raster,direct Space2Vec inference at the target task raster pixel centers,True,False,True,baselines/artifacts/space2vec/london/london_Space2Vec_fsq_second_locenc_population_mean_d128__64e232d758.tif,full
space2vec,Space2Vec,london,age_distribution,london.age_distribution.2024,baselines/artifacts/space2vec/london/london_Space2Vec_fsq_second_locenc_age_distribution_mean_d128__e4368f015f.tif,raster,"{""name"": ""Space2Vec"", ""path"": ""baselines/artifacts/space2vec/london/london_Space2Vec_fsq_second_locenc_age_distribution_mean_d128__e4368f015f.tif"", ""type"": ""raster""}",coordinate_encoder_task_specific_raster,direct Space2Vec inference at the target task raster pixel centers,True,False,False,baselines/artifacts/space2vec/london/london_Space2Vec_fsq_second_locenc_age_distribution_mean_d128__e4368f015f.tif,full
space2vec,Space2Vec,london,gdp,london.gdp.2024,baselines/artifacts/space2vec/london/london_Space2Vec_fsq_second_locenc_gdp_mean_d128__32d97d67bd.tif,raster,"{""name"": ""Space2Vec"", ""path"": ""baselines/artifacts/space2vec/london/london_Space2Vec_fsq_second_locenc_gdp_mean_d128__32d97d67bd.tif"", ""type"": ""raster""}",coordinate_encoder_task_specific_raster,direct Space2Vec inference at the target task raster pixel centers,True,False,False,baselines/artifacts/space2vec/london/london_Space2Vec_fsq_second_locenc_gdp_mean_d128__32d97d67bd.tif,full
space2vec,Space2Vec,london,nightlight,london.nightlight.2024,baselines/artifacts/space2vec/london/london_Space2Vec_fsq_second_locenc_nightlight_mean_d128__49b0a99120.tif,raster,"{""name"": ""Space2Vec"", ""path"": ""baselines/artifacts/space2vec/london/london_Space2Vec_fsq_second_locenc_nightlight_mean_d128__49b0a99120.tif"", ""type"": ""raster""}",coordinate_encoder_task_specific_raster,direct Space2Vec inference at nighttime-light task raster pixel centers,True,False,False,baselines/artifacts/space2vec/london/london_Space2Vec_fsq_second_locenc_nightlight_mean_d128__49b0a99120.tif,full
space2vec,Space2Vec,london,pm25,london.pm25.2022,baselines/artifacts/space2vec/london/london_Space2Vec_fsq_second_locenc_pm25_mean_d128__1ce011d274.tif,raster,"{""name"": ""Space2Vec"", ""path"": ""baselines/artifacts/space2vec/london/london_Space2Vec_fsq_second_locenc_pm25_mean_d128__1ce011d274.tif"", ""type"": ""raster""}",coordinate_encoder_task_specific_raster,direct Space2Vec inference at the target task raster pixel centers,True,False,False,baselines/artifacts/space2vec/london/london_Space2Vec_fsq_second_locenc_pm25_mean_d128__1ce011d274.tif,full
space2vec,Space2Vec,london,lst_day_mean,london.lst_day_mean.2024,baselines/artifacts/space2vec/london/london_Space2Vec_fsq_second_locenc_lst_day_mean_mean_d128__369c622aca.tif,raster,"{""name"": ""Space2Vec"", ""path"": ""baselines/artifacts/space2vec/london/london_Space2Vec_fsq_second_locenc_lst_day_mean_mean_d128__369c622aca.tif"", ""type"": ""raster""}",coordinate_encoder_task_specific_raster,direct Space2Vec inference at the target task raster pixel centers,True,False,False,baselines/artifacts/space2vec/london/london_Space2Vec_fsq_second_locenc_lst_day_mean_mean_d128__369c622aca.tif,full
space2vec,Space2Vec,new_york,landuse,new_york.landuse.2026,baselines/artifacts/space2vec/new_york/new_york_Space2Vec_fsq_second_locenc_landuse_points_d128__7483725c9f.parquet,point_table,"{""crs"": ""EPSG:4326"", ""name"": ""Space2Vec"", ""path"": ""baselines/artifacts/space2vec/new_york/new_york_Space2Vec_fsq_second_locenc_landuse_points_d128__7483725c9f.parquet"", ""point_id_col"": ""sample_id"", ""task_point_id_col"": ""sample_id"", ""type"": ""point_table"", ""x_col"": ""x"", ""y_col"": ""y""}",landuse_point_coordinate_encoder_table,land-use sample_id looked up in a point table generated by direct Space2Vec inference at each land-use point coordinate,True,False,False,baselines/artifacts/space2vec/new_york/new_york_Space2Vec_fsq_second_locenc_landuse_points_d128__7483725c9f.parquet,full
space2vec,Space2Vec,new_york,road_density,new_york.road_density.2026,baselines/artifacts/space2vec/new_york/new_york_Space2Vec_fsq_second_locenc_road_density_mean_d128__e7cc346333.tif,raster,"{""name"": ""Space2Vec"", ""path"": ""baselines/artifacts/space2vec/new_york/new_york_Space2Vec_fsq_second_locenc_road_density_mean_d128__e7cc346333.tif"", ""type"": ""raster""}",coordinate_encoder_task_specific_raster,direct Space2Vec inference at the target task raster pixel centers,True,False,False,baselines/artifacts/space2vec/new_york/new_york_Space2Vec_fsq_second_locenc_road_density_mean_d128__e7cc346333.tif,full
space2vec,Space2Vec,new_york,population,new_york.population.2024,baselines/artifacts/space2vec/new_york/new_york_Space2Vec_fsq_second_locenc_population_mean_d128__81df90ee1c.tif,raster,"{""name"": ""Space2Vec"", ""path"": ""baselines/artifacts/space2vec/new_york/new_york_Space2Vec_fsq_second_locenc_population_mean_d128__81df90ee1c.tif"", ""type"": ""raster""}",coordinate_encoder_task_specific_raster,direct Space2Vec inference at the target task raster pixel centers,True,False,True,baselines/artifacts/space2vec/new_york/new_york_Space2Vec_fsq_second_locenc_population_mean_d128__81df90ee1c.tif,full
space2vec,Space2Vec,new_york,age_distribution,new_york.age_distribution.2024,baselines/artifacts/space2vec/new_york/new_york_Space2Vec_fsq_second_locenc_age_distribution_mean_d128__9e9e3c893b.tif,raster,"{""name"": ""Space2Vec"", ""path"": ""baselines/artifacts/space2vec/new_york/new_york_Space2Vec_fsq_second_locenc_age_distribution_mean_d128__9e9e3c893b.tif"", ""type"": ""raster""}",coordinate_encoder_task_specific_raster,direct Space2Vec inference at the target task raster pixel centers,True,False,False,baselines/artifacts/space2vec/new_york/new_york_Space2Vec_fsq_second_locenc_age_distribution_mean_d128__9e9e3c893b.tif,full
space2vec,Space2Vec,new_york,gdp,new_york.gdp.2024,baselines/artifacts/space2vec/new_york/new_york_Space2Vec_fsq_second_locenc_gdp_mean_d128__940ce27b03.tif,raster,"{""name"": ""Space2Vec"", ""path"": ""baselines/artifacts/space2vec/new_york/new_york_Space2Vec_fsq_second_locenc_gdp_mean_d128__940ce27b03.tif"", ""type"": ""raster""}",coordinate_encoder_task_specific_raster,direct Space2Vec inference at the target task raster pixel centers,True,False,False,baselines/artifacts/space2vec/new_york/new_york_Space2Vec_fsq_second_locenc_gdp_mean_d128__940ce27b03.tif,full
space2vec,Space2Vec,new_york,nightlight,new_york.nightlight.2024,baselines/artifacts/space2vec/new_york/new_york_Space2Vec_fsq_second_locenc_nightlight_mean_d128__aa6bcc83f3.tif,raster,"{""name"": ""Space2Vec"", ""path"": ""baselines/artifacts/space2vec/new_york/new_york_Space2Vec_fsq_second_locenc_nightlight_mean_d128__aa6bcc83f3.tif"", ""type"": ""raster""}",coordinate_encoder_task_specific_raster,direct Space2Vec inference at nighttime-light task raster pixel centers,True,False,False,baselines/artifacts/space2vec/new_york/new_york_Space2Vec_fsq_second_locenc_nightlight_mean_d128__aa6bcc83f3.tif,full
space2vec,Space2Vec,new_york,pm25,new_york.pm25.2022,baselines/artifacts/space2vec/new_york/new_york_Space2Vec_fsq_second_locenc_pm25_mean_d128__abeacbee50.tif,raster,"{""name"": ""Space2Vec"", ""path"": ""baselines/artifacts/space2vec/new_york/new_york_Space2Vec_fsq_second_locenc_pm25_mean_d128__abeacbee50.tif"", ""type"": ""raster""}",coordinate_encoder_task_specific_raster,direct Space2Vec inference at the target task raster pixel centers,True,False,False,baselines/artifacts/space2vec/new_york/new_york_Space2Vec_fsq_second_locenc_pm25_mean_d128__abeacbee50.tif,full
space2vec,Space2Vec,new_york,lst_day_mean,new_york.lst_day_mean.2024,baselines/artifacts/space2vec/new_york/new_york_Space2Vec_fsq_second_locenc_lst_day_mean_mean_d128__d360d85115.tif,raster,"{""name"": ""Space2Vec"", ""path"": ""baselines/artifacts/space2vec/new_york/new_york_Space2Vec_fsq_second_locenc_lst_day_mean_mean_d128__d360d85115.tif"", ""type"": ""raster""}",coordinate_encoder_task_specific_raster,direct Space2Vec inference at the target task raster pixel centers,True,False,False,baselines/artifacts/space2vec/new_york/new_york_Space2Vec_fsq_second_locenc_lst_day_mean_mean_d128__d360d85115.tif,full
space2vec,Space2Vec,singapore,landuse,singapore.landuse.2026,baselines/artifacts/space2vec/singapore/singapore_Space2Vec_fsq_second_locenc_landuse_points_d128__06d0ed0d75.parquet,point_table,"{""crs"": ""EPSG:4326"", ""name"": ""Space2Vec"", ""path"": ""baselines/artifacts/space2vec/singapore/singapore_Space2Vec_fsq_second_locenc_landuse_points_d128__06d0ed0d75.parquet"", ""point_id_col"": ""sample_id"", ""task_point_id_col"": ""sample_id"", ""type"": ""point_table"", ""x_col"": ""x"", ""y_col"": ""y""}",landuse_point_coordinate_encoder_table,land-use sample_id looked up in a point table generated by direct Space2Vec inference at each land-use point coordinate,True,False,False,baselines/artifacts/space2vec/singapore/singapore_Space2Vec_fsq_second_locenc_landuse_points_d128__06d0ed0d75.parquet,full
space2vec,Space2Vec,singapore,road_density,singapore.road_density.2026,baselines/artifacts/space2vec/singapore/singapore_Space2Vec_fsq_second_locenc_road_density_mean_d128__04deac4b0a.tif,raster,"{""name"": ""Space2Vec"", ""path"": ""baselines/artifacts/space2vec/singapore/singapore_Space2Vec_fsq_second_locenc_road_density_mean_d128__04deac4b0a.tif"", ""type"": ""raster""}",coordinate_encoder_task_specific_raster,direct Space2Vec inference at the target task raster pixel centers,True,False,False,baselines/artifacts/space2vec/singapore/singapore_Space2Vec_fsq_second_locenc_road_density_mean_d128__04deac4b0a.tif,full
space2vec,Space2Vec,singapore,population,singapore.population.2024,baselines/artifacts/space2vec/singapore/singapore_Space2Vec_fsq_second_locenc_population_mean_d128__3a43b282ba.tif,raster,"{""name"": ""Space2Vec"", ""path"": ""baselines/artifacts/space2vec/singapore/singapore_Space2Vec_fsq_second_locenc_population_mean_d128__3a43b282ba.tif"", ""type"": ""raster""}",coordinate_encoder_task_specific_raster,direct Space2Vec inference at the target task raster pixel centers,True,False,True,baselines/artifacts/space2vec/singapore/singapore_Space2Vec_fsq_second_locenc_population_mean_d128__3a43b282ba.tif,full
space2vec,Space2Vec,singapore,age_distribution,singapore.age_distribution.2024,baselines/artifacts/space2vec/singapore/singapore_Space2Vec_fsq_second_locenc_age_distribution_mean_d128__e166365072.tif,raster,"{""name"": ""Space2Vec"", ""path"": ""baselines/artifacts/space2vec/singapore/singapore_Space2Vec_fsq_second_locenc_age_distribution_mean_d128__e166365072.tif"", ""type"": ""raster""}",coordinate_encoder_task_specific_raster,direct Space2Vec inference at the target task raster pixel centers,True,False,False,baselines/artifacts/space2vec/singapore/singapore_Space2Vec_fsq_second_locenc_age_distribution_mean_d128__e166365072.tif,full
space2vec,Space2Vec,singapore,gdp,singapore.gdp.2024,baselines/artifacts/space2vec/singapore/singapore_Space2Vec_fsq_second_locenc_gdp_mean_d128__44825cbb0d.tif,raster,"{""name"": ""Space2Vec"", ""path"": ""baselines/artifacts/space2vec/singapore/singapore_Space2Vec_fsq_second_locenc_gdp_mean_d128__44825cbb0d.tif"", ""type"": ""raster""}",coordinate_encoder_task_specific_raster,direct Space2Vec inference at the target task raster pixel centers,True,False,False,baselines/artifacts/space2vec/singapore/singapore_Space2Vec_fsq_second_locenc_gdp_mean_d128__44825cbb0d.tif,full
space2vec,Space2Vec,singapore,nightlight,singapore.nightlight.2024,baselines/artifacts/space2vec/singapore/singapore_Space2Vec_fsq_second_locenc_nightlight_mean_d128__a9d4219b41.tif,raster,"{""name"": ""Space2Vec"", ""path"": ""baselines/artifacts/space2vec/singapore/singapore_Space2Vec_fsq_second_locenc_nightlight_mean_d128__a9d4219b41.tif"", ""type"": ""raster""}",coordinate_encoder_task_specific_raster,direct Space2Vec inference at nighttime-light task raster pixel centers,True,False,False,baselines/artifacts/space2vec/singapore/singapore_Space2Vec_fsq_second_locenc_nightlight_mean_d128__a9d4219b41.tif,full
space2vec,Space2Vec,singapore,pm25,singapore.pm25.2022,baselines/artifacts/space2vec/singapore/singapore_Space2Vec_fsq_second_locenc_pm25_mean_d128__7b24558806.tif,raster,"{""name"": ""Space2Vec"", ""path"": ""baselines/artifacts/space2vec/singapore/singapore_Space2Vec_fsq_second_locenc_pm25_mean_d128__7b24558806.tif"", ""type"": ""raster""}",coordinate_encoder_task_specific_raster,direct Space2Vec inference at the target task raster pixel centers,True,False,False,baselines/artifacts/space2vec/singapore/singapore_Space2Vec_fsq_second_locenc_pm25_mean_d128__7b24558806.tif,full
space2vec,Space2Vec,singapore,lst_day_mean,singapore.lst_day_mean.2024,baselines/artifacts/space2vec/singapore/singapore_Space2Vec_fsq_second_locenc_lst_day_mean_mean_d128__88e88f20fd.tif,raster,"{""name"": ""Space2Vec"", ""path"": ""baselines/artifacts/space2vec/singapore/singapore_Space2Vec_fsq_second_locenc_lst_day_mean_mean_d128__88e88f20fd.tif"", ""type"": ""raster""}",coordinate_encoder_task_specific_raster,direct Space2Vec inference at the target task raster pixel centers,True,False,False,baselines/artifacts/space2vec/singapore/singapore_Space2Vec_fsq_second_locenc_lst_day_mean_mean_d128__88e88f20fd.tif,full
space2vec,Space2Vec,sydney,landuse,sydney.landuse.2026,baselines/artifacts/space2vec/sydney/sydney_Space2Vec_fsq_second_locenc_landuse_points_d128__0c8088bab8.parquet,point_table,"{""crs"": ""EPSG:4326"", ""name"": ""Space2Vec"", ""path"": ""baselines/artifacts/space2vec/sydney/sydney_Space2Vec_fsq_second_locenc_landuse_points_d128__0c8088bab8.parquet"", ""point_id_col"": ""sample_id"", ""task_point_id_col"": ""sample_id"", ""type"": ""point_table"", ""x_col"": ""x"", ""y_col"": ""y""}",landuse_point_coordinate_encoder_table,land-use sample_id looked up in a point table generated by direct Space2Vec inference at each land-use point coordinate,True,False,False,baselines/artifacts/space2vec/sydney/sydney_Space2Vec_fsq_second_locenc_landuse_points_d128__0c8088bab8.parquet,full
space2vec,Space2Vec,sydney,road_density,sydney.road_density.2026,baselines/artifacts/space2vec/sydney/sydney_Space2Vec_fsq_second_locenc_road_density_mean_d128__8bd463dcb3.tif,raster,"{""name"": ""Space2Vec"", ""path"": ""baselines/artifacts/space2vec/sydney/sydney_Space2Vec_fsq_second_locenc_road_density_mean_d128__8bd463dcb3.tif"", ""type"": ""raster""}",coordinate_encoder_task_specific_raster,direct Space2Vec inference at the target task raster pixel centers,True,False,False,baselines/artifacts/space2vec/sydney/sydney_Space2Vec_fsq_second_locenc_road_density_mean_d128__8bd463dcb3.tif,full
space2vec,Space2Vec,sydney,population,sydney.population.2024,baselines/artifacts/space2vec/sydney/sydney_Space2Vec_fsq_second_locenc_population_mean_d128__5343697903.tif,raster,"{""name"": ""Space2Vec"", ""path"": ""baselines/artifacts/space2vec/sydney/sydney_Space2Vec_fsq_second_locenc_population_mean_d128__5343697903.tif"", ""type"": ""raster""}",coordinate_encoder_task_specific_raster,direct Space2Vec inference at the target task raster pixel centers,True,False,True,baselines/artifacts/space2vec/sydney/sydney_Space2Vec_fsq_second_locenc_population_mean_d128__5343697903.tif,full
space2vec,Space2Vec,sydney,age_distribution,sydney.age_distribution.2024,baselines/artifacts/space2vec/sydney/sydney_Space2Vec_fsq_second_locenc_age_distribution_mean_d128__ad8793494d.tif,raster,"{""name"": ""Space2Vec"", ""path"": ""baselines/artifacts/space2vec/sydney/sydney_Space2Vec_fsq_second_locenc_age_distribution_mean_d128__ad8793494d.tif"", ""type"": ""raster""}",coordinate_encoder_task_specific_raster,direct Space2Vec inference at the target task raster pixel centers,True,False,False,baselines/artifacts/space2vec/sydney/sydney_Space2Vec_fsq_second_locenc_age_distribution_mean_d128__ad8793494d.tif,full
space2vec,Space2Vec,sydney,gdp,sydney.gdp.2024,baselines/artifacts/space2vec/sydney/sydney_Space2Vec_fsq_second_locenc_gdp_mean_d128__aa7e718a25.tif,raster,"{""name"": ""Space2Vec"", ""path"": ""baselines/artifacts/space2vec/sydney/sydney_Space2Vec_fsq_second_locenc_gdp_mean_d128__aa7e718a25.tif"", ""type"": ""raster""}",coordinate_encoder_task_specific_raster,direct Space2Vec inference at the target task raster pixel centers,True,False,False,baselines/artifacts/space2vec/sydney/sydney_Space2Vec_fsq_second_locenc_gdp_mean_d128__aa7e718a25.tif,full
space2vec,Space2Vec,sydney,nightlight,sydney.nightlight.2024,baselines/artifacts/space2vec/sydney/sydney_Space2Vec_fsq_second_locenc_nightlight_mean_d128__6b14859df1.tif,raster,"{""name"": ""Space2Vec"", ""path"": ""baselines/artifacts/space2vec/sydney/sydney_Space2Vec_fsq_second_locenc_nightlight_mean_d128__6b14859df1.tif"", ""type"": ""raster""}",coordinate_encoder_task_specific_raster,direct Space2Vec inference at nighttime-light task raster pixel centers,True,False,False,baselines/artifacts/space2vec/sydney/sydney_Space2Vec_fsq_second_locenc_nightlight_mean_d128__6b14859df1.tif,full
space2vec,Space2Vec,sydney,pm25,sydney.pm25.2022,baselines/artifacts/space2vec/sydney/sydney_Space2Vec_fsq_second_locenc_pm25_mean_d128__c68e646b94.tif,raster,"{""name"": ""Space2Vec"", ""path"": ""baselines/artifacts/space2vec/sydney/sydney_Space2Vec_fsq_second_locenc_pm25_mean_d128__c68e646b94.tif"", ""type"": ""raster""}",coordinate_encoder_task_specific_raster,direct Space2Vec inference at the target task raster pixel centers,True,False,False,baselines/artifacts/space2vec/sydney/sydney_Space2Vec_fsq_second_locenc_pm25_mean_d128__c68e646b94.tif,full
space2vec,Space2Vec,sydney,lst_day_mean,sydney.lst_day_mean.2024,baselines/artifacts/space2vec/sydney/sydney_Space2Vec_fsq_second_locenc_lst_day_mean_mean_d128__06da03780c.tif,raster,"{""name"": ""Space2Vec"", ""path"": ""baselines/artifacts/space2vec/sydney/sydney_Space2Vec_fsq_second_locenc_lst_day_mean_mean_d128__06da03780c.tif"", ""type"": ""raster""}",coordinate_encoder_task_specific_raster,direct Space2Vec inference at the target task raster pixel centers,True,False,False,baselines/artifacts/space2vec/sydney/sydney_Space2Vec_fsq_second_locenc_lst_day_mean_mean_d128__06da03780c.tif,full
space2vec,Space2Vec,mumbai,landuse,mumbai.landuse.2026,baselines/artifacts/space2vec/mumbai/mumbai_Space2Vec_fsq_second_locenc_landuse_points_d128__4b0e5bff4d.parquet,point_table,"{""crs"": ""EPSG:4326"", ""name"": ""Space2Vec"", ""path"": ""baselines/artifacts/space2vec/mumbai/mumbai_Space2Vec_fsq_second_locenc_landuse_points_d128__4b0e5bff4d.parquet"", ""point_id_col"": ""sample_id"", ""task_point_id_col"": ""sample_id"", ""type"": ""point_table"", ""x_col"": ""x"", ""y_col"": ""y""}",landuse_point_coordinate_encoder_table,land-use sample_id looked up in a point table generated by direct Space2Vec inference at each land-use point coordinate,True,False,False,baselines/artifacts/space2vec/mumbai/mumbai_Space2Vec_fsq_second_locenc_landuse_points_d128__4b0e5bff4d.parquet,full
space2vec,Space2Vec,mumbai,road_density,mumbai.road_density.2026,baselines/artifacts/space2vec/mumbai/mumbai_Space2Vec_fsq_second_locenc_road_density_mean_d128__e4ea3aad5f.tif,raster,"{""name"": ""Space2Vec"", ""path"": ""baselines/artifacts/space2vec/mumbai/mumbai_Space2Vec_fsq_second_locenc_road_density_mean_d128__e4ea3aad5f.tif"", ""type"": ""raster""}",coordinate_encoder_task_specific_raster,direct Space2Vec inference at the target task raster pixel centers,True,False,False,baselines/artifacts/space2vec/mumbai/mumbai_Space2Vec_fsq_second_locenc_road_density_mean_d128__e4ea3aad5f.tif,full
space2vec,Space2Vec,mumbai,population,mumbai.population.2024,baselines/artifacts/space2vec/mumbai/mumbai_Space2Vec_fsq_second_locenc_population_mean_d128__efa340d825.tif,raster,"{""name"": ""Space2Vec"", ""path"": ""baselines/artifacts/space2vec/mumbai/mumbai_Space2Vec_fsq_second_locenc_population_mean_d128__efa340d825.tif"", ""type"": ""raster""}",coordinate_encoder_task_specific_raster,direct Space2Vec inference at the target task raster pixel centers,True,False,True,baselines/artifacts/space2vec/mumbai/mumbai_Space2Vec_fsq_second_locenc_population_mean_d128__efa340d825.tif,full
space2vec,Space2Vec,mumbai,age_distribution,mumbai.age_distribution.2024,baselines/artifacts/space2vec/mumbai/mumbai_Space2Vec_fsq_second_locenc_age_distribution_mean_d128__48968c262e.tif,raster,"{""name"": ""Space2Vec"", ""path"": ""baselines/artifacts/space2vec/mumbai/mumbai_Space2Vec_fsq_second_locenc_age_distribution_mean_d128__48968c262e.tif"", ""type"": ""raster""}",coordinate_encoder_task_specific_raster,direct Space2Vec inference at the target task raster pixel centers,True,False,False,baselines/artifacts/space2vec/mumbai/mumbai_Space2Vec_fsq_second_locenc_age_distribution_mean_d128__48968c262e.tif,full
space2vec,Space2Vec,mumbai,gdp,mumbai.gdp.2024,baselines/artifacts/space2vec/mumbai/mumbai_Space2Vec_fsq_second_locenc_gdp_mean_d128__5e15d726a2.tif,raster,"{""name"": ""Space2Vec"", ""path"": ""baselines/artifacts/space2vec/mumbai/mumbai_Space2Vec_fsq_second_locenc_gdp_mean_d128__5e15d726a2.tif"", ""type"": ""raster""}",coordinate_encoder_task_specific_raster,direct Space2Vec inference at the target task raster pixel centers,True,False,False,baselines/artifacts/space2vec/mumbai/mumbai_Space2Vec_fsq_second_locenc_gdp_mean_d128__5e15d726a2.tif,full
space2vec,Space2Vec,mumbai,nightlight,mumbai.nightlight.2024,baselines/artifacts/space2vec/mumbai/mumbai_Space2Vec_fsq_second_locenc_nightlight_mean_d128__eff328ca60.tif,raster,"{""name"": ""Space2Vec"", ""path"": ""baselines/artifacts/space2vec/mumbai/mumbai_Space2Vec_fsq_second_locenc_nightlight_mean_d128__eff328ca60.tif"", ""type"": ""raster""}",coordinate_encoder_task_specific_raster,direct Space2Vec inference at nighttime-light task raster pixel centers,True,False,False,baselines/artifacts/space2vec/mumbai/mumbai_Space2Vec_fsq_second_locenc_nightlight_mean_d128__eff328ca60.tif,full
space2vec,Space2Vec,mumbai,pm25,mumbai.pm25.2022,baselines/artifacts/space2vec/mumbai/mumbai_Space2Vec_fsq_second_locenc_pm25_mean_d128__11e08ef7f4.tif,raster,"{""name"": ""Space2Vec"", ""path"": ""baselines/artifacts/space2vec/mumbai/mumbai_Space2Vec_fsq_second_locenc_pm25_mean_d128__11e08ef7f4.tif"", ""type"": ""raster""}",coordinate_encoder_task_specific_raster,direct Space2Vec inference at the target task raster pixel centers,True,False,False,baselines/artifacts/space2vec/mumbai/mumbai_Space2Vec_fsq_second_locenc_pm25_mean_d128__11e08ef7f4.tif,full
space2vec,Space2Vec,mumbai,lst_day_mean,mumbai.lst_day_mean.2024,baselines/artifacts/space2vec/mumbai/mumbai_Space2Vec_fsq_second_locenc_lst_day_mean_mean_d128__5e0cd96b3e.tif,raster,"{""name"": ""Space2Vec"", ""path"": ""baselines/artifacts/space2vec/mumbai/mumbai_Space2Vec_fsq_second_locenc_lst_day_mean_mean_d128__5e0cd96b3e.tif"", ""type"": ""raster""}",coordinate_encoder_task_specific_raster,direct Space2Vec inference at the target task raster pixel centers,True,False,False,baselines/artifacts/space2vec/mumbai/mumbai_Space2Vec_fsq_second_locenc_lst_day_mean_mean_d128__5e0cd96b3e.tif,full
space2vec,Space2Vec,nairobi,landuse,nairobi.landuse.2026,baselines/artifacts/space2vec/nairobi/nairobi_Space2Vec_fsq_second_locenc_landuse_points_d128__70790d1df6.parquet,point_table,"{""crs"": ""EPSG:4326"", ""name"": ""Space2Vec"", ""path"": ""baselines/artifacts/space2vec/nairobi/nairobi_Space2Vec_fsq_second_locenc_landuse_points_d128__70790d1df6.parquet"", ""point_id_col"": ""sample_id"", ""task_point_id_col"": ""sample_id"", ""type"": ""point_table"", ""x_col"": ""x"", ""y_col"": ""y""}",landuse_point_coordinate_encoder_table,land-use sample_id looked up in a point table generated by direct Space2Vec inference at each land-use point coordinate,True,False,False,baselines/artifacts/space2vec/nairobi/nairobi_Space2Vec_fsq_second_locenc_landuse_points_d128__70790d1df6.parquet,full
space2vec,Space2Vec,nairobi,road_density,nairobi.road_density.2026,baselines/artifacts/space2vec/nairobi/nairobi_Space2Vec_fsq_second_locenc_road_density_mean_d128__b630e6df0d.tif,raster,"{""name"": ""Space2Vec"", ""path"": ""baselines/artifacts/space2vec/nairobi/nairobi_Space2Vec_fsq_second_locenc_road_density_mean_d128__b630e6df0d.tif"", ""type"": ""raster""}",coordinate_encoder_task_specific_raster,direct Space2Vec inference at the target task raster pixel centers,True,False,False,baselines/artifacts/space2vec/nairobi/nairobi_Space2Vec_fsq_second_locenc_road_density_mean_d128__b630e6df0d.tif,full
space2vec,Space2Vec,nairobi,population,nairobi.population.2024,baselines/artifacts/space2vec/nairobi/nairobi_Space2Vec_fsq_second_locenc_population_mean_d128__549f6f09e9.tif,raster,"{""name"": ""Space2Vec"", ""path"": ""baselines/artifacts/space2vec/nairobi/nairobi_Space2Vec_fsq_second_locenc_population_mean_d128__549f6f09e9.tif"", ""type"": ""raster""}",coordinate_encoder_task_specific_raster,direct Space2Vec inference at the target task raster pixel centers,True,False,True,baselines/artifacts/space2vec/nairobi/nairobi_Space2Vec_fsq_second_locenc_population_mean_d128__549f6f09e9.tif,full
space2vec,Space2Vec,nairobi,age_distribution,nairobi.age_distribution.2024,baselines/artifacts/space2vec/nairobi/nairobi_Space2Vec_fsq_second_locenc_age_distribution_mean_d128__d2048e3a49.tif,raster,"{""name"": ""Space2Vec"", ""path"": ""baselines/artifacts/space2vec/nairobi/nairobi_Space2Vec_fsq_second_locenc_age_distribution_mean_d128__d2048e3a49.tif"", ""type"": ""raster""}",coordinate_encoder_task_specific_raster,direct Space2Vec inference at the target task raster pixel centers,True,False,False,baselines/artifacts/space2vec/nairobi/nairobi_Space2Vec_fsq_second_locenc_age_distribution_mean_d128__d2048e3a49.tif,full
space2vec,Space2Vec,nairobi,gdp,nairobi.gdp.2024,baselines/artifacts/space2vec/nairobi/nairobi_Space2Vec_fsq_second_locenc_gdp_mean_d128__1393c67d5c.tif,raster,"{""name"": ""Space2Vec"", ""path"": ""baselines/artifacts/space2vec/nairobi/nairobi_Space2Vec_fsq_second_locenc_gdp_mean_d128__1393c67d5c.tif"", ""type"": ""raster""}",coordinate_encoder_task_specific_raster,direct Space2Vec inference at the target task raster pixel centers,True,False,False,baselines/artifacts/space2vec/nairobi/nairobi_Space2Vec_fsq_second_locenc_gdp_mean_d128__1393c67d5c.tif,full
space2vec,Space2Vec,nairobi,nightlight,nairobi.nightlight.2024,baselines/artifacts/space2vec/nairobi/nairobi_Space2Vec_fsq_second_locenc_nightlight_mean_d128__1ecfa2a29e.tif,raster,"{""name"": ""Space2Vec"", ""path"": ""baselines/artifacts/space2vec/nairobi/nairobi_Space2Vec_fsq_second_locenc_nightlight_mean_d128__1ecfa2a29e.tif"", ""type"": ""raster""}",coordinate_encoder_task_specific_raster,direct Space2Vec inference at nighttime-light task raster pixel centers,True,False,False,baselines/artifacts/space2vec/nairobi/nairobi_Space2Vec_fsq_second_locenc_nightlight_mean_d128__1ecfa2a29e.tif,full
space2vec,Space2Vec,nairobi,pm25,nairobi.pm25.2022,baselines/artifacts/space2vec/nairobi/nairobi_Space2Vec_fsq_second_locenc_pm25_mean_d128__70a444c667.tif,raster,"{""name"": ""Space2Vec"", ""path"": ""baselines/artifacts/space2vec/nairobi/nairobi_Space2Vec_fsq_second_locenc_pm25_mean_d128__70a444c667.tif"", ""type"": ""raster""}",coordinate_encoder_task_specific_raster,direct Space2Vec inference at the target task raster pixel centers,True,False,False,baselines/artifacts/space2vec/nairobi/nairobi_Space2Vec_fsq_second_locenc_pm25_mean_d128__70a444c667.tif,full
space2vec,Space2Vec,nairobi,lst_day_mean,nairobi.lst_day_mean.2024,baselines/artifacts/space2vec/nairobi/nairobi_Space2Vec_fsq_second_locenc_lst_day_mean_mean_d128__58912e5ca8.tif,raster,"{""name"": ""Space2Vec"", ""path"": ""baselines/artifacts/space2vec/nairobi/nairobi_Space2Vec_fsq_second_locenc_lst_day_mean_mean_d128__58912e5ca8.tif"", ""type"": ""raster""}",coordinate_encoder_task_specific_raster,direct Space2Vec inference at the target task raster pixel centers,True,False,False,baselines/artifacts/space2vec/nairobi/nairobi_Space2Vec_fsq_second_locenc_lst_day_mean_mean_d128__58912e5ca8.tif,full
space2vec,Space2Vec,jakarta,landuse,jakarta.landuse.2026,baselines/artifacts/space2vec/jakarta/jakarta_Space2Vec_fsq_second_locenc_landuse_points_d128__aefaf3857d.parquet,point_table,"{""crs"": ""EPSG:4326"", ""name"": ""Space2Vec"", ""path"": ""baselines/artifacts/space2vec/jakarta/jakarta_Space2Vec_fsq_second_locenc_landuse_points_d128__aefaf3857d.parquet"", ""point_id_col"": ""sample_id"", ""task_point_id_col"": ""sample_id"", ""type"": ""point_table"", ""x_col"": ""x"", ""y_col"": ""y""}",landuse_point_coordinate_encoder_table,land-use sample_id looked up in a point table generated by direct Space2Vec inference at each land-use point coordinate,True,False,False,baselines/artifacts/space2vec/jakarta/jakarta_Space2Vec_fsq_second_locenc_landuse_points_d128__aefaf3857d.parquet,full
space2vec,Space2Vec,jakarta,road_density,jakarta.road_density.2026,baselines/artifacts/space2vec/jakarta/jakarta_Space2Vec_fsq_second_locenc_road_density_mean_d128__469eee3350.tif,raster,"{""name"": ""Space2Vec"", ""path"": ""baselines/artifacts/space2vec/jakarta/jakarta_Space2Vec_fsq_second_locenc_road_density_mean_d128__469eee3350.tif"", ""type"": ""raster""}",coordinate_encoder_task_specific_raster,direct Space2Vec inference at the target task raster pixel centers,True,False,False,baselines/artifacts/space2vec/jakarta/jakarta_Space2Vec_fsq_second_locenc_road_density_mean_d128__469eee3350.tif,full
space2vec,Space2Vec,jakarta,population,jakarta.population.2024,baselines/artifacts/space2vec/jakarta/jakarta_Space2Vec_fsq_second_locenc_population_mean_d128__3d73a76c49.tif,raster,"{""name"": ""Space2Vec"", ""path"": ""baselines/artifacts/space2vec/jakarta/jakarta_Space2Vec_fsq_second_locenc_population_mean_d128__3d73a76c49.tif"", ""type"": ""raster""}",coordinate_encoder_task_specific_raster,direct Space2Vec inference at the target task raster pixel centers,True,False,True,baselines/artifacts/space2vec/jakarta/jakarta_Space2Vec_fsq_second_locenc_population_mean_d128__3d73a76c49.tif,full
space2vec,Space2Vec,jakarta,age_distribution,jakarta.age_distribution.2024,baselines/artifacts/space2vec/jakarta/jakarta_Space2Vec_fsq_second_locenc_age_distribution_mean_d128__02d9f7704f.tif,raster,"{""name"": ""Space2Vec"", ""path"": ""baselines/artifacts/space2vec/jakarta/jakarta_Space2Vec_fsq_second_locenc_age_distribution_mean_d128__02d9f7704f.tif"", ""type"": ""raster""}",coordinate_encoder_task_specific_raster,direct Space2Vec inference at the target task raster pixel centers,True,False,False,baselines/artifacts/space2vec/jakarta/jakarta_Space2Vec_fsq_second_locenc_age_distribution_mean_d128__02d9f7704f.tif,full
space2vec,Space2Vec,jakarta,gdp,jakarta.gdp.2024,baselines/artifacts/space2vec/jakarta/jakarta_Space2Vec_fsq_second_locenc_gdp_mean_d128__1ab05298fb.tif,raster,"{""name"": ""Space2Vec"", ""path"": ""baselines/artifacts/space2vec/jakarta/jakarta_Space2Vec_fsq_second_locenc_gdp_mean_d128__1ab05298fb.tif"", ""type"": ""raster""}",coordinate_encoder_task_specific_raster,direct Space2Vec inference at the target task raster pixel centers,True,False,False,baselines/artifacts/space2vec/jakarta/jakarta_Space2Vec_fsq_second_locenc_gdp_mean_d128__1ab05298fb.tif,full
space2vec,Space2Vec,jakarta,nightlight,jakarta.nightlight.2024,baselines/artifacts/space2vec/jakarta/jakarta_Space2Vec_fsq_second_locenc_nightlight_mean_d128__6fba9d7366.tif,raster,"{""name"": ""Space2Vec"", ""path"": ""baselines/artifacts/space2vec/jakarta/jakarta_Space2Vec_fsq_second_locenc_nightlight_mean_d128__6fba9d7366.tif"", ""type"": ""raster""}",coordinate_encoder_task_specific_raster,direct Space2Vec inference at nighttime-light task raster pixel centers,True,False,False,baselines/artifacts/space2vec/jakarta/jakarta_Space2Vec_fsq_second_locenc_nightlight_mean_d128__6fba9d7366.tif,full
space2vec,Space2Vec,jakarta,pm25,jakarta.pm25.2022,baselines/artifacts/space2vec/jakarta/jakarta_Space2Vec_fsq_second_locenc_pm25_mean_d128__1c5d9236e2.tif,raster,"{""name"": ""Space2Vec"", ""path"": ""baselines/artifacts/space2vec/jakarta/jakarta_Space2Vec_fsq_second_locenc_pm25_mean_d128__1c5d9236e2.tif"", ""type"": ""raster""}",coordinate_encoder_task_specific_raster,direct Space2Vec inference at the target task raster pixel centers,True,False,False,baselines/artifacts/space2vec/jakarta/jakarta_Space2Vec_fsq_second_locenc_pm25_mean_d128__1c5d9236e2.tif,full
space2vec,Space2Vec,jakarta,lst_day_mean,jakarta.lst_day_mean.2024,baselines/artifacts/space2vec/jakarta/jakarta_Space2Vec_fsq_second_locenc_lst_day_mean_mean_d128__d2305a7862.tif,raster,"{""name"": ""Space2Vec"", ""path"": ""baselines/artifacts/space2vec/jakarta/jakarta_Space2Vec_fsq_second_locenc_lst_day_mean_mean_d128__d2305a7862.tif"", ""type"": ""raster""}",coordinate_encoder_task_specific_raster,direct Space2Vec inference at the target task raster pixel centers,True,False,False,baselines/artifacts/space2vec/jakarta/jakarta_Space2Vec_fsq_second_locenc_lst_day_mean_mean_d128__d2305a7862.tif,full
space2vec,Space2Vec,cape_town,landuse,cape_town.landuse.2026,baselines/artifacts/space2vec/cape_town/cape_town_Space2Vec_fsq_second_locenc_landuse_points_d128__8e809b1bef.parquet,point_table,"{""crs"": ""EPSG:4326"", ""name"": ""Space2Vec"", ""path"": ""baselines/artifacts/space2vec/cape_town/cape_town_Space2Vec_fsq_second_locenc_landuse_points_d128__8e809b1bef.parquet"", ""point_id_col"": ""sample_id"", ""task_point_id_col"": ""sample_id"", ""type"": ""point_table"", ""x_col"": ""x"", ""y_col"": ""y""}",landuse_point_coordinate_encoder_table,land-use sample_id looked up in a point table generated by direct Space2Vec inference at each land-use point coordinate,True,False,False,baselines/artifacts/space2vec/cape_town/cape_town_Space2Vec_fsq_second_locenc_landuse_points_d128__8e809b1bef.parquet,full
space2vec,Space2Vec,cape_town,road_density,cape_town.road_density.2026,baselines/artifacts/space2vec/cape_town/cape_town_Space2Vec_fsq_second_locenc_road_density_mean_d128__e0bee6cc14.tif,raster,"{""name"": ""Space2Vec"", ""path"": ""baselines/artifacts/space2vec/cape_town/cape_town_Space2Vec_fsq_second_locenc_road_density_mean_d128__e0bee6cc14.tif"", ""type"": ""raster""}",coordinate_encoder_task_specific_raster,direct Space2Vec inference at the target task raster pixel centers,True,False,False,baselines/artifacts/space2vec/cape_town/cape_town_Space2Vec_fsq_second_locenc_road_density_mean_d128__e0bee6cc14.tif,full
space2vec,Space2Vec,cape_town,population,cape_town.population.2024,baselines/artifacts/space2vec/cape_town/cape_town_Space2Vec_fsq_second_locenc_population_mean_d128__4806a21781.tif,raster,"{""name"": ""Space2Vec"", ""path"": ""baselines/artifacts/space2vec/cape_town/cape_town_Space2Vec_fsq_second_locenc_population_mean_d128__4806a21781.tif"", ""type"": ""raster""}",coordinate_encoder_task_specific_raster,direct Space2Vec inference at the target task raster pixel centers,True,False,True,baselines/artifacts/space2vec/cape_town/cape_town_Space2Vec_fsq_second_locenc_population_mean_d128__4806a21781.tif,full
space2vec,Space2Vec,cape_town,age_distribution,cape_town.age_distribution.2024,baselines/artifacts/space2vec/cape_town/cape_town_Space2Vec_fsq_second_locenc_age_distribution_mean_d128__580bf88d00.tif,raster,"{""name"": ""Space2Vec"", ""path"": ""baselines/artifacts/space2vec/cape_town/cape_town_Space2Vec_fsq_second_locenc_age_distribution_mean_d128__580bf88d00.tif"", ""type"": ""raster""}",coordinate_encoder_task_specific_raster,direct Space2Vec inference at the target task raster pixel centers,True,False,False,baselines/artifacts/space2vec/cape_town/cape_town_Space2Vec_fsq_second_locenc_age_distribution_mean_d128__580bf88d00.tif,full
space2vec,Space2Vec,cape_town,gdp,cape_town.gdp.2024,baselines/artifacts/space2vec/cape_town/cape_town_Space2Vec_fsq_second_locenc_gdp_mean_d128__62e3a12a77.tif,raster,"{""name"": ""Space2Vec"", ""path"": ""baselines/artifacts/space2vec/cape_town/cape_town_Space2Vec_fsq_second_locenc_gdp_mean_d128__62e3a12a77.tif"", ""type"": ""raster""}",coordinate_encoder_task_specific_raster,direct Space2Vec inference at the target task raster pixel centers,True,False,False,baselines/artifacts/space2vec/cape_town/cape_town_Space2Vec_fsq_second_locenc_gdp_mean_d128__62e3a12a77.tif,full
space2vec,Space2Vec,cape_town,nightlight,cape_town.nightlight.2024,baselines/artifacts/space2vec/cape_town/cape_town_Space2Vec_fsq_second_locenc_nightlight_mean_d128__3f27e64af9.tif,raster,"{""name"": ""Space2Vec"", ""path"": ""baselines/artifacts/space2vec/cape_town/cape_town_Space2Vec_fsq_second_locenc_nightlight_mean_d128__3f27e64af9.tif"", ""type"": ""raster""}",coordinate_encoder_task_specific_raster,direct Space2Vec inference at nighttime-light task raster pixel centers,True,False,False,baselines/artifacts/space2vec/cape_town/cape_town_Space2Vec_fsq_second_locenc_nightlight_mean_d128__3f27e64af9.tif,full
space2vec,Space2Vec,cape_town,pm25,cape_town.pm25.2022,baselines/artifacts/space2vec/cape_town/cape_town_Space2Vec_fsq_second_locenc_pm25_mean_d128__e03b7c2c0b.tif,raster,"{""name"": ""Space2Vec"", ""path"": ""baselines/artifacts/space2vec/cape_town/cape_town_Space2Vec_fsq_second_locenc_pm25_mean_d128__e03b7c2c0b.tif"", ""type"": ""raster""}",coordinate_encoder_task_specific_raster,direct Space2Vec inference at the target task raster pixel centers,True,False,False,baselines/artifacts/space2vec/cape_town/cape_town_Space2Vec_fsq_second_locenc_pm25_mean_d128__e03b7c2c0b.tif,full
space2vec,Space2Vec,cape_town,lst_day_mean,cape_town.lst_day_mean.2024,baselines/artifacts/space2vec/cape_town/cape_town_Space2Vec_fsq_second_locenc_lst_day_mean_mean_d128__e17c0eb224.tif,raster,"{""name"": ""Space2Vec"", ""path"": ""baselines/artifacts/space2vec/cape_town/cape_town_Space2Vec_fsq_second_locenc_lst_day_mean_mean_d128__e17c0eb224.tif"", ""type"": ""raster""}",coordinate_encoder_task_specific_raster,direct Space2Vec inference at the target task raster pixel centers,True,False,False,baselines/artifacts/space2vec/cape_town/cape_town_Space2Vec_fsq_second_locenc_lst_day_mean_mean_d128__e17c0eb224.tif,full
calliper,CaLLiPer,london,landuse,london.landuse.2026,baselines/artifacts/calliper/london/london_CaLLiPer_landuse_points_d128__339c7c2a5b.parquet,point_table,"{""crs"": ""EPSG:4326"", ""name"": ""CaLLiPer"", ""path"": ""baselines/artifacts/calliper/london/london_CaLLiPer_landuse_points_d128__339c7c2a5b.parquet"", ""point_id_col"": ""sample_id"", ""task_point_id_col"": ""sample_id"", ""type"": ""point_table"", ""x_col"": ""x"", ""y_col"": ""y""}",landuse_point_coordinate_encoder_table,Not released for public evaluation: the London payload is a synthetic schema demo and has no corresponding benchmark embeddings.,False,False,False,baselines/artifacts/calliper/london/london_CaLLiPer_landuse_points_d128__339c7c2a5b.parquet,synthetic_demo_only_no_embedding
calliper,CaLLiPer,london,road_density,london.road_density.2026,baselines/artifacts/calliper/london/london_CaLLiPer_taskgrid_road_density_d128__1c8332370e.tif,raster,"{""name"": ""CaLLiPer"", ""path"": ""baselines/artifacts/calliper/london/london_CaLLiPer_taskgrid_road_density_d128__1c8332370e.tif"", ""type"": ""raster""}",coordinate_encoder_task_specific_raster,direct CaLLiPer inference at the target task raster pixel centers,True,False,False,baselines/artifacts/calliper/london/london_CaLLiPer_taskgrid_road_density_d128__1c8332370e.tif,full
calliper,CaLLiPer,london,population,london.population.2024,baselines/artifacts/calliper/london/london_CaLLiPer_taskgrid_population_d128__70f95ba877.tif,raster,"{""name"": ""CaLLiPer"", ""path"": ""baselines/artifacts/calliper/london/london_CaLLiPer_taskgrid_population_d128__70f95ba877.tif"", ""type"": ""raster""}",coordinate_encoder_task_specific_raster,direct CaLLiPer inference at the target task raster pixel centers,True,False,True,baselines/artifacts/calliper/london/london_CaLLiPer_taskgrid_population_d128__70f95ba877.tif,full
calliper,CaLLiPer,london,age_distribution,london.age_distribution.2024,baselines/artifacts/calliper/london/london_CaLLiPer_taskgrid_age_distribution_d128__d887318067.tif,raster,"{""name"": ""CaLLiPer"", ""path"": ""baselines/artifacts/calliper/london/london_CaLLiPer_taskgrid_age_distribution_d128__d887318067.tif"", ""type"": ""raster""}",coordinate_encoder_task_specific_raster,direct CaLLiPer inference at the target task raster pixel centers,True,False,False,baselines/artifacts/calliper/london/london_CaLLiPer_taskgrid_age_distribution_d128__d887318067.tif,full
calliper,CaLLiPer,london,gdp,london.gdp.2024,baselines/artifacts/calliper/london/london_CaLLiPer_taskgrid_gdp_d128__83afa0af64.tif,raster,"{""name"": ""CaLLiPer"", ""path"": ""baselines/artifacts/calliper/london/london_CaLLiPer_taskgrid_gdp_d128__83afa0af64.tif"", ""type"": ""raster""}",coordinate_encoder_task_specific_raster,direct CaLLiPer inference at the target task raster pixel centers,True,False,False,baselines/artifacts/calliper/london/london_CaLLiPer_taskgrid_gdp_d128__83afa0af64.tif,full
calliper,CaLLiPer,london,nightlight,london.nightlight.2024,baselines/artifacts/calliper/london/london_CaLLiPer_taskgrid_nightlight_d128__a7398ef87b.tif,raster,"{""name"": ""CaLLiPer"", ""path"": ""baselines/artifacts/calliper/london/london_CaLLiPer_taskgrid_nightlight_d128__a7398ef87b.tif"", ""type"": ""raster""}",coordinate_encoder_task_specific_raster,direct CaLLiPer inference at nighttime-light task raster pixel centers,True,False,False,baselines/artifacts/calliper/london/london_CaLLiPer_taskgrid_nightlight_d128__a7398ef87b.tif,full
calliper,CaLLiPer,london,pm25,london.pm25.2022,baselines/artifacts/calliper/london/london_CaLLiPer_taskgrid_pm25_d128__4482ddedc8.tif,raster,"{""name"": ""CaLLiPer"", ""path"": ""baselines/artifacts/calliper/london/london_CaLLiPer_taskgrid_pm25_d128__4482ddedc8.tif"", ""type"": ""raster""}",coordinate_encoder_task_specific_raster,direct CaLLiPer inference at the target task raster pixel centers,True,False,False,baselines/artifacts/calliper/london/london_CaLLiPer_taskgrid_pm25_d128__4482ddedc8.tif,full
calliper,CaLLiPer,london,lst_day_mean,london.lst_day_mean.2024,baselines/artifacts/calliper/london/london_CaLLiPer_taskgrid_lst_day_mean_d128__e4d9c67d8d.tif,raster,"{""name"": ""CaLLiPer"", ""path"": ""baselines/artifacts/calliper/london/london_CaLLiPer_taskgrid_lst_day_mean_d128__e4d9c67d8d.tif"", ""type"": ""raster""}",coordinate_encoder_task_specific_raster,direct CaLLiPer inference at the target task raster pixel centers,True,False,False,baselines/artifacts/calliper/london/london_CaLLiPer_taskgrid_lst_day_mean_d128__e4d9c67d8d.tif,full
calliper,CaLLiPer,new_york,landuse,new_york.landuse.2026,baselines/artifacts/calliper/new_york/new_york_CaLLiPer_landuse_points_d128__87884a6a5c.parquet,point_table,"{""crs"": ""EPSG:4326"", ""name"": ""CaLLiPer"", ""path"": ""baselines/artifacts/calliper/new_york/new_york_CaLLiPer_landuse_points_d128__87884a6a5c.parquet"", ""point_id_col"": ""sample_id"", ""task_point_id_col"": ""sample_id"", ""type"": ""point_table"", ""x_col"": ""x"", ""y_col"": ""y""}",landuse_point_coordinate_encoder_table,land-use sample_id looked up in a point table generated by direct CaLLiPer inference at each land-use point coordinate,True,False,False,baselines/artifacts/calliper/new_york/new_york_CaLLiPer_landuse_points_d128__87884a6a5c.parquet,full
calliper,CaLLiPer,new_york,road_density,new_york.road_density.2026,baselines/artifacts/calliper/new_york/new_york_CaLLiPer_taskgrid_road_density_d128__e47ce8a511.tif,raster,"{""name"": ""CaLLiPer"", ""path"": ""baselines/artifacts/calliper/new_york/new_york_CaLLiPer_taskgrid_road_density_d128__e47ce8a511.tif"", ""type"": ""raster""}",coordinate_encoder_task_specific_raster,direct CaLLiPer inference at the target task raster pixel centers,True,False,False,baselines/artifacts/calliper/new_york/new_york_CaLLiPer_taskgrid_road_density_d128__e47ce8a511.tif,full
calliper,CaLLiPer,new_york,population,new_york.population.2024,baselines/artifacts/calliper/new_york/new_york_CaLLiPer_taskgrid_population_d128__64d859f965.tif,raster,"{""name"": ""CaLLiPer"", ""path"": ""baselines/artifacts/calliper/new_york/new_york_CaLLiPer_taskgrid_population_d128__64d859f965.tif"", ""type"": ""raster""}",coordinate_encoder_task_specific_raster,direct CaLLiPer inference at the target task raster pixel centers,True,False,True,baselines/artifacts/calliper/new_york/new_york_CaLLiPer_taskgrid_population_d128__64d859f965.tif,full
calliper,CaLLiPer,new_york,age_distribution,new_york.age_distribution.2024,baselines/artifacts/calliper/new_york/new_york_CaLLiPer_taskgrid_age_distribution_d128__7e153bf4d0.tif,raster,"{""name"": ""CaLLiPer"", ""path"": ""baselines/artifacts/calliper/new_york/new_york_CaLLiPer_taskgrid_age_distribution_d128__7e153bf4d0.tif"", ""type"": ""raster""}",coordinate_encoder_task_specific_raster,direct CaLLiPer inference at the target task raster pixel centers,True,False,False,baselines/artifacts/calliper/new_york/new_york_CaLLiPer_taskgrid_age_distribution_d128__7e153bf4d0.tif,full
calliper,CaLLiPer,new_york,gdp,new_york.gdp.2024,baselines/artifacts/calliper/new_york/new_york_CaLLiPer_taskgrid_gdp_d128__57a5117f1b.tif,raster,"{""name"": ""CaLLiPer"", ""path"": ""baselines/artifacts/calliper/new_york/new_york_CaLLiPer_taskgrid_gdp_d128__57a5117f1b.tif"", ""type"": ""raster""}",coordinate_encoder_task_specific_raster,direct CaLLiPer inference at the target task raster pixel centers,True,False,False,baselines/artifacts/calliper/new_york/new_york_CaLLiPer_taskgrid_gdp_d128__57a5117f1b.tif,full
calliper,CaLLiPer,new_york,nightlight,new_york.nightlight.2024,baselines/artifacts/calliper/new_york/new_york_CaLLiPer_taskgrid_nightlight_d128__15ef5da128.tif,raster,"{""name"": ""CaLLiPer"", ""path"": ""baselines/artifacts/calliper/new_york/new_york_CaLLiPer_taskgrid_nightlight_d128__15ef5da128.tif"", ""type"": ""raster""}",coordinate_encoder_task_specific_raster,direct CaLLiPer inference at nighttime-light task raster pixel centers,True,False,False,baselines/artifacts/calliper/new_york/new_york_CaLLiPer_taskgrid_nightlight_d128__15ef5da128.tif,full
calliper,CaLLiPer,new_york,pm25,new_york.pm25.2022,baselines/artifacts/calliper/new_york/new_york_CaLLiPer_taskgrid_pm25_d128__c116268c22.tif,raster,"{""name"": ""CaLLiPer"", ""path"": ""baselines/artifacts/calliper/new_york/new_york_CaLLiPer_taskgrid_pm25_d128__c116268c22.tif"", ""type"": ""raster""}",coordinate_encoder_task_specific_raster,direct CaLLiPer inference at the target task raster pixel centers,True,False,False,baselines/artifacts/calliper/new_york/new_york_CaLLiPer_taskgrid_pm25_d128__c116268c22.tif,full
calliper,CaLLiPer,new_york,lst_day_mean,new_york.lst_day_mean.2024,baselines/artifacts/calliper/new_york/new_york_CaLLiPer_taskgrid_lst_day_mean_d128__cdcfce5f3a.tif,raster,"{""name"": ""CaLLiPer"", ""path"": ""baselines/artifacts/calliper/new_york/new_york_CaLLiPer_taskgrid_lst_day_mean_d128__cdcfce5f3a.tif"", ""type"": ""raster""}",coordinate_encoder_task_specific_raster,direct CaLLiPer inference at the target task raster pixel centers,True,False,False,baselines/artifacts/calliper/new_york/new_york_CaLLiPer_taskgrid_lst_day_mean_d128__cdcfce5f3a.tif,full
calliper,CaLLiPer,singapore,landuse,singapore.landuse.2026,baselines/artifacts/calliper/singapore/singapore_CaLLiPer_landuse_points_d128__d7930bec3f.parquet,point_table,"{""crs"": ""EPSG:4326"", ""name"": ""CaLLiPer"", ""path"": ""baselines/artifacts/calliper/singapore/singapore_CaLLiPer_landuse_points_d128__d7930bec3f.parquet"", ""point_id_col"": ""sample_id"", ""task_point_id_col"": ""sample_id"", ""type"": ""point_table"", ""x_col"": ""x"", ""y_col"": ""y""}",landuse_point_coordinate_encoder_table,land-use sample_id looked up in a point table generated by direct CaLLiPer inference at each land-use point coordinate,True,False,False,baselines/artifacts/calliper/singapore/singapore_CaLLiPer_landuse_points_d128__d7930bec3f.parquet,full
calliper,CaLLiPer,singapore,road_density,singapore.road_density.2026,baselines/artifacts/calliper/singapore/singapore_CaLLiPer_taskgrid_road_density_d128__163a6c2293.tif,raster,"{""name"": ""CaLLiPer"", ""path"": ""baselines/artifacts/calliper/singapore/singapore_CaLLiPer_taskgrid_road_density_d128__163a6c2293.tif"", ""type"": ""raster""}",coordinate_encoder_task_specific_raster,direct CaLLiPer inference at the target task raster pixel centers,True,False,False,baselines/artifacts/calliper/singapore/singapore_CaLLiPer_taskgrid_road_density_d128__163a6c2293.tif,full
calliper,CaLLiPer,singapore,population,singapore.population.2024,baselines/artifacts/calliper/singapore/singapore_CaLLiPer_taskgrid_population_d128__250e0772f6.tif,raster,"{""name"": ""CaLLiPer"", ""path"": ""baselines/artifacts/calliper/singapore/singapore_CaLLiPer_taskgrid_population_d128__250e0772f6.tif"", ""type"": ""raster""}",coordinate_encoder_task_specific_raster,direct CaLLiPer inference at the target task raster pixel centers,True,False,True,baselines/artifacts/calliper/singapore/singapore_CaLLiPer_taskgrid_population_d128__250e0772f6.tif,full
calliper,CaLLiPer,singapore,age_distribution,singapore.age_distribution.2024,baselines/artifacts/calliper/singapore/singapore_CaLLiPer_taskgrid_age_distribution_d128__138c3972d0.tif,raster,"{""name"": ""CaLLiPer"", ""path"": ""baselines/artifacts/calliper/singapore/singapore_CaLLiPer_taskgrid_age_distribution_d128__138c3972d0.tif"", ""type"": ""raster""}",coordinate_encoder_task_specific_raster,direct CaLLiPer inference at the target task raster pixel centers,True,False,False,baselines/artifacts/calliper/singapore/singapore_CaLLiPer_taskgrid_age_distribution_d128__138c3972d0.tif,full
calliper,CaLLiPer,singapore,gdp,singapore.gdp.2024,baselines/artifacts/calliper/singapore/singapore_CaLLiPer_taskgrid_gdp_d128__409e749a21.tif,raster,"{""name"": ""CaLLiPer"", ""path"": ""baselines/artifacts/calliper/singapore/singapore_CaLLiPer_taskgrid_gdp_d128__409e749a21.tif"", ""type"": ""raster""}",coordinate_encoder_task_specific_raster,direct CaLLiPer inference at the target task raster pixel centers,True,False,False,baselines/artifacts/calliper/singapore/singapore_CaLLiPer_taskgrid_gdp_d128__409e749a21.tif,full
calliper,CaLLiPer,singapore,nightlight,singapore.nightlight.2024,baselines/artifacts/calliper/singapore/singapore_CaLLiPer_taskgrid_nightlight_d128__12ce207559.tif,raster,"{""name"": ""CaLLiPer"", ""path"": ""baselines/artifacts/calliper/singapore/singapore_CaLLiPer_taskgrid_nightlight_d128__12ce207559.tif"", ""type"": ""raster""}",coordinate_encoder_task_specific_raster,direct CaLLiPer inference at nighttime-light task raster pixel centers,True,False,False,baselines/artifacts/calliper/singapore/singapore_CaLLiPer_taskgrid_nightlight_d128__12ce207559.tif,full
calliper,CaLLiPer,singapore,pm25,singapore.pm25.2022,baselines/artifacts/calliper/singapore/singapore_CaLLiPer_taskgrid_pm25_d128__bb3f7b10fe.tif,raster,"{""name"": ""CaLLiPer"", ""path"": ""baselines/artifacts/calliper/singapore/singapore_CaLLiPer_taskgrid_pm25_d128__bb3f7b10fe.tif"", ""type"": ""raster""}",coordinate_encoder_task_specific_raster,direct CaLLiPer inference at the target task raster pixel centers,True,False,False,baselines/artifacts/calliper/singapore/singapore_CaLLiPer_taskgrid_pm25_d128__bb3f7b10fe.tif,full
calliper,CaLLiPer,singapore,lst_day_mean,singapore.lst_day_mean.2024,baselines/artifacts/calliper/singapore/singapore_CaLLiPer_taskgrid_lst_day_mean_d128__0dc1d8ad1c.tif,raster,"{""name"": ""CaLLiPer"", ""path"": ""baselines/artifacts/calliper/singapore/singapore_CaLLiPer_taskgrid_lst_day_mean_d128__0dc1d8ad1c.tif"", ""type"": ""raster""}",coordinate_encoder_task_specific_raster,direct CaLLiPer inference at the target task raster pixel centers,True,False,False,baselines/artifacts/calliper/singapore/singapore_CaLLiPer_taskgrid_lst_day_mean_d128__0dc1d8ad1c.tif,full
calliper,CaLLiPer,sydney,landuse,sydney.landuse.2026,baselines/artifacts/calliper/sydney/sydney_CaLLiPer_landuse_points_d128__da283d2015.parquet,point_table,"{""crs"": ""EPSG:4326"", ""name"": ""CaLLiPer"", ""path"": ""baselines/artifacts/calliper/sydney/sydney_CaLLiPer_landuse_points_d128__da283d2015.parquet"", ""point_id_col"": ""sample_id"", ""task_point_id_col"": ""sample_id"", ""type"": ""point_table"", ""x_col"": ""x"", ""y_col"": ""y""}",landuse_point_coordinate_encoder_table,land-use sample_id looked up in a point table generated by direct CaLLiPer inference at each land-use point coordinate,True,False,False,baselines/artifacts/calliper/sydney/sydney_CaLLiPer_landuse_points_d128__da283d2015.parquet,full
calliper,CaLLiPer,sydney,road_density,sydney.road_density.2026,baselines/artifacts/calliper/sydney/sydney_CaLLiPer_taskgrid_road_density_d128__8c3d7261b8.tif,raster,"{""name"": ""CaLLiPer"", ""path"": ""baselines/artifacts/calliper/sydney/sydney_CaLLiPer_taskgrid_road_density_d128__8c3d7261b8.tif"", ""type"": ""raster""}",coordinate_encoder_task_specific_raster,direct CaLLiPer inference at the target task raster pixel centers,True,False,False,baselines/artifacts/calliper/sydney/sydney_CaLLiPer_taskgrid_road_density_d128__8c3d7261b8.tif,full
calliper,CaLLiPer,sydney,population,sydney.population.2024,baselines/artifacts/calliper/sydney/sydney_CaLLiPer_taskgrid_population_d128__590a5a0a28.tif,raster,"{""name"": ""CaLLiPer"", ""path"": ""baselines/artifacts/calliper/sydney/sydney_CaLLiPer_taskgrid_population_d128__590a5a0a28.tif"", ""type"": ""raster""}",coordinate_encoder_task_specific_raster,direct CaLLiPer inference at the target task raster pixel centers,True,False,True,baselines/artifacts/calliper/sydney/sydney_CaLLiPer_taskgrid_population_d128__590a5a0a28.tif,full
calliper,CaLLiPer,sydney,age_distribution,sydney.age_distribution.2024,baselines/artifacts/calliper/sydney/sydney_CaLLiPer_taskgrid_age_distribution_d128__6d18bb85cf.tif,raster,"{""name"": ""CaLLiPer"", ""path"": ""baselines/artifacts/calliper/sydney/sydney_CaLLiPer_taskgrid_age_distribution_d128__6d18bb85cf.tif"", ""type"": ""raster""}",coordinate_encoder_task_specific_raster,direct CaLLiPer inference at the target task raster pixel centers,True,False,False,baselines/artifacts/calliper/sydney/sydney_CaLLiPer_taskgrid_age_distribution_d128__6d18bb85cf.tif,full
calliper,CaLLiPer,sydney,gdp,sydney.gdp.2024,baselines/artifacts/calliper/sydney/sydney_CaLLiPer_taskgrid_gdp_d128__83d0794674.tif,raster,"{""name"": ""CaLLiPer"", ""path"": ""baselines/artifacts/calliper/sydney/sydney_CaLLiPer_taskgrid_gdp_d128__83d0794674.tif"", ""type"": ""raster""}",coordinate_encoder_task_specific_raster,direct CaLLiPer inference at the target task raster pixel centers,True,False,False,baselines/artifacts/calliper/sydney/sydney_CaLLiPer_taskgrid_gdp_d128__83d0794674.tif,full
calliper,CaLLiPer,sydney,nightlight,sydney.nightlight.2024,baselines/artifacts/calliper/sydney/sydney_CaLLiPer_taskgrid_nightlight_d128__7b715d5703.tif,raster,"{""name"": ""CaLLiPer"", ""path"": ""baselines/artifacts/calliper/sydney/sydney_CaLLiPer_taskgrid_nightlight_d128__7b715d5703.tif"", ""type"": ""raster""}",coordinate_encoder_task_specific_raster,direct CaLLiPer inference at nighttime-light task raster pixel centers,True,False,False,baselines/artifacts/calliper/sydney/sydney_CaLLiPer_taskgrid_nightlight_d128__7b715d5703.tif,full
calliper,CaLLiPer,sydney,pm25,sydney.pm25.2022,baselines/artifacts/calliper/sydney/sydney_CaLLiPer_taskgrid_pm25_d128__77ed775bc5.tif,raster,"{""name"": ""CaLLiPer"", ""path"": ""baselines/artifacts/calliper/sydney/sydney_CaLLiPer_taskgrid_pm25_d128__77ed775bc5.tif"", ""type"": ""raster""}",coordinate_encoder_task_specific_raster,direct CaLLiPer inference at the target task raster pixel centers,True,False,False,baselines/artifacts/calliper/sydney/sydney_CaLLiPer_taskgrid_pm25_d128__77ed775bc5.tif,full
calliper,CaLLiPer,sydney,lst_day_mean,sydney.lst_day_mean.2024,baselines/artifacts/calliper/sydney/sydney_CaLLiPer_taskgrid_lst_day_mean_d128__a8a360c182.tif,raster,"{""name"": ""CaLLiPer"", ""path"": ""baselines/artifacts/calliper/sydney/sydney_CaLLiPer_taskgrid_lst_day_mean_d128__a8a360c182.tif"", ""type"": ""raster""}",coordinate_encoder_task_specific_raster,direct CaLLiPer inference at the target task raster pixel centers,True,False,False,baselines/artifacts/calliper/sydney/sydney_CaLLiPer_taskgrid_lst_day_mean_d128__a8a360c182.tif,full
calliper,CaLLiPer,mumbai,landuse,mumbai.landuse.2026,baselines/artifacts/calliper/mumbai/mumbai_CaLLiPer_landuse_points_d128__9be4b09e58.parquet,point_table,"{""crs"": ""EPSG:4326"", ""name"": ""CaLLiPer"", ""path"": ""baselines/artifacts/calliper/mumbai/mumbai_CaLLiPer_landuse_points_d128__9be4b09e58.parquet"", ""point_id_col"": ""sample_id"", ""task_point_id_col"": ""sample_id"", ""type"": ""point_table"", ""x_col"": ""x"", ""y_col"": ""y""}",landuse_point_coordinate_encoder_table,land-use sample_id looked up in a point table generated by direct CaLLiPer inference at each land-use point coordinate,True,False,False,baselines/artifacts/calliper/mumbai/mumbai_CaLLiPer_landuse_points_d128__9be4b09e58.parquet,full
calliper,CaLLiPer,mumbai,road_density,mumbai.road_density.2026,baselines/artifacts/calliper/mumbai/mumbai_CaLLiPer_taskgrid_road_density_d128__4011b0016b.tif,raster,"{""name"": ""CaLLiPer"", ""path"": ""baselines/artifacts/calliper/mumbai/mumbai_CaLLiPer_taskgrid_road_density_d128__4011b0016b.tif"", ""type"": ""raster""}",coordinate_encoder_task_specific_raster,direct CaLLiPer inference at the target task raster pixel centers,True,False,False,baselines/artifacts/calliper/mumbai/mumbai_CaLLiPer_taskgrid_road_density_d128__4011b0016b.tif,full
calliper,CaLLiPer,mumbai,population,mumbai.population.2024,baselines/artifacts/calliper/mumbai/mumbai_CaLLiPer_taskgrid_population_d128__eb6f66852f.tif,raster,"{""name"": ""CaLLiPer"", ""path"": ""baselines/artifacts/calliper/mumbai/mumbai_CaLLiPer_taskgrid_population_d128__eb6f66852f.tif"", ""type"": ""raster""}",coordinate_encoder_task_specific_raster,direct CaLLiPer inference at the target task raster pixel centers,True,False,True,baselines/artifacts/calliper/mumbai/mumbai_CaLLiPer_taskgrid_population_d128__eb6f66852f.tif,full
calliper,CaLLiPer,mumbai,age_distribution,mumbai.age_distribution.2024,baselines/artifacts/calliper/mumbai/mumbai_CaLLiPer_taskgrid_age_distribution_d128__3af57cb455.tif,raster,"{""name"": ""CaLLiPer"", ""path"": ""baselines/artifacts/calliper/mumbai/mumbai_CaLLiPer_taskgrid_age_distribution_d128__3af57cb455.tif"", ""type"": ""raster""}",coordinate_encoder_task_specific_raster,direct CaLLiPer inference at the target task raster pixel centers,True,False,False,baselines/artifacts/calliper/mumbai/mumbai_CaLLiPer_taskgrid_age_distribution_d128__3af57cb455.tif,full
calliper,CaLLiPer,mumbai,gdp,mumbai.gdp.2024,baselines/artifacts/calliper/mumbai/mumbai_CaLLiPer_taskgrid_gdp_d128__6c6a7e5340.tif,raster,"{""name"": ""CaLLiPer"", ""path"": ""baselines/artifacts/calliper/mumbai/mumbai_CaLLiPer_taskgrid_gdp_d128__6c6a7e5340.tif"", ""type"": ""raster""}",coordinate_encoder_task_specific_raster,direct CaLLiPer inference at the target task raster pixel centers,True,False,False,baselines/artifacts/calliper/mumbai/mumbai_CaLLiPer_taskgrid_gdp_d128__6c6a7e5340.tif,full
calliper,CaLLiPer,mumbai,nightlight,mumbai.nightlight.2024,baselines/artifacts/calliper/mumbai/mumbai_CaLLiPer_taskgrid_nightlight_d128__57a261d0e6.tif,raster,"{""name"": ""CaLLiPer"", ""path"": ""baselines/artifacts/calliper/mumbai/mumbai_CaLLiPer_taskgrid_nightlight_d128__57a261d0e6.tif"", ""type"": ""raster""}",coordinate_encoder_task_specific_raster,direct CaLLiPer inference at nighttime-light task raster pixel centers,True,False,False,baselines/artifacts/calliper/mumbai/mumbai_CaLLiPer_taskgrid_nightlight_d128__57a261d0e6.tif,full
calliper,CaLLiPer,mumbai,pm25,mumbai.pm25.2022,baselines/artifacts/calliper/mumbai/mumbai_CaLLiPer_taskgrid_pm25_d128__e7f98d39cd.tif,raster,"{""name"": ""CaLLiPer"", ""path"": ""baselines/artifacts/calliper/mumbai/mumbai_CaLLiPer_taskgrid_pm25_d128__e7f98d39cd.tif"", ""type"": ""raster""}",coordinate_encoder_task_specific_raster,direct CaLLiPer inference at the target task raster pixel centers,True,False,False,baselines/artifacts/calliper/mumbai/mumbai_CaLLiPer_taskgrid_pm25_d128__e7f98d39cd.tif,full
calliper,CaLLiPer,mumbai,lst_day_mean,mumbai.lst_day_mean.2024,baselines/artifacts/calliper/mumbai/mumbai_CaLLiPer_taskgrid_lst_day_mean_d128__fcf7a6b934.tif,raster,"{""name"": ""CaLLiPer"", ""path"": ""baselines/artifacts/calliper/mumbai/mumbai_CaLLiPer_taskgrid_lst_day_mean_d128__fcf7a6b934.tif"", ""type"": ""raster""}",coordinate_encoder_task_specific_raster,direct CaLLiPer inference at the target task raster pixel centers,True,False,False,baselines/artifacts/calliper/mumbai/mumbai_CaLLiPer_taskgrid_lst_day_mean_d128__fcf7a6b934.tif,full
calliper,CaLLiPer,nairobi,landuse,nairobi.landuse.2026,baselines/artifacts/calliper/nairobi/nairobi_CaLLiPer_landuse_points_d128__9963bc7443.parquet,point_table,"{""crs"": ""EPSG:4326"", ""name"": ""CaLLiPer"", ""path"": ""baselines/artifacts/calliper/nairobi/nairobi_CaLLiPer_landuse_points_d128__9963bc7443.parquet"", ""point_id_col"": ""sample_id"", ""task_point_id_col"": ""sample_id"", ""type"": ""point_table"", ""x_col"": ""x"", ""y_col"": ""y""}",landuse_point_coordinate_encoder_table,land-use sample_id looked up in a point table generated by direct CaLLiPer inference at each land-use point coordinate,True,False,False,baselines/artifacts/calliper/nairobi/nairobi_CaLLiPer_landuse_points_d128__9963bc7443.parquet,full
calliper,CaLLiPer,nairobi,road_density,nairobi.road_density.2026,baselines/artifacts/calliper/nairobi/nairobi_CaLLiPer_taskgrid_road_density_d128__fef21980a2.tif,raster,"{""name"": ""CaLLiPer"", ""path"": ""baselines/artifacts/calliper/nairobi/nairobi_CaLLiPer_taskgrid_road_density_d128__fef21980a2.tif"", ""type"": ""raster""}",coordinate_encoder_task_specific_raster,direct CaLLiPer inference at the target task raster pixel centers,True,False,False,baselines/artifacts/calliper/nairobi/nairobi_CaLLiPer_taskgrid_road_density_d128__fef21980a2.tif,full
calliper,CaLLiPer,nairobi,population,nairobi.population.2024,baselines/artifacts/calliper/nairobi/nairobi_CaLLiPer_taskgrid_population_d128__15ea2e7e68.tif,raster,"{""name"": ""CaLLiPer"", ""path"": ""baselines/artifacts/calliper/nairobi/nairobi_CaLLiPer_taskgrid_population_d128__15ea2e7e68.tif"", ""type"": ""raster""}",coordinate_encoder_task_specific_raster,direct CaLLiPer inference at the target task raster pixel centers,True,False,True,baselines/artifacts/calliper/nairobi/nairobi_CaLLiPer_taskgrid_population_d128__15ea2e7e68.tif,full
calliper,CaLLiPer,nairobi,age_distribution,nairobi.age_distribution.2024,baselines/artifacts/calliper/nairobi/nairobi_CaLLiPer_taskgrid_age_distribution_d128__f7749ffff1.tif,raster,"{""name"": ""CaLLiPer"", ""path"": ""baselines/artifacts/calliper/nairobi/nairobi_CaLLiPer_taskgrid_age_distribution_d128__f7749ffff1.tif"", ""type"": ""raster""}",coordinate_encoder_task_specific_raster,direct CaLLiPer inference at the target task raster pixel centers,True,False,False,baselines/artifacts/calliper/nairobi/nairobi_CaLLiPer_taskgrid_age_distribution_d128__f7749ffff1.tif,full
calliper,CaLLiPer,nairobi,gdp,nairobi.gdp.2024,baselines/artifacts/calliper/nairobi/nairobi_CaLLiPer_taskgrid_gdp_d128__9987af8200.tif,raster,"{""name"": ""CaLLiPer"", ""path"": ""baselines/artifacts/calliper/nairobi/nairobi_CaLLiPer_taskgrid_gdp_d128__9987af8200.tif"", ""type"": ""raster""}",coordinate_encoder_task_specific_raster,direct CaLLiPer inference at the target task raster pixel centers,True,False,False,baselines/artifacts/calliper/nairobi/nairobi_CaLLiPer_taskgrid_gdp_d128__9987af8200.tif,full
calliper,CaLLiPer,nairobi,nightlight,nairobi.nightlight.2024,baselines/artifacts/calliper/nairobi/nairobi_CaLLiPer_taskgrid_nightlight_d128__44645867e1.tif,raster,"{""name"": ""CaLLiPer"", ""path"": ""baselines/artifacts/calliper/nairobi/nairobi_CaLLiPer_taskgrid_nightlight_d128__44645867e1.tif"", ""type"": ""raster""}",coordinate_encoder_task_specific_raster,direct CaLLiPer inference at nighttime-light task raster pixel centers,True,False,False,baselines/artifacts/calliper/nairobi/nairobi_CaLLiPer_taskgrid_nightlight_d128__44645867e1.tif,full
calliper,CaLLiPer,nairobi,pm25,nairobi.pm25.2022,baselines/artifacts/calliper/nairobi/nairobi_CaLLiPer_taskgrid_pm25_d128__608d568b99.tif,raster,"{""name"": ""CaLLiPer"", ""path"": ""baselines/artifacts/calliper/nairobi/nairobi_CaLLiPer_taskgrid_pm25_d128__608d568b99.tif"", ""type"": ""raster""}",coordinate_encoder_task_specific_raster,direct CaLLiPer inference at the target task raster pixel centers,True,False,False,baselines/artifacts/calliper/nairobi/nairobi_CaLLiPer_taskgrid_pm25_d128__608d568b99.tif,full
calliper,CaLLiPer,nairobi,lst_day_mean,nairobi.lst_day_mean.2024,baselines/artifacts/calliper/nairobi/nairobi_CaLLiPer_taskgrid_lst_day_mean_d128__3d847db792.tif,raster,"{""name"": ""CaLLiPer"", ""path"": ""baselines/artifacts/calliper/nairobi/nairobi_CaLLiPer_taskgrid_lst_day_mean_d128__3d847db792.tif"", ""type"": ""raster""}",coordinate_encoder_task_specific_raster,direct CaLLiPer inference at the target task raster pixel centers,True,False,False,baselines/artifacts/calliper/nairobi/nairobi_CaLLiPer_taskgrid_lst_day_mean_d128__3d847db792.tif,full
calliper,CaLLiPer,jakarta,landuse,jakarta.landuse.2026,baselines/artifacts/calliper/jakarta/jakarta_CaLLiPer_landuse_points_d128__cae20bb6bd.parquet,point_table,"{""crs"": ""EPSG:4326"", ""name"": ""CaLLiPer"", ""path"": ""baselines/artifacts/calliper/jakarta/jakarta_CaLLiPer_landuse_points_d128__cae20bb6bd.parquet"", ""point_id_col"": ""sample_id"", ""task_point_id_col"": ""sample_id"", ""type"": ""point_table"", ""x_col"": ""x"", ""y_col"": ""y""}",landuse_point_coordinate_encoder_table,land-use sample_id looked up in a point table generated by direct CaLLiPer inference at each land-use point coordinate,True,False,False,baselines/artifacts/calliper/jakarta/jakarta_CaLLiPer_landuse_points_d128__cae20bb6bd.parquet,full
calliper,CaLLiPer,jakarta,road_density,jakarta.road_density.2026,baselines/artifacts/calliper/jakarta/jakarta_CaLLiPer_taskgrid_road_density_d128__911e07068e.tif,raster,"{""name"": ""CaLLiPer"", ""path"": ""baselines/artifacts/calliper/jakarta/jakarta_CaLLiPer_taskgrid_road_density_d128__911e07068e.tif"", ""type"": ""raster""}",coordinate_encoder_task_specific_raster,direct CaLLiPer inference at the target task raster pixel centers,True,False,False,baselines/artifacts/calliper/jakarta/jakarta_CaLLiPer_taskgrid_road_density_d128__911e07068e.tif,full
calliper,CaLLiPer,jakarta,population,jakarta.population.2024,baselines/artifacts/calliper/jakarta/jakarta_CaLLiPer_taskgrid_population_d128__de61146350.tif,raster,"{""name"": ""CaLLiPer"", ""path"": ""baselines/artifacts/calliper/jakarta/jakarta_CaLLiPer_taskgrid_population_d128__de61146350.tif"", ""type"": ""raster""}",coordinate_encoder_task_specific_raster,direct CaLLiPer inference at the target task raster pixel centers,True,False,True,baselines/artifacts/calliper/jakarta/jakarta_CaLLiPer_taskgrid_population_d128__de61146350.tif,full
calliper,CaLLiPer,jakarta,age_distribution,jakarta.age_distribution.2024,baselines/artifacts/calliper/jakarta/jakarta_CaLLiPer_taskgrid_age_distribution_d128__ce70ede7a3.tif,raster,"{""name"": ""CaLLiPer"", ""path"": ""baselines/artifacts/calliper/jakarta/jakarta_CaLLiPer_taskgrid_age_distribution_d128__ce70ede7a3.tif"", ""type"": ""raster""}",coordinate_encoder_task_specific_raster,direct CaLLiPer inference at the target task raster pixel centers,True,False,False,baselines/artifacts/calliper/jakarta/jakarta_CaLLiPer_taskgrid_age_distribution_d128__ce70ede7a3.tif,full
calliper,CaLLiPer,jakarta,gdp,jakarta.gdp.2024,baselines/artifacts/calliper/jakarta/jakarta_CaLLiPer_taskgrid_gdp_d128__e10766cc90.tif,raster,"{""name"": ""CaLLiPer"", ""path"": ""baselines/artifacts/calliper/jakarta/jakarta_CaLLiPer_taskgrid_gdp_d128__e10766cc90.tif"", ""type"": ""raster""}",coordinate_encoder_task_specific_raster,direct CaLLiPer inference at the target task raster pixel centers,True,False,False,baselines/artifacts/calliper/jakarta/jakarta_CaLLiPer_taskgrid_gdp_d128__e10766cc90.tif,full
calliper,CaLLiPer,jakarta,nightlight,jakarta.nightlight.2024,baselines/artifacts/calliper/jakarta/jakarta_CaLLiPer_taskgrid_nightlight_d128__5bb512b86b.tif,raster,"{""name"": ""CaLLiPer"", ""path"": ""baselines/artifacts/calliper/jakarta/jakarta_CaLLiPer_taskgrid_nightlight_d128__5bb512b86b.tif"", ""type"": ""raster""}",coordinate_encoder_task_specific_raster,direct CaLLiPer inference at nighttime-light task raster pixel centers,True,False,False,baselines/artifacts/calliper/jakarta/jakarta_CaLLiPer_taskgrid_nightlight_d128__5bb512b86b.tif,full
calliper,CaLLiPer,jakarta,pm25,jakarta.pm25.2022,baselines/artifacts/calliper/jakarta/jakarta_CaLLiPer_taskgrid_pm25_d128__2c4ad5ded6.tif,raster,"{""name"": ""CaLLiPer"", ""path"": ""baselines/artifacts/calliper/jakarta/jakarta_CaLLiPer_taskgrid_pm25_d128__2c4ad5ded6.tif"", ""type"": ""raster""}",coordinate_encoder_task_specific_raster,direct CaLLiPer inference at the target task raster pixel centers,True,False,False,baselines/artifacts/calliper/jakarta/jakarta_CaLLiPer_taskgrid_pm25_d128__2c4ad5ded6.tif,full
calliper,CaLLiPer,jakarta,lst_day_mean,jakarta.lst_day_mean.2024,baselines/artifacts/calliper/jakarta/jakarta_CaLLiPer_taskgrid_lst_day_mean_d128__50317e813e.tif,raster,"{""name"": ""CaLLiPer"", ""path"": ""baselines/artifacts/calliper/jakarta/jakarta_CaLLiPer_taskgrid_lst_day_mean_d128__50317e813e.tif"", ""type"": ""raster""}",coordinate_encoder_task_specific_raster,direct CaLLiPer inference at the target task raster pixel centers,True,False,False,baselines/artifacts/calliper/jakarta/jakarta_CaLLiPer_taskgrid_lst_day_mean_d128__50317e813e.tif,full
calliper,CaLLiPer,cape_town,landuse,cape_town.landuse.2026,baselines/artifacts/calliper/cape_town/cape_town_CaLLiPer_landuse_points_d128__b8d50eed68.parquet,point_table,"{""crs"": ""EPSG:4326"", ""name"": ""CaLLiPer"", ""path"": ""baselines/artifacts/calliper/cape_town/cape_town_CaLLiPer_landuse_points_d128__b8d50eed68.parquet"", ""point_id_col"": ""sample_id"", ""task_point_id_col"": ""sample_id"", ""type"": ""point_table"", ""x_col"": ""x"", ""y_col"": ""y""}",landuse_point_coordinate_encoder_table,land-use sample_id looked up in a point table generated by direct CaLLiPer inference at each land-use point coordinate,True,False,False,baselines/artifacts/calliper/cape_town/cape_town_CaLLiPer_landuse_points_d128__b8d50eed68.parquet,full
calliper,CaLLiPer,cape_town,road_density,cape_town.road_density.2026,baselines/artifacts/calliper/cape_town/cape_town_CaLLiPer_taskgrid_road_density_d128__0271d545ea.tif,raster,"{""name"": ""CaLLiPer"", ""path"": ""baselines/artifacts/calliper/cape_town/cape_town_CaLLiPer_taskgrid_road_density_d128__0271d545ea.tif"", ""type"": ""raster""}",coordinate_encoder_task_specific_raster,direct CaLLiPer inference at the target task raster pixel centers,True,False,False,baselines/artifacts/calliper/cape_town/cape_town_CaLLiPer_taskgrid_road_density_d128__0271d545ea.tif,full
calliper,CaLLiPer,cape_town,population,cape_town.population.2024,baselines/artifacts/calliper/cape_town/cape_town_CaLLiPer_taskgrid_population_d128__6417b7dbce.tif,raster,"{""name"": ""CaLLiPer"", ""path"": ""baselines/artifacts/calliper/cape_town/cape_town_CaLLiPer_taskgrid_population_d128__6417b7dbce.tif"", ""type"": ""raster""}",coordinate_encoder_task_specific_raster,direct CaLLiPer inference at the target task raster pixel centers,True,False,True,baselines/artifacts/calliper/cape_town/cape_town_CaLLiPer_taskgrid_population_d128__6417b7dbce.tif,full
calliper,CaLLiPer,cape_town,age_distribution,cape_town.age_distribution.2024,baselines/artifacts/calliper/cape_town/cape_town_CaLLiPer_taskgrid_age_distribution_d128__88beb4eb6b.tif,raster,"{""name"": ""CaLLiPer"", ""path"": ""baselines/artifacts/calliper/cape_town/cape_town_CaLLiPer_taskgrid_age_distribution_d128__88beb4eb6b.tif"", ""type"": ""raster""}",coordinate_encoder_task_specific_raster,direct CaLLiPer inference at the target task raster pixel centers,True,False,False,baselines/artifacts/calliper/cape_town/cape_town_CaLLiPer_taskgrid_age_distribution_d128__88beb4eb6b.tif,full
calliper,CaLLiPer,cape_town,gdp,cape_town.gdp.2024,baselines/artifacts/calliper/cape_town/cape_town_CaLLiPer_taskgrid_gdp_d128__3df6c828b8.tif,raster,"{""name"": ""CaLLiPer"", ""path"": ""baselines/artifacts/calliper/cape_town/cape_town_CaLLiPer_taskgrid_gdp_d128__3df6c828b8.tif"", ""type"": ""raster""}",coordinate_encoder_task_specific_raster,direct CaLLiPer inference at the target task raster pixel centers,True,False,False,baselines/artifacts/calliper/cape_town/cape_town_CaLLiPer_taskgrid_gdp_d128__3df6c828b8.tif,full
calliper,CaLLiPer,cape_town,nightlight,cape_town.nightlight.2024,baselines/artifacts/calliper/cape_town/cape_town_CaLLiPer_taskgrid_nightlight_d128__f223076874.tif,raster,"{""name"": ""CaLLiPer"", ""path"": ""baselines/artifacts/calliper/cape_town/cape_town_CaLLiPer_taskgrid_nightlight_d128__f223076874.tif"", ""type"": ""raster""}",coordinate_encoder_task_specific_raster,direct CaLLiPer inference at nighttime-light task raster pixel centers,True,False,False,baselines/artifacts/calliper/cape_town/cape_town_CaLLiPer_taskgrid_nightlight_d128__f223076874.tif,full
calliper,CaLLiPer,cape_town,pm25,cape_town.pm25.2022,baselines/artifacts/calliper/cape_town/cape_town_CaLLiPer_taskgrid_pm25_d128__228ec6ceee.tif,raster,"{""name"": ""CaLLiPer"", ""path"": ""baselines/artifacts/calliper/cape_town/cape_town_CaLLiPer_taskgrid_pm25_d128__228ec6ceee.tif"", ""type"": ""raster""}",coordinate_encoder_task_specific_raster,direct CaLLiPer inference at the target task raster pixel centers,True,False,False,baselines/artifacts/calliper/cape_town/cape_town_CaLLiPer_taskgrid_pm25_d128__228ec6ceee.tif,full
calliper,CaLLiPer,cape_town,lst_day_mean,cape_town.lst_day_mean.2024,baselines/artifacts/calliper/cape_town/cape_town_CaLLiPer_taskgrid_lst_day_mean_d128__934f04df19.tif,raster,"{""name"": ""CaLLiPer"", ""path"": ""baselines/artifacts/calliper/cape_town/cape_town_CaLLiPer_taskgrid_lst_day_mean_d128__934f04df19.tif"", ""type"": ""raster""}",coordinate_encoder_task_specific_raster,direct CaLLiPer inference at the target task raster pixel centers,True,False,False,baselines/artifacts/calliper/cape_town/cape_town_CaLLiPer_taskgrid_lst_day_mean_d128__934f04df19.tif,full
cityfm,CityFM,london,landuse,london.landuse.2026,baselines/artifacts/cityfm/london/h3_r8_cityfm_semantic_surface__d1ea2f7179.parquet,region_table,"{""h3_resolution"": 8, ""name"": ""CityFM"", ""path"": ""baselines/artifacts/cityfm/london/h3_r8_cityfm_semantic_surface__d1ea2f7179.parquet"", ""region_id_col"": ""h3_id"", ""region_type"": ""h3"", ""type"": ""region_table""}",native_h3_region_table,Not released for public evaluation: the London payload is a synthetic schema demo and has no corresponding benchmark embeddings.,False,False,False,baselines/artifacts/cityfm/london/h3_r8_cityfm_semantic_surface__d1ea2f7179.parquet,synthetic_demo_only_no_embedding
cityfm,CityFM,london,road_density,london.road_density.2026,baselines/artifacts/cityfm/london/h3_r8_cityfm_semantic_surface__d1ea2f7179.parquet,region_table,"{""h3_resolution"": 8, ""name"": ""CityFM"", ""path"": ""baselines/artifacts/cityfm/london/h3_r8_cityfm_semantic_surface__d1ea2f7179.parquet"", ""region_id_col"": ""h3_id"", ""region_type"": ""h3"", ""type"": ""region_table""}",native_h3_region_table,task sample point converted to H3 r8 and looked up in the CityFM OSM entity aggregate table,True,False,False,baselines/artifacts/cityfm/london/h3_r8_cityfm_semantic_surface__d1ea2f7179.parquet,full
cityfm,CityFM,london,population,london.population.2024,baselines/artifacts/cityfm/london/h3_r8_cityfm_semantic_surface__d1ea2f7179.parquet,region_table,"{""h3_resolution"": 8, ""name"": ""CityFM"", ""path"": ""baselines/artifacts/cityfm/london/h3_r8_cityfm_semantic_surface__d1ea2f7179.parquet"", ""region_id_col"": ""h3_id"", ""region_type"": ""h3"", ""type"": ""region_table""}",native_h3_region_table,task sample point converted to H3 r8 and looked up in the CityFM OSM entity aggregate table,True,False,False,baselines/artifacts/cityfm/london/h3_r8_cityfm_semantic_surface__d1ea2f7179.parquet,full
cityfm,CityFM,london,age_distribution,london.age_distribution.2024,baselines/artifacts/cityfm/london/h3_r8_cityfm_semantic_surface__d1ea2f7179.parquet,region_table,"{""h3_resolution"": 8, ""name"": ""CityFM"", ""path"": ""baselines/artifacts/cityfm/london/h3_r8_cityfm_semantic_surface__d1ea2f7179.parquet"", ""region_id_col"": ""h3_id"", ""region_type"": ""h3"", ""type"": ""region_table""}",native_h3_region_table,task sample point converted to H3 r8 and looked up in the CityFM OSM entity aggregate table,True,False,False,baselines/artifacts/cityfm/london/h3_r8_cityfm_semantic_surface__d1ea2f7179.parquet,full
cityfm,CityFM,london,gdp,london.gdp.2024,baselines/artifacts/cityfm/london/h3_r8_cityfm_semantic_surface__d1ea2f7179.parquet,region_table,"{""h3_resolution"": 8, ""name"": ""CityFM"", ""path"": ""baselines/artifacts/cityfm/london/h3_r8_cityfm_semantic_surface__d1ea2f7179.parquet"", ""region_id_col"": ""h3_id"", ""region_type"": ""h3"", ""type"": ""region_table""}",native_h3_region_table,task sample point converted to H3 r8 and looked up in the CityFM OSM entity aggregate table,True,False,False,baselines/artifacts/cityfm/london/h3_r8_cityfm_semantic_surface__d1ea2f7179.parquet,full
cityfm,CityFM,london,nightlight,london.nightlight.2024,baselines/artifacts/cityfm/london/h3_r8_cityfm_semantic_surface__d1ea2f7179.parquet,region_table,"{""h3_resolution"": 8, ""name"": ""CityFM"", ""path"": ""baselines/artifacts/cityfm/london/h3_r8_cityfm_semantic_surface__d1ea2f7179.parquet"", ""region_id_col"": ""h3_id"", ""region_type"": ""h3"", ""type"": ""region_table""}",native_h3_region_table,nighttime-light sample point converted to H3 r8 and looked up in the CityFM region table,True,False,False,baselines/artifacts/cityfm/london/h3_r8_cityfm_semantic_surface__d1ea2f7179.parquet,full
cityfm,CityFM,london,pm25,london.pm25.2022,baselines/artifacts/cityfm/london/h3_r8_cityfm_semantic_surface__d1ea2f7179.parquet,region_table,"{""h3_resolution"": 8, ""name"": ""CityFM"", ""path"": ""baselines/artifacts/cityfm/london/h3_r8_cityfm_semantic_surface__d1ea2f7179.parquet"", ""region_id_col"": ""h3_id"", ""region_type"": ""h3"", ""type"": ""region_table""}",native_h3_region_table,task sample point converted to H3 r8 and looked up in the CityFM OSM entity aggregate table,True,False,False,baselines/artifacts/cityfm/london/h3_r8_cityfm_semantic_surface__d1ea2f7179.parquet,full
cityfm,CityFM,london,lst_day_mean,london.lst_day_mean.2024,baselines/artifacts/cityfm/london/h3_r8_cityfm_semantic_surface__d1ea2f7179.parquet,region_table,"{""h3_resolution"": 8, ""name"": ""CityFM"", ""path"": ""baselines/artifacts/cityfm/london/h3_r8_cityfm_semantic_surface__d1ea2f7179.parquet"", ""region_id_col"": ""h3_id"", ""region_type"": ""h3"", ""type"": ""region_table""}",native_h3_region_table,task sample point converted to H3 r8 and looked up in the CityFM OSM entity aggregate table,True,False,False,baselines/artifacts/cityfm/london/h3_r8_cityfm_semantic_surface__d1ea2f7179.parquet,full
cityfm,CityFM,new_york,landuse,new_york.landuse.2026,baselines/artifacts/cityfm/new_york/h3_r8_cityfm_semantic_surface__e051302f43.parquet,region_table,"{""h3_resolution"": 8, ""name"": ""CityFM"", ""path"": ""baselines/artifacts/cityfm/new_york/h3_r8_cityfm_semantic_surface__e051302f43.parquet"", ""region_id_col"": ""h3_id"", ""region_type"": ""h3"", ""type"": ""region_table""}",native_h3_region_table,task sample point converted to H3 r8 and looked up in the CityFM OSM entity aggregate table,True,False,False,baselines/artifacts/cityfm/new_york/h3_r8_cityfm_semantic_surface__e051302f43.parquet,full
cityfm,CityFM,new_york,road_density,new_york.road_density.2026,baselines/artifacts/cityfm/new_york/h3_r8_cityfm_semantic_surface__e051302f43.parquet,region_table,"{""h3_resolution"": 8, ""name"": ""CityFM"", ""path"": ""baselines/artifacts/cityfm/new_york/h3_r8_cityfm_semantic_surface__e051302f43.parquet"", ""region_id_col"": ""h3_id"", ""region_type"": ""h3"", ""type"": ""region_table""}",native_h3_region_table,task sample point converted to H3 r8 and looked up in the CityFM OSM entity aggregate table,True,False,False,baselines/artifacts/cityfm/new_york/h3_r8_cityfm_semantic_surface__e051302f43.parquet,full
cityfm,CityFM,new_york,population,new_york.population.2024,baselines/artifacts/cityfm/new_york/h3_r8_cityfm_semantic_surface__e051302f43.parquet,region_table,"{""h3_resolution"": 8, ""name"": ""CityFM"", ""path"": ""baselines/artifacts/cityfm/new_york/h3_r8_cityfm_semantic_surface__e051302f43.parquet"", ""region_id_col"": ""h3_id"", ""region_type"": ""h3"", ""type"": ""region_table""}",native_h3_region_table,task sample point converted to H3 r8 and looked up in the CityFM OSM entity aggregate table,True,False,False,baselines/artifacts/cityfm/new_york/h3_r8_cityfm_semantic_surface__e051302f43.parquet,full
cityfm,CityFM,new_york,age_distribution,new_york.age_distribution.2024,baselines/artifacts/cityfm/new_york/h3_r8_cityfm_semantic_surface__e051302f43.parquet,region_table,"{""h3_resolution"": 8, ""name"": ""CityFM"", ""path"": ""baselines/artifacts/cityfm/new_york/h3_r8_cityfm_semantic_surface__e051302f43.parquet"", ""region_id_col"": ""h3_id"", ""region_type"": ""h3"", ""type"": ""region_table""}",native_h3_region_table,task sample point converted to H3 r8 and looked up in the CityFM OSM entity aggregate table,True,False,False,baselines/artifacts/cityfm/new_york/h3_r8_cityfm_semantic_surface__e051302f43.parquet,full
cityfm,CityFM,new_york,gdp,new_york.gdp.2024,baselines/artifacts/cityfm/new_york/h3_r8_cityfm_semantic_surface__e051302f43.parquet,region_table,"{""h3_resolution"": 8, ""name"": ""CityFM"", ""path"": ""baselines/artifacts/cityfm/new_york/h3_r8_cityfm_semantic_surface__e051302f43.parquet"", ""region_id_col"": ""h3_id"", ""region_type"": ""h3"", ""type"": ""region_table""}",native_h3_region_table,task sample point converted to H3 r8 and looked up in the CityFM OSM entity aggregate table,True,False,False,baselines/artifacts/cityfm/new_york/h3_r8_cityfm_semantic_surface__e051302f43.parquet,full
cityfm,CityFM,new_york,nightlight,new_york.nightlight.2024,baselines/artifacts/cityfm/new_york/h3_r8_cityfm_semantic_surface__e051302f43.parquet,region_table,"{""h3_resolution"": 8, ""name"": ""CityFM"", ""path"": ""baselines/artifacts/cityfm/new_york/h3_r8_cityfm_semantic_surface__e051302f43.parquet"", ""region_id_col"": ""h3_id"", ""region_type"": ""h3"", ""type"": ""region_table""}",native_h3_region_table,nighttime-light sample point converted to H3 r8 and looked up in the CityFM region table,True,False,False,baselines/artifacts/cityfm/new_york/h3_r8_cityfm_semantic_surface__e051302f43.parquet,full
cityfm,CityFM,new_york,pm25,new_york.pm25.2022,baselines/artifacts/cityfm/new_york/h3_r8_cityfm_semantic_surface__e051302f43.parquet,region_table,"{""h3_resolution"": 8, ""name"": ""CityFM"", ""path"": ""baselines/artifacts/cityfm/new_york/h3_r8_cityfm_semantic_surface__e051302f43.parquet"", ""region_id_col"": ""h3_id"", ""region_type"": ""h3"", ""type"": ""region_table""}",native_h3_region_table,task sample point converted to H3 r8 and looked up in the CityFM OSM entity aggregate table,True,False,False,baselines/artifacts/cityfm/new_york/h3_r8_cityfm_semantic_surface__e051302f43.parquet,full
cityfm,CityFM,new_york,lst_day_mean,new_york.lst_day_mean.2024,baselines/artifacts/cityfm/new_york/h3_r8_cityfm_semantic_surface__e051302f43.parquet,region_table,"{""h3_resolution"": 8, ""name"": ""CityFM"", ""path"": ""baselines/artifacts/cityfm/new_york/h3_r8_cityfm_semantic_surface__e051302f43.parquet"", ""region_id_col"": ""h3_id"", ""region_type"": ""h3"", ""type"": ""region_table""}",native_h3_region_table,task sample point converted to H3 r8 and looked up in the CityFM OSM entity aggregate table,True,False,False,baselines/artifacts/cityfm/new_york/h3_r8_cityfm_semantic_surface__e051302f43.parquet,full
cityfm,CityFM,singapore,landuse,singapore.landuse.2026,baselines/artifacts/cityfm/singapore/h3_r8_cityfm_semantic_surface__4d183ec52d.parquet,region_table,"{""h3_resolution"": 8, ""name"": ""CityFM"", ""path"": ""baselines/artifacts/cityfm/singapore/h3_r8_cityfm_semantic_surface__4d183ec52d.parquet"", ""region_id_col"": ""h3_id"", ""region_type"": ""h3"", ""type"": ""region_table""}",native_h3_region_table,task sample point converted to H3 r8 and looked up in the CityFM OSM entity aggregate table,True,False,False,baselines/artifacts/cityfm/singapore/h3_r8_cityfm_semantic_surface__4d183ec52d.parquet,full
cityfm,CityFM,singapore,road_density,singapore.road_density.2026,baselines/artifacts/cityfm/singapore/h3_r8_cityfm_semantic_surface__4d183ec52d.parquet,region_table,"{""h3_resolution"": 8, ""name"": ""CityFM"", ""path"": ""baselines/artifacts/cityfm/singapore/h3_r8_cityfm_semantic_surface__4d183ec52d.parquet"", ""region_id_col"": ""h3_id"", ""region_type"": ""h3"", ""type"": ""region_table""}",native_h3_region_table,task sample point converted to H3 r8 and looked up in the CityFM OSM entity aggregate table,True,False,False,baselines/artifacts/cityfm/singapore/h3_r8_cityfm_semantic_surface__4d183ec52d.parquet,full
cityfm,CityFM,singapore,population,singapore.population.2024,baselines/artifacts/cityfm/singapore/h3_r8_cityfm_semantic_surface__4d183ec52d.parquet,region_table,"{""h3_resolution"": 8, ""name"": ""CityFM"", ""path"": ""baselines/artifacts/cityfm/singapore/h3_r8_cityfm_semantic_surface__4d183ec52d.parquet"", ""region_id_col"": ""h3_id"", ""region_type"": ""h3"", ""type"": ""region_table""}",native_h3_region_table,task sample point converted to H3 r8 and looked up in the CityFM OSM entity aggregate table,True,False,False,baselines/artifacts/cityfm/singapore/h3_r8_cityfm_semantic_surface__4d183ec52d.parquet,full
cityfm,CityFM,singapore,age_distribution,singapore.age_distribution.2024,baselines/artifacts/cityfm/singapore/h3_r8_cityfm_semantic_surface__4d183ec52d.parquet,region_table,"{""h3_resolution"": 8, ""name"": ""CityFM"", ""path"": ""baselines/artifacts/cityfm/singapore/h3_r8_cityfm_semantic_surface__4d183ec52d.parquet"", ""region_id_col"": ""h3_id"", ""region_type"": ""h3"", ""type"": ""region_table""}",native_h3_region_table,task sample point converted to H3 r8 and looked up in the CityFM OSM entity aggregate table,True,False,False,baselines/artifacts/cityfm/singapore/h3_r8_cityfm_semantic_surface__4d183ec52d.parquet,full
cityfm,CityFM,singapore,gdp,singapore.gdp.2024,baselines/artifacts/cityfm/singapore/h3_r8_cityfm_semantic_surface__4d183ec52d.parquet,region_table,"{""h3_resolution"": 8, ""name"": ""CityFM"", ""path"": ""baselines/artifacts/cityfm/singapore/h3_r8_cityfm_semantic_surface__4d183ec52d.parquet"", ""region_id_col"": ""h3_id"", ""region_type"": ""h3"", ""type"": ""region_table""}",native_h3_region_table,task sample point converted to H3 r8 and looked up in the CityFM OSM entity aggregate table,True,False,False,baselines/artifacts/cityfm/singapore/h3_r8_cityfm_semantic_surface__4d183ec52d.parquet,full
cityfm,CityFM,singapore,nightlight,singapore.nightlight.2024,baselines/artifacts/cityfm/singapore/h3_r8_cityfm_semantic_surface__4d183ec52d.parquet,region_table,"{""h3_resolution"": 8, ""name"": ""CityFM"", ""path"": ""baselines/artifacts/cityfm/singapore/h3_r8_cityfm_semantic_surface__4d183ec52d.parquet"", ""region_id_col"": ""h3_id"", ""region_type"": ""h3"", ""type"": ""region_table""}",native_h3_region_table,nighttime-light sample point converted to H3 r8 and looked up in the CityFM region table,True,False,False,baselines/artifacts/cityfm/singapore/h3_r8_cityfm_semantic_surface__4d183ec52d.parquet,full
cityfm,CityFM,singapore,pm25,singapore.pm25.2022,baselines/artifacts/cityfm/singapore/h3_r8_cityfm_semantic_surface__4d183ec52d.parquet,region_table,"{""h3_resolution"": 8, ""name"": ""CityFM"", ""path"": ""baselines/artifacts/cityfm/singapore/h3_r8_cityfm_semantic_surface__4d183ec52d.parquet"", ""region_id_col"": ""h3_id"", ""region_type"": ""h3"", ""type"": ""region_table""}",native_h3_region_table,task sample point converted to H3 r8 and looked up in the CityFM OSM entity aggregate table,True,False,False,baselines/artifacts/cityfm/singapore/h3_r8_cityfm_semantic_surface__4d183ec52d.parquet,full
cityfm,CityFM,singapore,lst_day_mean,singapore.lst_day_mean.2024,baselines/artifacts/cityfm/singapore/h3_r8_cityfm_semantic_surface__4d183ec52d.parquet,region_table,"{""h3_resolution"": 8, ""name"": ""CityFM"", ""path"": ""baselines/artifacts/cityfm/singapore/h3_r8_cityfm_semantic_surface__4d183ec52d.parquet"", ""region_id_col"": ""h3_id"", ""region_type"": ""h3"", ""type"": ""region_table""}",native_h3_region_table,task sample point converted to H3 r8 and looked up in the CityFM OSM entity aggregate table,True,False,False,baselines/artifacts/cityfm/singapore/h3_r8_cityfm_semantic_surface__4d183ec52d.parquet,full
cityfm,CityFM,sydney,landuse,sydney.landuse.2026,baselines/artifacts/cityfm/sydney/h3_r8_cityfm_semantic_surface__6ef5354625.parquet,region_table,"{""h3_resolution"": 8, ""name"": ""CityFM"", ""path"": ""baselines/artifacts/cityfm/sydney/h3_r8_cityfm_semantic_surface__6ef5354625.parquet"", ""region_id_col"": ""h3_id"", ""region_type"": ""h3"", ""type"": ""region_table""}",native_h3_region_table,task sample point converted to H3 r8 and looked up in the CityFM OSM entity aggregate table,True,False,False,baselines/artifacts/cityfm/sydney/h3_r8_cityfm_semantic_surface__6ef5354625.parquet,full
cityfm,CityFM,sydney,road_density,sydney.road_density.2026,baselines/artifacts/cityfm/sydney/h3_r8_cityfm_semantic_surface__6ef5354625.parquet,region_table,"{""h3_resolution"": 8, ""name"": ""CityFM"", ""path"": ""baselines/artifacts/cityfm/sydney/h3_r8_cityfm_semantic_surface__6ef5354625.parquet"", ""region_id_col"": ""h3_id"", ""region_type"": ""h3"", ""type"": ""region_table""}",native_h3_region_table,task sample point converted to H3 r8 and looked up in the CityFM OSM entity aggregate table,True,False,False,baselines/artifacts/cityfm/sydney/h3_r8_cityfm_semantic_surface__6ef5354625.parquet,full
cityfm,CityFM,sydney,population,sydney.population.2024,baselines/artifacts/cityfm/sydney/h3_r8_cityfm_semantic_surface__6ef5354625.parquet,region_table,"{""h3_resolution"": 8, ""name"": ""CityFM"", ""path"": ""baselines/artifacts/cityfm/sydney/h3_r8_cityfm_semantic_surface__6ef5354625.parquet"", ""region_id_col"": ""h3_id"", ""region_type"": ""h3"", ""type"": ""region_table""}",native_h3_region_table,task sample point converted to H3 r8 and looked up in the CityFM OSM entity aggregate table,True,False,False,baselines/artifacts/cityfm/sydney/h3_r8_cityfm_semantic_surface__6ef5354625.parquet,full
cityfm,CityFM,sydney,age_distribution,sydney.age_distribution.2024,baselines/artifacts/cityfm/sydney/h3_r8_cityfm_semantic_surface__6ef5354625.parquet,region_table,"{""h3_resolution"": 8, ""name"": ""CityFM"", ""path"": ""baselines/artifacts/cityfm/sydney/h3_r8_cityfm_semantic_surface__6ef5354625.parquet"", ""region_id_col"": ""h3_id"", ""region_type"": ""h3"", ""type"": ""region_table""}",native_h3_region_table,task sample point converted to H3 r8 and looked up in the CityFM OSM entity aggregate table,True,False,False,baselines/artifacts/cityfm/sydney/h3_r8_cityfm_semantic_surface__6ef5354625.parquet,full
cityfm,CityFM,sydney,gdp,sydney.gdp.2024,baselines/artifacts/cityfm/sydney/h3_r8_cityfm_semantic_surface__6ef5354625.parquet,region_table,"{""h3_resolution"": 8, ""name"": ""CityFM"", ""path"": ""baselines/artifacts/cityfm/sydney/h3_r8_cityfm_semantic_surface__6ef5354625.parquet"", ""region_id_col"": ""h3_id"", ""region_type"": ""h3"", ""type"": ""region_table""}",native_h3_region_table,task sample point converted to H3 r8 and looked up in the CityFM OSM entity aggregate table,True,False,False,baselines/artifacts/cityfm/sydney/h3_r8_cityfm_semantic_surface__6ef5354625.parquet,full
cityfm,CityFM,sydney,nightlight,sydney.nightlight.2024,baselines/artifacts/cityfm/sydney/h3_r8_cityfm_semantic_surface__6ef5354625.parquet,region_table,"{""h3_resolution"": 8, ""name"": ""CityFM"", ""path"": ""baselines/artifacts/cityfm/sydney/h3_r8_cityfm_semantic_surface__6ef5354625.parquet"", ""region_id_col"": ""h3_id"", ""region_type"": ""h3"", ""type"": ""region_table""}",native_h3_region_table,nighttime-light sample point converted to H3 r8 and looked up in the CityFM region table,True,False,False,baselines/artifacts/cityfm/sydney/h3_r8_cityfm_semantic_surface__6ef5354625.parquet,full
cityfm,CityFM,sydney,pm25,sydney.pm25.2022,baselines/artifacts/cityfm/sydney/h3_r8_cityfm_semantic_surface__6ef5354625.parquet,region_table,"{""h3_resolution"": 8, ""name"": ""CityFM"", ""path"": ""baselines/artifacts/cityfm/sydney/h3_r8_cityfm_semantic_surface__6ef5354625.parquet"", ""region_id_col"": ""h3_id"", ""region_type"": ""h3"", ""type"": ""region_table""}",native_h3_region_table,task sample point converted to H3 r8 and looked up in the CityFM OSM entity aggregate table,True,False,False,baselines/artifacts/cityfm/sydney/h3_r8_cityfm_semantic_surface__6ef5354625.parquet,full
cityfm,CityFM,sydney,lst_day_mean,sydney.lst_day_mean.2024,baselines/artifacts/cityfm/sydney/h3_r8_cityfm_semantic_surface__6ef5354625.parquet,region_table,"{""h3_resolution"": 8, ""name"": ""CityFM"", ""path"": ""baselines/artifacts/cityfm/sydney/h3_r8_cityfm_semantic_surface__6ef5354625.parquet"", ""region_id_col"": ""h3_id"", ""region_type"": ""h3"", ""type"": ""region_table""}",native_h3_region_table,task sample point converted to H3 r8 and looked up in the CityFM OSM entity aggregate table,True,False,False,baselines/artifacts/cityfm/sydney/h3_r8_cityfm_semantic_surface__6ef5354625.parquet,full
cityfm,CityFM,mumbai,landuse,mumbai.landuse.2026,baselines/artifacts/cityfm/mumbai/h3_r8_cityfm_semantic_surface__1143fa399a.parquet,region_table,"{""h3_resolution"": 8, ""name"": ""CityFM"", ""path"": ""baselines/artifacts/cityfm/mumbai/h3_r8_cityfm_semantic_surface__1143fa399a.parquet"", ""region_id_col"": ""h3_id"", ""region_type"": ""h3"", ""type"": ""region_table""}",native_h3_region_table,task sample point converted to H3 r8 and looked up in the CityFM OSM entity aggregate table,True,False,False,baselines/artifacts/cityfm/mumbai/h3_r8_cityfm_semantic_surface__1143fa399a.parquet,full
cityfm,CityFM,mumbai,road_density,mumbai.road_density.2026,baselines/artifacts/cityfm/mumbai/h3_r8_cityfm_semantic_surface__1143fa399a.parquet,region_table,"{""h3_resolution"": 8, ""name"": ""CityFM"", ""path"": ""baselines/artifacts/cityfm/mumbai/h3_r8_cityfm_semantic_surface__1143fa399a.parquet"", ""region_id_col"": ""h3_id"", ""region_type"": ""h3"", ""type"": ""region_table""}",native_h3_region_table,task sample point converted to H3 r8 and looked up in the CityFM OSM entity aggregate table,True,False,False,baselines/artifacts/cityfm/mumbai/h3_r8_cityfm_semantic_surface__1143fa399a.parquet,full
cityfm,CityFM,mumbai,population,mumbai.population.2024,baselines/artifacts/cityfm/mumbai/h3_r8_cityfm_semantic_surface__1143fa399a.parquet,region_table,"{""h3_resolution"": 8, ""name"": ""CityFM"", ""path"": ""baselines/artifacts/cityfm/mumbai/h3_r8_cityfm_semantic_surface__1143fa399a.parquet"", ""region_id_col"": ""h3_id"", ""region_type"": ""h3"", ""type"": ""region_table""}",native_h3_region_table,task sample point converted to H3 r8 and looked up in the CityFM OSM entity aggregate table,True,False,False,baselines/artifacts/cityfm/mumbai/h3_r8_cityfm_semantic_surface__1143fa399a.parquet,full
cityfm,CityFM,mumbai,age_distribution,mumbai.age_distribution.2024,baselines/artifacts/cityfm/mumbai/h3_r8_cityfm_semantic_surface__1143fa399a.parquet,region_table,"{""h3_resolution"": 8, ""name"": ""CityFM"", ""path"": ""baselines/artifacts/cityfm/mumbai/h3_r8_cityfm_semantic_surface__1143fa399a.parquet"", ""region_id_col"": ""h3_id"", ""region_type"": ""h3"", ""type"": ""region_table""}",native_h3_region_table,task sample point converted to H3 r8 and looked up in the CityFM OSM entity aggregate table,True,False,False,baselines/artifacts/cityfm/mumbai/h3_r8_cityfm_semantic_surface__1143fa399a.parquet,full
cityfm,CityFM,mumbai,gdp,mumbai.gdp.2024,baselines/artifacts/cityfm/mumbai/h3_r8_cityfm_semantic_surface__1143fa399a.parquet,region_table,"{""h3_resolution"": 8, ""name"": ""CityFM"", ""path"": ""baselines/artifacts/cityfm/mumbai/h3_r8_cityfm_semantic_surface__1143fa399a.parquet"", ""region_id_col"": ""h3_id"", ""region_type"": ""h3"", ""type"": ""region_table""}",native_h3_region_table,task sample point converted to H3 r8 and looked up in the CityFM OSM entity aggregate table,True,False,False,baselines/artifacts/cityfm/mumbai/h3_r8_cityfm_semantic_surface__1143fa399a.parquet,full
cityfm,CityFM,mumbai,nightlight,mumbai.nightlight.2024,baselines/artifacts/cityfm/mumbai/h3_r8_cityfm_semantic_surface__1143fa399a.parquet,region_table,"{""h3_resolution"": 8, ""name"": ""CityFM"", ""path"": ""baselines/artifacts/cityfm/mumbai/h3_r8_cityfm_semantic_surface__1143fa399a.parquet"", ""region_id_col"": ""h3_id"", ""region_type"": ""h3"", ""type"": ""region_table""}",native_h3_region_table,nighttime-light sample point converted to H3 r8 and looked up in the CityFM region table,True,False,False,baselines/artifacts/cityfm/mumbai/h3_r8_cityfm_semantic_surface__1143fa399a.parquet,full
cityfm,CityFM,mumbai,pm25,mumbai.pm25.2022,baselines/artifacts/cityfm/mumbai/h3_r8_cityfm_semantic_surface__1143fa399a.parquet,region_table,"{""h3_resolution"": 8, ""name"": ""CityFM"", ""path"": ""baselines/artifacts/cityfm/mumbai/h3_r8_cityfm_semantic_surface__1143fa399a.parquet"", ""region_id_col"": ""h3_id"", ""region_type"": ""h3"", ""type"": ""region_table""}",native_h3_region_table,task sample point converted to H3 r8 and looked up in the CityFM OSM entity aggregate table,True,False,False,baselines/artifacts/cityfm/mumbai/h3_r8_cityfm_semantic_surface__1143fa399a.parquet,full
cityfm,CityFM,mumbai,lst_day_mean,mumbai.lst_day_mean.2024,baselines/artifacts/cityfm/mumbai/h3_r8_cityfm_semantic_surface__1143fa399a.parquet,region_table,"{""h3_resolution"": 8, ""name"": ""CityFM"", ""path"": ""baselines/artifacts/cityfm/mumbai/h3_r8_cityfm_semantic_surface__1143fa399a.parquet"", ""region_id_col"": ""h3_id"", ""region_type"": ""h3"", ""type"": ""region_table""}",native_h3_region_table,task sample point converted to H3 r8 and looked up in the CityFM OSM entity aggregate table,True,False,False,baselines/artifacts/cityfm/mumbai/h3_r8_cityfm_semantic_surface__1143fa399a.parquet,full
cityfm,CityFM,nairobi,landuse,nairobi.landuse.2026,baselines/artifacts/cityfm/nairobi/h3_r8_cityfm_semantic_surface__15412a0a14.parquet,region_table,"{""h3_resolution"": 8, ""name"": ""CityFM"", ""path"": ""baselines/artifacts/cityfm/nairobi/h3_r8_cityfm_semantic_surface__15412a0a14.parquet"", ""region_id_col"": ""h3_id"", ""region_type"": ""h3"", ""type"": ""region_table""}",native_h3_region_table,task sample point converted to H3 r8 and looked up in the CityFM OSM entity aggregate table,True,False,False,baselines/artifacts/cityfm/nairobi/h3_r8_cityfm_semantic_surface__15412a0a14.parquet,full
cityfm,CityFM,nairobi,road_density,nairobi.road_density.2026,baselines/artifacts/cityfm/nairobi/h3_r8_cityfm_semantic_surface__15412a0a14.parquet,region_table,"{""h3_resolution"": 8, ""name"": ""CityFM"", ""path"": ""baselines/artifacts/cityfm/nairobi/h3_r8_cityfm_semantic_surface__15412a0a14.parquet"", ""region_id_col"": ""h3_id"", ""region_type"": ""h3"", ""type"": ""region_table""}",native_h3_region_table,task sample point converted to H3 r8 and looked up in the CityFM OSM entity aggregate table,True,False,False,baselines/artifacts/cityfm/nairobi/h3_r8_cityfm_semantic_surface__15412a0a14.parquet,full
cityfm,CityFM,nairobi,population,nairobi.population.2024,baselines/artifacts/cityfm/nairobi/h3_r8_cityfm_semantic_surface__15412a0a14.parquet,region_table,"{""h3_resolution"": 8, ""name"": ""CityFM"", ""path"": ""baselines/artifacts/cityfm/nairobi/h3_r8_cityfm_semantic_surface__15412a0a14.parquet"", ""region_id_col"": ""h3_id"", ""region_type"": ""h3"", ""type"": ""region_table""}",native_h3_region_table,task sample point converted to H3 r8 and looked up in the CityFM OSM entity aggregate table,True,False,False,baselines/artifacts/cityfm/nairobi/h3_r8_cityfm_semantic_surface__15412a0a14.parquet,full
cityfm,CityFM,nairobi,age_distribution,nairobi.age_distribution.2024,baselines/artifacts/cityfm/nairobi/h3_r8_cityfm_semantic_surface__15412a0a14.parquet,region_table,"{""h3_resolution"": 8, ""name"": ""CityFM"", ""path"": ""baselines/artifacts/cityfm/nairobi/h3_r8_cityfm_semantic_surface__15412a0a14.parquet"", ""region_id_col"": ""h3_id"", ""region_type"": ""h3"", ""type"": ""region_table""}",native_h3_region_table,task sample point converted to H3 r8 and looked up in the CityFM OSM entity aggregate table,True,False,False,baselines/artifacts/cityfm/nairobi/h3_r8_cityfm_semantic_surface__15412a0a14.parquet,full
cityfm,CityFM,nairobi,gdp,nairobi.gdp.2024,baselines/artifacts/cityfm/nairobi/h3_r8_cityfm_semantic_surface__15412a0a14.parquet,region_table,"{""h3_resolution"": 8, ""name"": ""CityFM"", ""path"": ""baselines/artifacts/cityfm/nairobi/h3_r8_cityfm_semantic_surface__15412a0a14.parquet"", ""region_id_col"": ""h3_id"", ""region_type"": ""h3"", ""type"": ""region_table""}",native_h3_region_table,task sample point converted to H3 r8 and looked up in the CityFM OSM entity aggregate table,True,False,False,baselines/artifacts/cityfm/nairobi/h3_r8_cityfm_semantic_surface__15412a0a14.parquet,full
cityfm,CityFM,nairobi,nightlight,nairobi.nightlight.2024,baselines/artifacts/cityfm/nairobi/h3_r8_cityfm_semantic_surface__15412a0a14.parquet,region_table,"{""h3_resolution"": 8, ""name"": ""CityFM"", ""path"": ""baselines/artifacts/cityfm/nairobi/h3_r8_cityfm_semantic_surface__15412a0a14.parquet"", ""region_id_col"": ""h3_id"", ""region_type"": ""h3"", ""type"": ""region_table""}",native_h3_region_table,nighttime-light sample point converted to H3 r8 and looked up in the CityFM region table,True,False,False,baselines/artifacts/cityfm/nairobi/h3_r8_cityfm_semantic_surface__15412a0a14.parquet,full
cityfm,CityFM,nairobi,pm25,nairobi.pm25.2022,baselines/artifacts/cityfm/nairobi/h3_r8_cityfm_semantic_surface__15412a0a14.parquet,region_table,"{""h3_resolution"": 8, ""name"": ""CityFM"", ""path"": ""baselines/artifacts/cityfm/nairobi/h3_r8_cityfm_semantic_surface__15412a0a14.parquet"", ""region_id_col"": ""h3_id"", ""region_type"": ""h3"", ""type"": ""region_table""}",native_h3_region_table,task sample point converted to H3 r8 and looked up in the CityFM OSM entity aggregate table,True,False,False,baselines/artifacts/cityfm/nairobi/h3_r8_cityfm_semantic_surface__15412a0a14.parquet,full
cityfm,CityFM,nairobi,lst_day_mean,nairobi.lst_day_mean.2024,baselines/artifacts/cityfm/nairobi/h3_r8_cityfm_semantic_surface__15412a0a14.parquet,region_table,"{""h3_resolution"": 8, ""name"": ""CityFM"", ""path"": ""baselines/artifacts/cityfm/nairobi/h3_r8_cityfm_semantic_surface__15412a0a14.parquet"", ""region_id_col"": ""h3_id"", ""region_type"": ""h3"", ""type"": ""region_table""}",native_h3_region_table,task sample point converted to H3 r8 and looked up in the CityFM OSM entity aggregate table,True,False,False,baselines/artifacts/cityfm/nairobi/h3_r8_cityfm_semantic_surface__15412a0a14.parquet,full
cityfm,CityFM,jakarta,landuse,jakarta.landuse.2026,baselines/artifacts/cityfm/jakarta/h3_r8_cityfm_semantic_surface__eefeaca281.parquet,region_table,"{""h3_resolution"": 8, ""name"": ""CityFM"", ""path"": ""baselines/artifacts/cityfm/jakarta/h3_r8_cityfm_semantic_surface__eefeaca281.parquet"", ""region_id_col"": ""h3_id"", ""region_type"": ""h3"", ""type"": ""region_table""}",native_h3_region_table,task sample point converted to H3 r8 and looked up in the CityFM OSM entity aggregate table,True,False,False,baselines/artifacts/cityfm/jakarta/h3_r8_cityfm_semantic_surface__eefeaca281.parquet,full
cityfm,CityFM,jakarta,road_density,jakarta.road_density.2026,baselines/artifacts/cityfm/jakarta/h3_r8_cityfm_semantic_surface__eefeaca281.parquet,region_table,"{""h3_resolution"": 8, ""name"": ""CityFM"", ""path"": ""baselines/artifacts/cityfm/jakarta/h3_r8_cityfm_semantic_surface__eefeaca281.parquet"", ""region_id_col"": ""h3_id"", ""region_type"": ""h3"", ""type"": ""region_table""}",native_h3_region_table,task sample point converted to H3 r8 and looked up in the CityFM OSM entity aggregate table,True,False,False,baselines/artifacts/cityfm/jakarta/h3_r8_cityfm_semantic_surface__eefeaca281.parquet,full
cityfm,CityFM,jakarta,population,jakarta.population.2024,baselines/artifacts/cityfm/jakarta/h3_r8_cityfm_semantic_surface__eefeaca281.parquet,region_table,"{""h3_resolution"": 8, ""name"": ""CityFM"", ""path"": ""baselines/artifacts/cityfm/jakarta/h3_r8_cityfm_semantic_surface__eefeaca281.parquet"", ""region_id_col"": ""h3_id"", ""region_type"": ""h3"", ""type"": ""region_table""}",native_h3_region_table,task sample point converted to H3 r8 and looked up in the CityFM OSM entity aggregate table,True,False,False,baselines/artifacts/cityfm/jakarta/h3_r8_cityfm_semantic_surface__eefeaca281.parquet,full
cityfm,CityFM,jakarta,age_distribution,jakarta.age_distribution.2024,baselines/artifacts/cityfm/jakarta/h3_r8_cityfm_semantic_surface__eefeaca281.parquet,region_table,"{""h3_resolution"": 8, ""name"": ""CityFM"", ""path"": ""baselines/artifacts/cityfm/jakarta/h3_r8_cityfm_semantic_surface__eefeaca281.parquet"", ""region_id_col"": ""h3_id"", ""region_type"": ""h3"", ""type"": ""region_table""}",native_h3_region_table,task sample point converted to H3 r8 and looked up in the CityFM OSM entity aggregate table,True,False,False,baselines/artifacts/cityfm/jakarta/h3_r8_cityfm_semantic_surface__eefeaca281.parquet,full
cityfm,CityFM,jakarta,gdp,jakarta.gdp.2024,baselines/artifacts/cityfm/jakarta/h3_r8_cityfm_semantic_surface__eefeaca281.parquet,region_table,"{""h3_resolution"": 8, ""name"": ""CityFM"", ""path"": ""baselines/artifacts/cityfm/jakarta/h3_r8_cityfm_semantic_surface__eefeaca281.parquet"", ""region_id_col"": ""h3_id"", ""region_type"": ""h3"", ""type"": ""region_table""}",native_h3_region_table,task sample point converted to H3 r8 and looked up in the CityFM OSM entity aggregate table,True,False,False,baselines/artifacts/cityfm/jakarta/h3_r8_cityfm_semantic_surface__eefeaca281.parquet,full
cityfm,CityFM,jakarta,nightlight,jakarta.nightlight.2024,baselines/artifacts/cityfm/jakarta/h3_r8_cityfm_semantic_surface__eefeaca281.parquet,region_table,"{""h3_resolution"": 8, ""name"": ""CityFM"", ""path"": ""baselines/artifacts/cityfm/jakarta/h3_r8_cityfm_semantic_surface__eefeaca281.parquet"", ""region_id_col"": ""h3_id"", ""region_type"": ""h3"", ""type"": ""region_table""}",native_h3_region_table,nighttime-light sample point converted to H3 r8 and looked up in the CityFM region table,True,False,False,baselines/artifacts/cityfm/jakarta/h3_r8_cityfm_semantic_surface__eefeaca281.parquet,full
cityfm,CityFM,jakarta,pm25,jakarta.pm25.2022,baselines/artifacts/cityfm/jakarta/h3_r8_cityfm_semantic_surface__eefeaca281.parquet,region_table,"{""h3_resolution"": 8, ""name"": ""CityFM"", ""path"": ""baselines/artifacts/cityfm/jakarta/h3_r8_cityfm_semantic_surface__eefeaca281.parquet"", ""region_id_col"": ""h3_id"", ""region_type"": ""h3"", ""type"": ""region_table""}",native_h3_region_table,task sample point converted to H3 r8 and looked up in the CityFM OSM entity aggregate table,True,False,False,baselines/artifacts/cityfm/jakarta/h3_r8_cityfm_semantic_surface__eefeaca281.parquet,full
cityfm,CityFM,jakarta,lst_day_mean,jakarta.lst_day_mean.2024,baselines/artifacts/cityfm/jakarta/h3_r8_cityfm_semantic_surface__eefeaca281.parquet,region_table,"{""h3_resolution"": 8, ""name"": ""CityFM"", ""path"": ""baselines/artifacts/cityfm/jakarta/h3_r8_cityfm_semantic_surface__eefeaca281.parquet"", ""region_id_col"": ""h3_id"", ""region_type"": ""h3"", ""type"": ""region_table""}",native_h3_region_table,task sample point converted to H3 r8 and looked up in the CityFM OSM entity aggregate table,True,False,False,baselines/artifacts/cityfm/jakarta/h3_r8_cityfm_semantic_surface__eefeaca281.parquet,full
cityfm,CityFM,cape_town,landuse,cape_town.landuse.2026,baselines/artifacts/cityfm/cape_town/h3_r8_cityfm_semantic_surface__8c4a0cbb89.parquet,region_table,"{""h3_resolution"": 8, ""name"": ""CityFM"", ""path"": ""baselines/artifacts/cityfm/cape_town/h3_r8_cityfm_semantic_surface__8c4a0cbb89.parquet"", ""region_id_col"": ""h3_id"", ""region_type"": ""h3"", ""type"": ""region_table""}",native_h3_region_table,task sample point converted to H3 r8 and looked up in the CityFM OSM entity aggregate table,True,False,False,baselines/artifacts/cityfm/cape_town/h3_r8_cityfm_semantic_surface__8c4a0cbb89.parquet,full
cityfm,CityFM,cape_town,road_density,cape_town.road_density.2026,baselines/artifacts/cityfm/cape_town/h3_r8_cityfm_semantic_surface__8c4a0cbb89.parquet,region_table,"{""h3_resolution"": 8, ""name"": ""CityFM"", ""path"": ""baselines/artifacts/cityfm/cape_town/h3_r8_cityfm_semantic_surface__8c4a0cbb89.parquet"", ""region_id_col"": ""h3_id"", ""region_type"": ""h3"", ""type"": ""region_table""}",native_h3_region_table,task sample point converted to H3 r8 and looked up in the CityFM OSM entity aggregate table,True,False,False,baselines/artifacts/cityfm/cape_town/h3_r8_cityfm_semantic_surface__8c4a0cbb89.parquet,full
cityfm,CityFM,cape_town,population,cape_town.population.2024,baselines/artifacts/cityfm/cape_town/h3_r8_cityfm_semantic_surface__8c4a0cbb89.parquet,region_table,"{""h3_resolution"": 8, ""name"": ""CityFM"", ""path"": ""baselines/artifacts/cityfm/cape_town/h3_r8_cityfm_semantic_surface__8c4a0cbb89.parquet"", ""region_id_col"": ""h3_id"", ""region_type"": ""h3"", ""type"": ""region_table""}",native_h3_region_table,task sample point converted to H3 r8 and looked up in the CityFM OSM entity aggregate table,True,False,False,baselines/artifacts/cityfm/cape_town/h3_r8_cityfm_semantic_surface__8c4a0cbb89.parquet,full
cityfm,CityFM,cape_town,age_distribution,cape_town.age_distribution.2024,baselines/artifacts/cityfm/cape_town/h3_r8_cityfm_semantic_surface__8c4a0cbb89.parquet,region_table,"{""h3_resolution"": 8, ""name"": ""CityFM"", ""path"": ""baselines/artifacts/cityfm/cape_town/h3_r8_cityfm_semantic_surface__8c4a0cbb89.parquet"", ""region_id_col"": ""h3_id"", ""region_type"": ""h3"", ""type"": ""region_table""}",native_h3_region_table,task sample point converted to H3 r8 and looked up in the CityFM OSM entity aggregate table,True,False,False,baselines/artifacts/cityfm/cape_town/h3_r8_cityfm_semantic_surface__8c4a0cbb89.parquet,full
cityfm,CityFM,cape_town,gdp,cape_town.gdp.2024,baselines/artifacts/cityfm/cape_town/h3_r8_cityfm_semantic_surface__8c4a0cbb89.parquet,region_table,"{""h3_resolution"": 8, ""name"": ""CityFM"", ""path"": ""baselines/artifacts/cityfm/cape_town/h3_r8_cityfm_semantic_surface__8c4a0cbb89.parquet"", ""region_id_col"": ""h3_id"", ""region_type"": ""h3"", ""type"": ""region_table""}",native_h3_region_table,task sample point converted to H3 r8 and looked up in the CityFM OSM entity aggregate table,True,False,False,baselines/artifacts/cityfm/cape_town/h3_r8_cityfm_semantic_surface__8c4a0cbb89.parquet,full
cityfm,CityFM,cape_town,nightlight,cape_town.nightlight.2024,baselines/artifacts/cityfm/cape_town/h3_r8_cityfm_semantic_surface__8c4a0cbb89.parquet,region_table,"{""h3_resolution"": 8, ""name"": ""CityFM"", ""path"": ""baselines/artifacts/cityfm/cape_town/h3_r8_cityfm_semantic_surface__8c4a0cbb89.parquet"", ""region_id_col"": ""h3_id"", ""region_type"": ""h3"", ""type"": ""region_table""}",native_h3_region_table,nighttime-light sample point converted to H3 r8 and looked up in the CityFM region table,True,False,False,baselines/artifacts/cityfm/cape_town/h3_r8_cityfm_semantic_surface__8c4a0cbb89.parquet,full
cityfm,CityFM,cape_town,pm25,cape_town.pm25.2022,baselines/artifacts/cityfm/cape_town/h3_r8_cityfm_semantic_surface__8c4a0cbb89.parquet,region_table,"{""h3_resolution"": 8, ""name"": ""CityFM"", ""path"": ""baselines/artifacts/cityfm/cape_town/h3_r8_cityfm_semantic_surface__8c4a0cbb89.parquet"", ""region_id_col"": ""h3_id"", ""region_type"": ""h3"", ""type"": ""region_table""}",native_h3_region_table,task sample point converted to H3 r8 and looked up in the CityFM OSM entity aggregate table,True,False,False,baselines/artifacts/cityfm/cape_town/h3_r8_cityfm_semantic_surface__8c4a0cbb89.parquet,full
cityfm,CityFM,cape_town,lst_day_mean,cape_town.lst_day_mean.2024,baselines/artifacts/cityfm/cape_town/h3_r8_cityfm_semantic_surface__8c4a0cbb89.parquet,region_table,"{""h3_resolution"": 8, ""name"": ""CityFM"", ""path"": ""baselines/artifacts/cityfm/cape_town/h3_r8_cityfm_semantic_surface__8c4a0cbb89.parquet"", ""region_id_col"": ""h3_id"", ""region_type"": ""h3"", ""type"": ""region_table""}",native_h3_region_table,task sample point converted to H3 r8 and looked up in the CityFM OSM entity aggregate table,True,False,False,baselines/artifacts/cityfm/cape_town/h3_r8_cityfm_semantic_surface__8c4a0cbb89.parquet,full
urban2vec,Urban2Vec,london,landuse,london.landuse.2026,baselines/artifacts/urban2vec/london/h3_r8_urban2vec.parquet,region,"{""h3_resolution"": 8, ""name"": ""Urban2Vec"", ""path"": ""baselines/artifacts/urban2vec/london/h3_r8_urban2vec.parquet"", ""region_id_col"": ""h3_id"", ""region_type"": ""h3"", ""type"": ""region"", ""variant"": ""streetview_plus_poi_128d""}",region_embedding_streetview_plus_poi128,Not released for public evaluation: the London payload is a synthetic schema demo and has no corresponding benchmark embeddings.,False,False,False,baselines/artifacts/urban2vec/london/h3_r8_urban2vec.parquet,synthetic_demo_only_no_embedding
urban2vec,Urban2Vec,london,road_density,london.road_density.2026,baselines/artifacts/urban2vec/london/h3_r8_urban2vec.parquet,region,"{""h3_resolution"": 8, ""name"": ""Urban2Vec"", ""path"": ""baselines/artifacts/urban2vec/london/h3_r8_urban2vec.parquet"", ""region_id_col"": ""h3_id"", ""region_type"": ""h3"", ""type"": ""region"", ""variant"": ""streetview_plus_poi_128d""}",region_embedding_streetview_plus_poi128,H3 r8 region lookup on fused street-view + POI Urban2Vec support; point and raster task units are mapped to H3 cells and looked up in the model table.,True,False,False,baselines/artifacts/urban2vec/london/h3_r8_urban2vec.parquet,full
urban2vec,Urban2Vec,london,population,london.population.2024,baselines/artifacts/urban2vec/london/h3_r8_urban2vec.parquet,region,"{""h3_resolution"": 8, ""name"": ""Urban2Vec"", ""path"": ""baselines/artifacts/urban2vec/london/h3_r8_urban2vec.parquet"", ""region_id_col"": ""h3_id"", ""region_type"": ""h3"", ""type"": ""region"", ""variant"": ""streetview_plus_poi_128d""}",region_embedding_streetview_plus_poi128,H3 r8 region lookup on fused street-view + POI Urban2Vec support; point and raster task units are mapped to H3 cells and looked up in the model table.,True,False,False,baselines/artifacts/urban2vec/london/h3_r8_urban2vec.parquet,full
urban2vec,Urban2Vec,london,age_distribution,london.age_distribution.2024,baselines/artifacts/urban2vec/london/h3_r8_urban2vec.parquet,region,"{""h3_resolution"": 8, ""name"": ""Urban2Vec"", ""path"": ""baselines/artifacts/urban2vec/london/h3_r8_urban2vec.parquet"", ""region_id_col"": ""h3_id"", ""region_type"": ""h3"", ""type"": ""region"", ""variant"": ""streetview_plus_poi_128d""}",region_embedding_streetview_plus_poi128,H3 r8 region lookup on fused street-view + POI Urban2Vec support; point and raster task units are mapped to H3 cells and looked up in the model table.,True,False,False,baselines/artifacts/urban2vec/london/h3_r8_urban2vec.parquet,full
urban2vec,Urban2Vec,london,gdp,london.gdp.2024,baselines/artifacts/urban2vec/london/h3_r8_urban2vec.parquet,region,"{""h3_resolution"": 8, ""name"": ""Urban2Vec"", ""path"": ""baselines/artifacts/urban2vec/london/h3_r8_urban2vec.parquet"", ""region_id_col"": ""h3_id"", ""region_type"": ""h3"", ""type"": ""region"", ""variant"": ""streetview_plus_poi_128d""}",region_embedding_streetview_plus_poi128,H3 r8 region lookup on fused street-view + POI Urban2Vec support; point and raster task units are mapped to H3 cells and looked up in the model table.,True,False,False,baselines/artifacts/urban2vec/london/h3_r8_urban2vec.parquet,full
urban2vec,Urban2Vec,london,nightlight,london.nightlight.2024,baselines/artifacts/urban2vec/london/h3_r8_urban2vec.parquet,region,"{""h3_resolution"": 8, ""name"": ""Urban2Vec"", ""path"": ""baselines/artifacts/urban2vec/london/h3_r8_urban2vec.parquet"", ""region_id_col"": ""h3_id"", ""region_type"": ""h3"", ""type"": ""region"", ""variant"": ""streetview_plus_poi_128d""}",region_embedding_streetview_plus_poi128,nighttime-light sample point converted to H3 r8 and looked up in the Urban2Vec region table,True,False,False,baselines/artifacts/urban2vec/london/h3_r8_urban2vec.parquet,full
urban2vec,Urban2Vec,london,pm25,london.pm25.2022,baselines/artifacts/urban2vec/london/h3_r8_urban2vec.parquet,region,"{""h3_resolution"": 8, ""name"": ""Urban2Vec"", ""path"": ""baselines/artifacts/urban2vec/london/h3_r8_urban2vec.parquet"", ""region_id_col"": ""h3_id"", ""region_type"": ""h3"", ""type"": ""region"", ""variant"": ""streetview_plus_poi_128d""}",region_embedding_streetview_plus_poi128,H3 r8 region lookup on fused street-view + POI Urban2Vec support; point and raster task units are mapped to H3 cells and looked up in the model table.,True,False,False,baselines/artifacts/urban2vec/london/h3_r8_urban2vec.parquet,full
urban2vec,Urban2Vec,london,lst_day_mean,london.lst_day_mean.2024,baselines/artifacts/urban2vec/london/h3_r8_urban2vec.parquet,region,"{""h3_resolution"": 8, ""name"": ""Urban2Vec"", ""path"": ""baselines/artifacts/urban2vec/london/h3_r8_urban2vec.parquet"", ""region_id_col"": ""h3_id"", ""region_type"": ""h3"", ""type"": ""region"", ""variant"": ""streetview_plus_poi_128d""}",region_embedding_streetview_plus_poi128,H3 r8 region lookup on fused street-view + POI Urban2Vec support; point and raster task units are mapped to H3 cells and looked up in the model table.,True,False,False,baselines/artifacts/urban2vec/london/h3_r8_urban2vec.parquet,full
urban2vec,Urban2Vec,new_york,landuse,new_york.landuse.2026,baselines/artifacts/urban2vec/new_york/h3_r8_urban2vec.parquet,region,"{""h3_resolution"": 8, ""name"": ""Urban2Vec"", ""path"": ""baselines/artifacts/urban2vec/new_york/h3_r8_urban2vec.parquet"", ""region_id_col"": ""h3_id"", ""region_type"": ""h3"", ""type"": ""region"", ""variant"": ""streetview_plus_poi_128d""}",region_embedding_streetview_plus_poi128,H3 r8 region lookup on fused street-view + POI Urban2Vec support; point and raster task units are mapped to H3 cells and looked up in the model table.,True,False,False,baselines/artifacts/urban2vec/new_york/h3_r8_urban2vec.parquet,full
urban2vec,Urban2Vec,new_york,road_density,new_york.road_density.2026,baselines/artifacts/urban2vec/new_york/h3_r8_urban2vec.parquet,region,"{""h3_resolution"": 8, ""name"": ""Urban2Vec"", ""path"": ""baselines/artifacts/urban2vec/new_york/h3_r8_urban2vec.parquet"", ""region_id_col"": ""h3_id"", ""region_type"": ""h3"", ""type"": ""region"", ""variant"": ""streetview_plus_poi_128d""}",region_embedding_streetview_plus_poi128,H3 r8 region lookup on fused street-view + POI Urban2Vec support; point and raster task units are mapped to H3 cells and looked up in the model table.,True,False,False,baselines/artifacts/urban2vec/new_york/h3_r8_urban2vec.parquet,full
urban2vec,Urban2Vec,new_york,population,new_york.population.2024,baselines/artifacts/urban2vec/new_york/h3_r8_urban2vec.parquet,region,"{""h3_resolution"": 8, ""name"": ""Urban2Vec"", ""path"": ""baselines/artifacts/urban2vec/new_york/h3_r8_urban2vec.parquet"", ""region_id_col"": ""h3_id"", ""region_type"": ""h3"", ""type"": ""region"", ""variant"": ""streetview_plus_poi_128d""}",region_embedding_streetview_plus_poi128,H3 r8 region lookup on fused street-view + POI Urban2Vec support; point and raster task units are mapped to H3 cells and looked up in the model table.,True,False,False,baselines/artifacts/urban2vec/new_york/h3_r8_urban2vec.parquet,full
urban2vec,Urban2Vec,new_york,age_distribution,new_york.age_distribution.2024,baselines/artifacts/urban2vec/new_york/h3_r8_urban2vec.parquet,region,"{""h3_resolution"": 8, ""name"": ""Urban2Vec"", ""path"": ""baselines/artifacts/urban2vec/new_york/h3_r8_urban2vec.parquet"", ""region_id_col"": ""h3_id"", ""region_type"": ""h3"", ""type"": ""region"", ""variant"": ""streetview_plus_poi_128d""}",region_embedding_streetview_plus_poi128,H3 r8 region lookup on fused street-view + POI Urban2Vec support; point and raster task units are mapped to H3 cells and looked up in the model table.,True,False,False,baselines/artifacts/urban2vec/new_york/h3_r8_urban2vec.parquet,full
urban2vec,Urban2Vec,new_york,gdp,new_york.gdp.2024,baselines/artifacts/urban2vec/new_york/h3_r8_urban2vec.parquet,region,"{""h3_resolution"": 8, ""name"": ""Urban2Vec"", ""path"": ""baselines/artifacts/urban2vec/new_york/h3_r8_urban2vec.parquet"", ""region_id_col"": ""h3_id"", ""region_type"": ""h3"", ""type"": ""region"", ""variant"": ""streetview_plus_poi_128d""}",region_embedding_streetview_plus_poi128,H3 r8 region lookup on fused street-view + POI Urban2Vec support; point and raster task units are mapped to H3 cells and looked up in the model table.,True,False,False,baselines/artifacts/urban2vec/new_york/h3_r8_urban2vec.parquet,full
urban2vec,Urban2Vec,new_york,nightlight,new_york.nightlight.2024,baselines/artifacts/urban2vec/new_york/h3_r8_urban2vec.parquet,region,"{""h3_resolution"": 8, ""name"": ""Urban2Vec"", ""path"": ""baselines/artifacts/urban2vec/new_york/h3_r8_urban2vec.parquet"", ""region_id_col"": ""h3_id"", ""region_type"": ""h3"", ""type"": ""region"", ""variant"": ""streetview_plus_poi_128d""}",region_embedding_streetview_plus_poi128,nighttime-light sample point converted to H3 r8 and looked up in the Urban2Vec region table,True,False,False,baselines/artifacts/urban2vec/new_york/h3_r8_urban2vec.parquet,full
urban2vec,Urban2Vec,new_york,pm25,new_york.pm25.2022,baselines/artifacts/urban2vec/new_york/h3_r8_urban2vec.parquet,region,"{""h3_resolution"": 8, ""name"": ""Urban2Vec"", ""path"": ""baselines/artifacts/urban2vec/new_york/h3_r8_urban2vec.parquet"", ""region_id_col"": ""h3_id"", ""region_type"": ""h3"", ""type"": ""region"", ""variant"": ""streetview_plus_poi_128d""}",region_embedding_streetview_plus_poi128,H3 r8 region lookup on fused street-view + POI Urban2Vec support; point and raster task units are mapped to H3 cells and looked up in the model table.,True,False,False,baselines/artifacts/urban2vec/new_york/h3_r8_urban2vec.parquet,full
urban2vec,Urban2Vec,new_york,lst_day_mean,new_york.lst_day_mean.2024,baselines/artifacts/urban2vec/new_york/h3_r8_urban2vec.parquet,region,"{""h3_resolution"": 8, ""name"": ""Urban2Vec"", ""path"": ""baselines/artifacts/urban2vec/new_york/h3_r8_urban2vec.parquet"", ""region_id_col"": ""h3_id"", ""region_type"": ""h3"", ""type"": ""region"", ""variant"": ""streetview_plus_poi_128d""}",region_embedding_streetview_plus_poi128,H3 r8 region lookup on fused street-view + POI Urban2Vec support; point and raster task units are mapped to H3 cells and looked up in the model table.,True,False,False,baselines/artifacts/urban2vec/new_york/h3_r8_urban2vec.parquet,full
urban2vec,Urban2Vec,singapore,landuse,singapore.landuse.2026,baselines/artifacts/urban2vec/singapore/h3_r8_urban2vec.parquet,region,"{""h3_resolution"": 8, ""name"": ""Urban2Vec"", ""path"": ""baselines/artifacts/urban2vec/singapore/h3_r8_urban2vec.parquet"", ""region_id_col"": ""h3_id"", ""region_type"": ""h3"", ""type"": ""region"", ""variant"": ""streetview_plus_poi_128d""}",region_embedding_streetview_plus_poi128,H3 r8 region lookup on fused street-view + POI Urban2Vec support; point and raster task units are mapped to H3 cells and looked up in the model table.,True,False,False,baselines/artifacts/urban2vec/singapore/h3_r8_urban2vec.parquet,full
urban2vec,Urban2Vec,singapore,road_density,singapore.road_density.2026,baselines/artifacts/urban2vec/singapore/h3_r8_urban2vec.parquet,region,"{""h3_resolution"": 8, ""name"": ""Urban2Vec"", ""path"": ""baselines/artifacts/urban2vec/singapore/h3_r8_urban2vec.parquet"", ""region_id_col"": ""h3_id"", ""region_type"": ""h3"", ""type"": ""region"", ""variant"": ""streetview_plus_poi_128d""}",region_embedding_streetview_plus_poi128,H3 r8 region lookup on fused street-view + POI Urban2Vec support; point and raster task units are mapped to H3 cells and looked up in the model table.,True,False,False,baselines/artifacts/urban2vec/singapore/h3_r8_urban2vec.parquet,full
urban2vec,Urban2Vec,singapore,population,singapore.population.2024,baselines/artifacts/urban2vec/singapore/h3_r8_urban2vec.parquet,region,"{""h3_resolution"": 8, ""name"": ""Urban2Vec"", ""path"": ""baselines/artifacts/urban2vec/singapore/h3_r8_urban2vec.parquet"", ""region_id_col"": ""h3_id"", ""region_type"": ""h3"", ""type"": ""region"", ""variant"": ""streetview_plus_poi_128d""}",region_embedding_streetview_plus_poi128,H3 r8 region lookup on fused street-view + POI Urban2Vec support; point and raster task units are mapped to H3 cells and looked up in the model table.,True,False,False,baselines/artifacts/urban2vec/singapore/h3_r8_urban2vec.parquet,full
urban2vec,Urban2Vec,singapore,age_distribution,singapore.age_distribution.2024,baselines/artifacts/urban2vec/singapore/h3_r8_urban2vec.parquet,region,"{""h3_resolution"": 8, ""name"": ""Urban2Vec"", ""path"": ""baselines/artifacts/urban2vec/singapore/h3_r8_urban2vec.parquet"", ""region_id_col"": ""h3_id"", ""region_type"": ""h3"", ""type"": ""region"", ""variant"": ""streetview_plus_poi_128d""}",region_embedding_streetview_plus_poi128,H3 r8 region lookup on fused street-view + POI Urban2Vec support; point and raster task units are mapped to H3 cells and looked up in the model table.,True,False,False,baselines/artifacts/urban2vec/singapore/h3_r8_urban2vec.parquet,full
urban2vec,Urban2Vec,singapore,gdp,singapore.gdp.2024,baselines/artifacts/urban2vec/singapore/h3_r8_urban2vec.parquet,region,"{""h3_resolution"": 8, ""name"": ""Urban2Vec"", ""path"": ""baselines/artifacts/urban2vec/singapore/h3_r8_urban2vec.parquet"", ""region_id_col"": ""h3_id"", ""region_type"": ""h3"", ""type"": ""region"", ""variant"": ""streetview_plus_poi_128d""}",region_embedding_streetview_plus_poi128,H3 r8 region lookup on fused street-view + POI Urban2Vec support; point and raster task units are mapped to H3 cells and looked up in the model table.,True,False,False,baselines/artifacts/urban2vec/singapore/h3_r8_urban2vec.parquet,full
urban2vec,Urban2Vec,singapore,nightlight,singapore.nightlight.2024,baselines/artifacts/urban2vec/singapore/h3_r8_urban2vec.parquet,region,"{""h3_resolution"": 8, ""name"": ""Urban2Vec"", ""path"": ""baselines/artifacts/urban2vec/singapore/h3_r8_urban2vec.parquet"", ""region_id_col"": ""h3_id"", ""region_type"": ""h3"", ""type"": ""region"", ""variant"": ""streetview_plus_poi_128d""}",region_embedding_streetview_plus_poi128,nighttime-light sample point converted to H3 r8 and looked up in the Urban2Vec region table,True,False,False,baselines/artifacts/urban2vec/singapore/h3_r8_urban2vec.parquet,full
urban2vec,Urban2Vec,singapore,pm25,singapore.pm25.2022,baselines/artifacts/urban2vec/singapore/h3_r8_urban2vec.parquet,region,"{""h3_resolution"": 8, ""name"": ""Urban2Vec"", ""path"": ""baselines/artifacts/urban2vec/singapore/h3_r8_urban2vec.parquet"", ""region_id_col"": ""h3_id"", ""region_type"": ""h3"", ""type"": ""region"", ""variant"": ""streetview_plus_poi_128d""}",region_embedding_streetview_plus_poi128,H3 r8 region lookup on fused street-view + POI Urban2Vec support; point and raster task units are mapped to H3 cells and looked up in the model table.,True,False,False,baselines/artifacts/urban2vec/singapore/h3_r8_urban2vec.parquet,full
urban2vec,Urban2Vec,singapore,lst_day_mean,singapore.lst_day_mean.2024,baselines/artifacts/urban2vec/singapore/h3_r8_urban2vec.parquet,region,"{""h3_resolution"": 8, ""name"": ""Urban2Vec"", ""path"": ""baselines/artifacts/urban2vec/singapore/h3_r8_urban2vec.parquet"", ""region_id_col"": ""h3_id"", ""region_type"": ""h3"", ""type"": ""region"", ""variant"": ""streetview_plus_poi_128d""}",region_embedding_streetview_plus_poi128,H3 r8 region lookup on fused street-view + POI Urban2Vec support; point and raster task units are mapped to H3 cells and looked up in the model table.,True,False,False,baselines/artifacts/urban2vec/singapore/h3_r8_urban2vec.parquet,full
urban2vec,Urban2Vec,sydney,landuse,sydney.landuse.2026,baselines/artifacts/urban2vec/sydney/h3_r8_urban2vec.parquet,region,"{""h3_resolution"": 8, ""name"": ""Urban2Vec"", ""path"": ""baselines/artifacts/urban2vec/sydney/h3_r8_urban2vec.parquet"", ""region_id_col"": ""h3_id"", ""region_type"": ""h3"", ""type"": ""region"", ""variant"": ""streetview_plus_poi_128d""}",region_embedding_streetview_plus_poi128,H3 r8 region lookup on fused street-view + POI Urban2Vec support; point and raster task units are mapped to H3 cells and looked up in the model table.,True,False,False,baselines/artifacts/urban2vec/sydney/h3_r8_urban2vec.parquet,full
urban2vec,Urban2Vec,sydney,road_density,sydney.road_density.2026,baselines/artifacts/urban2vec/sydney/h3_r8_urban2vec.parquet,region,"{""h3_resolution"": 8, ""name"": ""Urban2Vec"", ""path"": ""baselines/artifacts/urban2vec/sydney/h3_r8_urban2vec.parquet"", ""region_id_col"": ""h3_id"", ""region_type"": ""h3"", ""type"": ""region"", ""variant"": ""streetview_plus_poi_128d""}",region_embedding_streetview_plus_poi128,H3 r8 region lookup on fused street-view + POI Urban2Vec support; point and raster task units are mapped to H3 cells and looked up in the model table.,True,False,False,baselines/artifacts/urban2vec/sydney/h3_r8_urban2vec.parquet,full
urban2vec,Urban2Vec,sydney,population,sydney.population.2024,baselines/artifacts/urban2vec/sydney/h3_r8_urban2vec.parquet,region,"{""h3_resolution"": 8, ""name"": ""Urban2Vec"", ""path"": ""baselines/artifacts/urban2vec/sydney/h3_r8_urban2vec.parquet"", ""region_id_col"": ""h3_id"", ""region_type"": ""h3"", ""type"": ""region"", ""variant"": ""streetview_plus_poi_128d""}",region_embedding_streetview_plus_poi128,H3 r8 region lookup on fused street-view + POI Urban2Vec support; point and raster task units are mapped to H3 cells and looked up in the model table.,True,False,False,baselines/artifacts/urban2vec/sydney/h3_r8_urban2vec.parquet,full
urban2vec,Urban2Vec,sydney,age_distribution,sydney.age_distribution.2024,baselines/artifacts/urban2vec/sydney/h3_r8_urban2vec.parquet,region,"{""h3_resolution"": 8, ""name"": ""Urban2Vec"", ""path"": ""baselines/artifacts/urban2vec/sydney/h3_r8_urban2vec.parquet"", ""region_id_col"": ""h3_id"", ""region_type"": ""h3"", ""type"": ""region"", ""variant"": ""streetview_plus_poi_128d""}",region_embedding_streetview_plus_poi128,H3 r8 region lookup on fused street-view + POI Urban2Vec support; point and raster task units are mapped to H3 cells and looked up in the model table.,True,False,False,baselines/artifacts/urban2vec/sydney/h3_r8_urban2vec.parquet,full
urban2vec,Urban2Vec,sydney,gdp,sydney.gdp.2024,baselines/artifacts/urban2vec/sydney/h3_r8_urban2vec.parquet,region,"{""h3_resolution"": 8, ""name"": ""Urban2Vec"", ""path"": ""baselines/artifacts/urban2vec/sydney/h3_r8_urban2vec.parquet"", ""region_id_col"": ""h3_id"", ""region_type"": ""h3"", ""type"": ""region"", ""variant"": ""streetview_plus_poi_128d""}",region_embedding_streetview_plus_poi128,H3 r8 region lookup on fused street-view + POI Urban2Vec support; point and raster task units are mapped to H3 cells and looked up in the model table.,True,False,False,baselines/artifacts/urban2vec/sydney/h3_r8_urban2vec.parquet,full
urban2vec,Urban2Vec,sydney,nightlight,sydney.nightlight.2024,baselines/artifacts/urban2vec/sydney/h3_r8_urban2vec.parquet,region,"{""h3_resolution"": 8, ""name"": ""Urban2Vec"", ""path"": ""baselines/artifacts/urban2vec/sydney/h3_r8_urban2vec.parquet"", ""region_id_col"": ""h3_id"", ""region_type"": ""h3"", ""type"": ""region"", ""variant"": ""streetview_plus_poi_128d""}",region_embedding_streetview_plus_poi128,nighttime-light sample point converted to H3 r8 and looked up in the Urban2Vec region table,True,False,False,baselines/artifacts/urban2vec/sydney/h3_r8_urban2vec.parquet,full
urban2vec,Urban2Vec,sydney,pm25,sydney.pm25.2022,baselines/artifacts/urban2vec/sydney/h3_r8_urban2vec.parquet,region,"{""h3_resolution"": 8, ""name"": ""Urban2Vec"", ""path"": ""baselines/artifacts/urban2vec/sydney/h3_r8_urban2vec.parquet"", ""region_id_col"": ""h3_id"", ""region_type"": ""h3"", ""type"": ""region"", ""variant"": ""streetview_plus_poi_128d""}",region_embedding_streetview_plus_poi128,H3 r8 region lookup on fused street-view + POI Urban2Vec support; point and raster task units are mapped to H3 cells and looked up in the model table.,True,False,False,baselines/artifacts/urban2vec/sydney/h3_r8_urban2vec.parquet,full
urban2vec,Urban2Vec,sydney,lst_day_mean,sydney.lst_day_mean.2024,baselines/artifacts/urban2vec/sydney/h3_r8_urban2vec.parquet,region,"{""h3_resolution"": 8, ""name"": ""Urban2Vec"", ""path"": ""baselines/artifacts/urban2vec/sydney/h3_r8_urban2vec.parquet"", ""region_id_col"": ""h3_id"", ""region_type"": ""h3"", ""type"": ""region"", ""variant"": ""streetview_plus_poi_128d""}",region_embedding_streetview_plus_poi128,H3 r8 region lookup on fused street-view + POI Urban2Vec support; point and raster task units are mapped to H3 cells and looked up in the model table.,True,False,False,baselines/artifacts/urban2vec/sydney/h3_r8_urban2vec.parquet,full
urban2vec,Urban2Vec,mumbai,landuse,mumbai.landuse.2026,baselines/artifacts/urban2vec/mumbai/h3_r8_urban2vec.parquet,region,"{""h3_resolution"": 8, ""name"": ""Urban2Vec"", ""path"": ""baselines/artifacts/urban2vec/mumbai/h3_r8_urban2vec.parquet"", ""region_id_col"": ""h3_id"", ""region_type"": ""h3"", ""type"": ""region"", ""variant"": ""streetview_plus_poi_128d""}",region_embedding_streetview_plus_poi128,H3 r8 region lookup on fused street-view + POI Urban2Vec support; point and raster task units are mapped to H3 cells and looked up in the model table.,True,False,False,baselines/artifacts/urban2vec/mumbai/h3_r8_urban2vec.parquet,full
urban2vec,Urban2Vec,mumbai,road_density,mumbai.road_density.2026,baselines/artifacts/urban2vec/mumbai/h3_r8_urban2vec.parquet,region,"{""h3_resolution"": 8, ""name"": ""Urban2Vec"", ""path"": ""baselines/artifacts/urban2vec/mumbai/h3_r8_urban2vec.parquet"", ""region_id_col"": ""h3_id"", ""region_type"": ""h3"", ""type"": ""region"", ""variant"": ""streetview_plus_poi_128d""}",region_embedding_streetview_plus_poi128,H3 r8 region lookup on fused street-view + POI Urban2Vec support; point and raster task units are mapped to H3 cells and looked up in the model table.,True,False,False,baselines/artifacts/urban2vec/mumbai/h3_r8_urban2vec.parquet,full
urban2vec,Urban2Vec,mumbai,population,mumbai.population.2024,baselines/artifacts/urban2vec/mumbai/h3_r8_urban2vec.parquet,region,"{""h3_resolution"": 8, ""name"": ""Urban2Vec"", ""path"": ""baselines/artifacts/urban2vec/mumbai/h3_r8_urban2vec.parquet"", ""region_id_col"": ""h3_id"", ""region_type"": ""h3"", ""type"": ""region"", ""variant"": ""streetview_plus_poi_128d""}",region_embedding_streetview_plus_poi128,H3 r8 region lookup on fused street-view + POI Urban2Vec support; point and raster task units are mapped to H3 cells and looked up in the model table.,True,False,False,baselines/artifacts/urban2vec/mumbai/h3_r8_urban2vec.parquet,full
urban2vec,Urban2Vec,mumbai,age_distribution,mumbai.age_distribution.2024,baselines/artifacts/urban2vec/mumbai/h3_r8_urban2vec.parquet,region,"{""h3_resolution"": 8, ""name"": ""Urban2Vec"", ""path"": ""baselines/artifacts/urban2vec/mumbai/h3_r8_urban2vec.parquet"", ""region_id_col"": ""h3_id"", ""region_type"": ""h3"", ""type"": ""region"", ""variant"": ""streetview_plus_poi_128d""}",region_embedding_streetview_plus_poi128,H3 r8 region lookup on fused street-view + POI Urban2Vec support; point and raster task units are mapped to H3 cells and looked up in the model table.,True,False,False,baselines/artifacts/urban2vec/mumbai/h3_r8_urban2vec.parquet,full
urban2vec,Urban2Vec,mumbai,gdp,mumbai.gdp.2024,baselines/artifacts/urban2vec/mumbai/h3_r8_urban2vec.parquet,region,"{""h3_resolution"": 8, ""name"": ""Urban2Vec"", ""path"": ""baselines/artifacts/urban2vec/mumbai/h3_r8_urban2vec.parquet"", ""region_id_col"": ""h3_id"", ""region_type"": ""h3"", ""type"": ""region"", ""variant"": ""streetview_plus_poi_128d""}",region_embedding_streetview_plus_poi128,H3 r8 region lookup on fused street-view + POI Urban2Vec support; point and raster task units are mapped to H3 cells and looked up in the model table.,True,False,False,baselines/artifacts/urban2vec/mumbai/h3_r8_urban2vec.parquet,full
urban2vec,Urban2Vec,mumbai,nightlight,mumbai.nightlight.2024,baselines/artifacts/urban2vec/mumbai/h3_r8_urban2vec.parquet,region,"{""h3_resolution"": 8, ""name"": ""Urban2Vec"", ""path"": ""baselines/artifacts/urban2vec/mumbai/h3_r8_urban2vec.parquet"", ""region_id_col"": ""h3_id"", ""region_type"": ""h3"", ""type"": ""region"", ""variant"": ""streetview_plus_poi_128d""}",region_embedding_streetview_plus_poi128,nighttime-light sample point converted to H3 r8 and looked up in the Urban2Vec region table,True,False,False,baselines/artifacts/urban2vec/mumbai/h3_r8_urban2vec.parquet,full
urban2vec,Urban2Vec,mumbai,pm25,mumbai.pm25.2022,baselines/artifacts/urban2vec/mumbai/h3_r8_urban2vec.parquet,region,"{""h3_resolution"": 8, ""name"": ""Urban2Vec"", ""path"": ""baselines/artifacts/urban2vec/mumbai/h3_r8_urban2vec.parquet"", ""region_id_col"": ""h3_id"", ""region_type"": ""h3"", ""type"": ""region"", ""variant"": ""streetview_plus_poi_128d""}",region_embedding_streetview_plus_poi128,H3 r8 region lookup on fused street-view + POI Urban2Vec support; point and raster task units are mapped to H3 cells and looked up in the model table.,True,False,False,baselines/artifacts/urban2vec/mumbai/h3_r8_urban2vec.parquet,full
urban2vec,Urban2Vec,mumbai,lst_day_mean,mumbai.lst_day_mean.2024,baselines/artifacts/urban2vec/mumbai/h3_r8_urban2vec.parquet,region,"{""h3_resolution"": 8, ""name"": ""Urban2Vec"", ""path"": ""baselines/artifacts/urban2vec/mumbai/h3_r8_urban2vec.parquet"", ""region_id_col"": ""h3_id"", ""region_type"": ""h3"", ""type"": ""region"", ""variant"": ""streetview_plus_poi_128d""}",region_embedding_streetview_plus_poi128,H3 r8 region lookup on fused street-view + POI Urban2Vec support; point and raster task units are mapped to H3 cells and looked up in the model table.,True,False,False,baselines/artifacts/urban2vec/mumbai/h3_r8_urban2vec.parquet,full
urban2vec,Urban2Vec,nairobi,landuse,nairobi.landuse.2026,baselines/artifacts/urban2vec/nairobi/h3_r8_urban2vec.parquet,region,"{""h3_resolution"": 8, ""name"": ""Urban2Vec"", ""path"": ""baselines/artifacts/urban2vec/nairobi/h3_r8_urban2vec.parquet"", ""region_id_col"": ""h3_id"", ""region_type"": ""h3"", ""type"": ""region"", ""variant"": ""streetview_plus_poi_128d""}",region_embedding_streetview_plus_poi128,H3 r8 region lookup on fused street-view + POI Urban2Vec support; point and raster task units are mapped to H3 cells and looked up in the model table.,True,False,False,baselines/artifacts/urban2vec/nairobi/h3_r8_urban2vec.parquet,full
urban2vec,Urban2Vec,nairobi,road_density,nairobi.road_density.2026,baselines/artifacts/urban2vec/nairobi/h3_r8_urban2vec.parquet,region,"{""h3_resolution"": 8, ""name"": ""Urban2Vec"", ""path"": ""baselines/artifacts/urban2vec/nairobi/h3_r8_urban2vec.parquet"", ""region_id_col"": ""h3_id"", ""region_type"": ""h3"", ""type"": ""region"", ""variant"": ""streetview_plus_poi_128d""}",region_embedding_streetview_plus_poi128,H3 r8 region lookup on fused street-view + POI Urban2Vec support; point and raster task units are mapped to H3 cells and looked up in the model table.,True,False,False,baselines/artifacts/urban2vec/nairobi/h3_r8_urban2vec.parquet,full
urban2vec,Urban2Vec,nairobi,population,nairobi.population.2024,baselines/artifacts/urban2vec/nairobi/h3_r8_urban2vec.parquet,region,"{""h3_resolution"": 8, ""name"": ""Urban2Vec"", ""path"": ""baselines/artifacts/urban2vec/nairobi/h3_r8_urban2vec.parquet"", ""region_id_col"": ""h3_id"", ""region_type"": ""h3"", ""type"": ""region"", ""variant"": ""streetview_plus_poi_128d""}",region_embedding_streetview_plus_poi128,H3 r8 region lookup on fused street-view + POI Urban2Vec support; point and raster task units are mapped to H3 cells and looked up in the model table.,True,False,False,baselines/artifacts/urban2vec/nairobi/h3_r8_urban2vec.parquet,full
urban2vec,Urban2Vec,nairobi,age_distribution,nairobi.age_distribution.2024,baselines/artifacts/urban2vec/nairobi/h3_r8_urban2vec.parquet,region,"{""h3_resolution"": 8, ""name"": ""Urban2Vec"", ""path"": ""baselines/artifacts/urban2vec/nairobi/h3_r8_urban2vec.parquet"", ""region_id_col"": ""h3_id"", ""region_type"": ""h3"", ""type"": ""region"", ""variant"": ""streetview_plus_poi_128d""}",region_embedding_streetview_plus_poi128,H3 r8 region lookup on fused street-view + POI Urban2Vec support; point and raster task units are mapped to H3 cells and looked up in the model table.,True,False,False,baselines/artifacts/urban2vec/nairobi/h3_r8_urban2vec.parquet,full
urban2vec,Urban2Vec,nairobi,gdp,nairobi.gdp.2024,baselines/artifacts/urban2vec/nairobi/h3_r8_urban2vec.parquet,region,"{""h3_resolution"": 8, ""name"": ""Urban2Vec"", ""path"": ""baselines/artifacts/urban2vec/nairobi/h3_r8_urban2vec.parquet"", ""region_id_col"": ""h3_id"", ""region_type"": ""h3"", ""type"": ""region"", ""variant"": ""streetview_plus_poi_128d""}",region_embedding_streetview_plus_poi128,H3 r8 region lookup on fused street-view + POI Urban2Vec support; point and raster task units are mapped to H3 cells and looked up in the model table.,True,False,False,baselines/artifacts/urban2vec/nairobi/h3_r8_urban2vec.parquet,full
urban2vec,Urban2Vec,nairobi,nightlight,nairobi.nightlight.2024,baselines/artifacts/urban2vec/nairobi/h3_r8_urban2vec.parquet,region,"{""h3_resolution"": 8, ""name"": ""Urban2Vec"", ""path"": ""baselines/artifacts/urban2vec/nairobi/h3_r8_urban2vec.parquet"", ""region_id_col"": ""h3_id"", ""region_type"": ""h3"", ""type"": ""region"", ""variant"": ""streetview_plus_poi_128d""}",region_embedding_streetview_plus_poi128,nighttime-light sample point converted to H3 r8 and looked up in the Urban2Vec region table,True,False,False,baselines/artifacts/urban2vec/nairobi/h3_r8_urban2vec.parquet,full
urban2vec,Urban2Vec,nairobi,pm25,nairobi.pm25.2022,baselines/artifacts/urban2vec/nairobi/h3_r8_urban2vec.parquet,region,"{""h3_resolution"": 8, ""name"": ""Urban2Vec"", ""path"": ""baselines/artifacts/urban2vec/nairobi/h3_r8_urban2vec.parquet"", ""region_id_col"": ""h3_id"", ""region_type"": ""h3"", ""type"": ""region"", ""variant"": ""streetview_plus_poi_128d""}",region_embedding_streetview_plus_poi128,H3 r8 region lookup on fused street-view + POI Urban2Vec support; point and raster task units are mapped to H3 cells and looked up in the model table.,True,False,False,baselines/artifacts/urban2vec/nairobi/h3_r8_urban2vec.parquet,full
urban2vec,Urban2Vec,nairobi,lst_day_mean,nairobi.lst_day_mean.2024,baselines/artifacts/urban2vec/nairobi/h3_r8_urban2vec.parquet,region,"{""h3_resolution"": 8, ""name"": ""Urban2Vec"", ""path"": ""baselines/artifacts/urban2vec/nairobi/h3_r8_urban2vec.parquet"", ""region_id_col"": ""h3_id"", ""region_type"": ""h3"", ""type"": ""region"", ""variant"": ""streetview_plus_poi_128d""}",region_embedding_streetview_plus_poi128,H3 r8 region lookup on fused street-view + POI Urban2Vec support; point and raster task units are mapped to H3 cells and looked up in the model table.,True,False,False,baselines/artifacts/urban2vec/nairobi/h3_r8_urban2vec.parquet,full
urban2vec,Urban2Vec,jakarta,landuse,jakarta.landuse.2026,baselines/artifacts/urban2vec/jakarta/h3_r8_urban2vec.parquet,region,"{""h3_resolution"": 8, ""name"": ""Urban2Vec"", ""path"": ""baselines/artifacts/urban2vec/jakarta/h3_r8_urban2vec.parquet"", ""region_id_col"": ""h3_id"", ""region_type"": ""h3"", ""type"": ""region"", ""variant"": ""streetview_plus_poi_128d""}",region_embedding_streetview_plus_poi128,H3 r8 region lookup on fused street-view + POI Urban2Vec support; point and raster task units are mapped to H3 cells and looked up in the model table.,True,False,False,baselines/artifacts/urban2vec/jakarta/h3_r8_urban2vec.parquet,full
urban2vec,Urban2Vec,jakarta,road_density,jakarta.road_density.2026,baselines/artifacts/urban2vec/jakarta/h3_r8_urban2vec.parquet,region,"{""h3_resolution"": 8, ""name"": ""Urban2Vec"", ""path"": ""baselines/artifacts/urban2vec/jakarta/h3_r8_urban2vec.parquet"", ""region_id_col"": ""h3_id"", ""region_type"": ""h3"", ""type"": ""region"", ""variant"": ""streetview_plus_poi_128d""}",region_embedding_streetview_plus_poi128,H3 r8 region lookup on fused street-view + POI Urban2Vec support; point and raster task units are mapped to H3 cells and looked up in the model table.,True,False,False,baselines/artifacts/urban2vec/jakarta/h3_r8_urban2vec.parquet,full
urban2vec,Urban2Vec,jakarta,population,jakarta.population.2024,baselines/artifacts/urban2vec/jakarta/h3_r8_urban2vec.parquet,region,"{""h3_resolution"": 8, ""name"": ""Urban2Vec"", ""path"": ""baselines/artifacts/urban2vec/jakarta/h3_r8_urban2vec.parquet"", ""region_id_col"": ""h3_id"", ""region_type"": ""h3"", ""type"": ""region"", ""variant"": ""streetview_plus_poi_128d""}",region_embedding_streetview_plus_poi128,H3 r8 region lookup on fused street-view + POI Urban2Vec support; point and raster task units are mapped to H3 cells and looked up in the model table.,True,False,False,baselines/artifacts/urban2vec/jakarta/h3_r8_urban2vec.parquet,full
urban2vec,Urban2Vec,jakarta,age_distribution,jakarta.age_distribution.2024,baselines/artifacts/urban2vec/jakarta/h3_r8_urban2vec.parquet,region,"{""h3_resolution"": 8, ""name"": ""Urban2Vec"", ""path"": ""baselines/artifacts/urban2vec/jakarta/h3_r8_urban2vec.parquet"", ""region_id_col"": ""h3_id"", ""region_type"": ""h3"", ""type"": ""region"", ""variant"": ""streetview_plus_poi_128d""}",region_embedding_streetview_plus_poi128,H3 r8 region lookup on fused street-view + POI Urban2Vec support; point and raster task units are mapped to H3 cells and looked up in the model table.,True,False,False,baselines/artifacts/urban2vec/jakarta/h3_r8_urban2vec.parquet,full
urban2vec,Urban2Vec,jakarta,gdp,jakarta.gdp.2024,baselines/artifacts/urban2vec/jakarta/h3_r8_urban2vec.parquet,region,"{""h3_resolution"": 8, ""name"": ""Urban2Vec"", ""path"": ""baselines/artifacts/urban2vec/jakarta/h3_r8_urban2vec.parquet"", ""region_id_col"": ""h3_id"", ""region_type"": ""h3"", ""type"": ""region"", ""variant"": ""streetview_plus_poi_128d""}",region_embedding_streetview_plus_poi128,H3 r8 region lookup on fused street-view + POI Urban2Vec support; point and raster task units are mapped to H3 cells and looked up in the model table.,True,False,False,baselines/artifacts/urban2vec/jakarta/h3_r8_urban2vec.parquet,full
urban2vec,Urban2Vec,jakarta,nightlight,jakarta.nightlight.2024,baselines/artifacts/urban2vec/jakarta/h3_r8_urban2vec.parquet,region,"{""h3_resolution"": 8, ""name"": ""Urban2Vec"", ""path"": ""baselines/artifacts/urban2vec/jakarta/h3_r8_urban2vec.parquet"", ""region_id_col"": ""h3_id"", ""region_type"": ""h3"", ""type"": ""region"", ""variant"": ""streetview_plus_poi_128d""}",region_embedding_streetview_plus_poi128,nighttime-light sample point converted to H3 r8 and looked up in the Urban2Vec region table,True,False,False,baselines/artifacts/urban2vec/jakarta/h3_r8_urban2vec.parquet,full
urban2vec,Urban2Vec,jakarta,pm25,jakarta.pm25.2022,baselines/artifacts/urban2vec/jakarta/h3_r8_urban2vec.parquet,region,"{""h3_resolution"": 8, ""name"": ""Urban2Vec"", ""path"": ""baselines/artifacts/urban2vec/jakarta/h3_r8_urban2vec.parquet"", ""region_id_col"": ""h3_id"", ""region_type"": ""h3"", ""type"": ""region"", ""variant"": ""streetview_plus_poi_128d""}",region_embedding_streetview_plus_poi128,H3 r8 region lookup on fused street-view + POI Urban2Vec support; point and raster task units are mapped to H3 cells and looked up in the model table.,True,False,False,baselines/artifacts/urban2vec/jakarta/h3_r8_urban2vec.parquet,full
urban2vec,Urban2Vec,jakarta,lst_day_mean,jakarta.lst_day_mean.2024,baselines/artifacts/urban2vec/jakarta/h3_r8_urban2vec.parquet,region,"{""h3_resolution"": 8, ""name"": ""Urban2Vec"", ""path"": ""baselines/artifacts/urban2vec/jakarta/h3_r8_urban2vec.parquet"", ""region_id_col"": ""h3_id"", ""region_type"": ""h3"", ""type"": ""region"", ""variant"": ""streetview_plus_poi_128d""}",region_embedding_streetview_plus_poi128,H3 r8 region lookup on fused street-view + POI Urban2Vec support; point and raster task units are mapped to H3 cells and looked up in the model table.,True,False,False,baselines/artifacts/urban2vec/jakarta/h3_r8_urban2vec.parquet,full
urban2vec,Urban2Vec,cape_town,landuse,cape_town.landuse.2026,baselines/artifacts/urban2vec/cape_town/h3_r8_urban2vec.parquet,region,"{""h3_resolution"": 8, ""name"": ""Urban2Vec"", ""path"": ""baselines/artifacts/urban2vec/cape_town/h3_r8_urban2vec.parquet"", ""region_id_col"": ""h3_id"", ""region_type"": ""h3"", ""type"": ""region"", ""variant"": ""streetview_plus_poi_128d""}",region_embedding_streetview_plus_poi128,H3 r8 region lookup on fused street-view + POI Urban2Vec support; point and raster task units are mapped to H3 cells and looked up in the model table.,True,False,False,baselines/artifacts/urban2vec/cape_town/h3_r8_urban2vec.parquet,full
urban2vec,Urban2Vec,cape_town,road_density,cape_town.road_density.2026,baselines/artifacts/urban2vec/cape_town/h3_r8_urban2vec.parquet,region,"{""h3_resolution"": 8, ""name"": ""Urban2Vec"", ""path"": ""baselines/artifacts/urban2vec/cape_town/h3_r8_urban2vec.parquet"", ""region_id_col"": ""h3_id"", ""region_type"": ""h3"", ""type"": ""region"", ""variant"": ""streetview_plus_poi_128d""}",region_embedding_streetview_plus_poi128,H3 r8 region lookup on fused street-view + POI Urban2Vec support; point and raster task units are mapped to H3 cells and looked up in the model table.,True,False,False,baselines/artifacts/urban2vec/cape_town/h3_r8_urban2vec.parquet,full
urban2vec,Urban2Vec,cape_town,population,cape_town.population.2024,baselines/artifacts/urban2vec/cape_town/h3_r8_urban2vec.parquet,region,"{""h3_resolution"": 8, ""name"": ""Urban2Vec"", ""path"": ""baselines/artifacts/urban2vec/cape_town/h3_r8_urban2vec.parquet"", ""region_id_col"": ""h3_id"", ""region_type"": ""h3"", ""type"": ""region"", ""variant"": ""streetview_plus_poi_128d""}",region_embedding_streetview_plus_poi128,H3 r8 region lookup on fused street-view + POI Urban2Vec support; point and raster task units are mapped to H3 cells and looked up in the model table.,True,False,False,baselines/artifacts/urban2vec/cape_town/h3_r8_urban2vec.parquet,full
urban2vec,Urban2Vec,cape_town,age_distribution,cape_town.age_distribution.2024,baselines/artifacts/urban2vec/cape_town/h3_r8_urban2vec.parquet,region,"{""h3_resolution"": 8, ""name"": ""Urban2Vec"", ""path"": ""baselines/artifacts/urban2vec/cape_town/h3_r8_urban2vec.parquet"", ""region_id_col"": ""h3_id"", ""region_type"": ""h3"", ""type"": ""region"", ""variant"": ""streetview_plus_poi_128d""}",region_embedding_streetview_plus_poi128,H3 r8 region lookup on fused street-view + POI Urban2Vec support; point and raster task units are mapped to H3 cells and looked up in the model table.,True,False,False,baselines/artifacts/urban2vec/cape_town/h3_r8_urban2vec.parquet,full
urban2vec,Urban2Vec,cape_town,gdp,cape_town.gdp.2024,baselines/artifacts/urban2vec/cape_town/h3_r8_urban2vec.parquet,region,"{""h3_resolution"": 8, ""name"": ""Urban2Vec"", ""path"": ""baselines/artifacts/urban2vec/cape_town/h3_r8_urban2vec.parquet"", ""region_id_col"": ""h3_id"", ""region_type"": ""h3"", ""type"": ""region"", ""variant"": ""streetview_plus_poi_128d""}",region_embedding_streetview_plus_poi128,H3 r8 region lookup on fused street-view + POI Urban2Vec support; point and raster task units are mapped to H3 cells and looked up in the model table.,True,False,False,baselines/artifacts/urban2vec/cape_town/h3_r8_urban2vec.parquet,full
urban2vec,Urban2Vec,cape_town,nightlight,cape_town.nightlight.2024,baselines/artifacts/urban2vec/cape_town/h3_r8_urban2vec.parquet,region,"{""h3_resolution"": 8, ""name"": ""Urban2Vec"", ""path"": ""baselines/artifacts/urban2vec/cape_town/h3_r8_urban2vec.parquet"", ""region_id_col"": ""h3_id"", ""region_type"": ""h3"", ""type"": ""region"", ""variant"": ""streetview_plus_poi_128d""}",region_embedding_streetview_plus_poi128,nighttime-light sample point converted to H3 r8 and looked up in the Urban2Vec region table,True,False,False,baselines/artifacts/urban2vec/cape_town/h3_r8_urban2vec.parquet,full
urban2vec,Urban2Vec,cape_town,pm25,cape_town.pm25.2022,baselines/artifacts/urban2vec/cape_town/h3_r8_urban2vec.parquet,region,"{""h3_resolution"": 8, ""name"": ""Urban2Vec"", ""path"": ""baselines/artifacts/urban2vec/cape_town/h3_r8_urban2vec.parquet"", ""region_id_col"": ""h3_id"", ""region_type"": ""h3"", ""type"": ""region"", ""variant"": ""streetview_plus_poi_128d""}",region_embedding_streetview_plus_poi128,H3 r8 region lookup on fused street-view + POI Urban2Vec support; point and raster task units are mapped to H3 cells and looked up in the model table.,True,False,False,baselines/artifacts/urban2vec/cape_town/h3_r8_urban2vec.parquet,full
urban2vec,Urban2Vec,cape_town,lst_day_mean,cape_town.lst_day_mean.2024,baselines/artifacts/urban2vec/cape_town/h3_r8_urban2vec.parquet,region,"{""h3_resolution"": 8, ""name"": ""Urban2Vec"", ""path"": ""baselines/artifacts/urban2vec/cape_town/h3_r8_urban2vec.parquet"", ""region_id_col"": ""h3_id"", ""region_type"": ""h3"", ""type"": ""region"", ""variant"": ""streetview_plus_poi_128d""}",region_embedding_streetview_plus_poi128,H3 r8 region lookup on fused street-view + POI Urban2Vec support; point and raster task units are mapped to H3 cells and looked up in the model table.,True,False,False,baselines/artifacts/urban2vec/cape_town/h3_r8_urban2vec.parquet,full
muse,MuseCL,london,landuse,london.landuse.2026,baselines/artifacts/muse/london/musecl_region_embeddings_union_poi.parquet,region,"{""h3_resolution"": 8, ""name"": ""MuseCL"", ""path"": ""baselines/artifacts/muse/london/musecl_region_embeddings_union_poi.parquet"", ""region_id_col"": ""h3_id"", ""region_type"": ""h3"", ""type"": ""region""}",region_embedding_streetview_remote_sensing_poi,Not released for public evaluation: the London payload is a synthetic schema demo and has no corresponding benchmark embeddings.,False,False,False,baselines/artifacts/muse/london/musecl_region_embeddings_union_poi.parquet,synthetic_demo_only_no_embedding
muse,MuseCL,london,road_density,london.road_density.2026,baselines/artifacts/muse/london/musecl_region_embeddings_union_poi.parquet,region,"{""h3_resolution"": 8, ""name"": ""MuseCL"", ""path"": ""baselines/artifacts/muse/london/musecl_region_embeddings_union_poi.parquet"", ""region_id_col"": ""h3_id"", ""region_type"": ""h3"", ""type"": ""region""}",region_embedding_streetview_remote_sensing_poi,"H3-resolution-8 region lookup of the released MuseCL embedding trained from street-view, remote-sensing, and POI inputs",True,False,False,baselines/artifacts/muse/london/musecl_region_embeddings_union_poi.parquet,full
muse,MuseCL,london,population,london.population.2024,baselines/artifacts/muse/london/musecl_region_embeddings_union_poi.parquet,region,"{""h3_resolution"": 8, ""name"": ""MuseCL"", ""path"": ""baselines/artifacts/muse/london/musecl_region_embeddings_union_poi.parquet"", ""region_id_col"": ""h3_id"", ""region_type"": ""h3"", ""type"": ""region""}",region_embedding_streetview_remote_sensing_poi,"H3-resolution-8 region lookup of the released MuseCL embedding trained from street-view, remote-sensing, and POI inputs",True,False,False,baselines/artifacts/muse/london/musecl_region_embeddings_union_poi.parquet,full
muse,MuseCL,london,age_distribution,london.age_distribution.2024,baselines/artifacts/muse/london/musecl_region_embeddings_union_poi.parquet,region,"{""h3_resolution"": 8, ""name"": ""MuseCL"", ""path"": ""baselines/artifacts/muse/london/musecl_region_embeddings_union_poi.parquet"", ""region_id_col"": ""h3_id"", ""region_type"": ""h3"", ""type"": ""region""}",region_embedding_streetview_remote_sensing_poi,"H3-resolution-8 region lookup of the released MuseCL embedding trained from street-view, remote-sensing, and POI inputs",True,False,False,baselines/artifacts/muse/london/musecl_region_embeddings_union_poi.parquet,full
muse,MuseCL,london,gdp,london.gdp.2024,baselines/artifacts/muse/london/musecl_region_embeddings_union_poi.parquet,region,"{""h3_resolution"": 8, ""name"": ""MuseCL"", ""path"": ""baselines/artifacts/muse/london/musecl_region_embeddings_union_poi.parquet"", ""region_id_col"": ""h3_id"", ""region_type"": ""h3"", ""type"": ""region""}",region_embedding_streetview_remote_sensing_poi,"H3-resolution-8 region lookup of the released MuseCL embedding trained from street-view, remote-sensing, and POI inputs",True,False,False,baselines/artifacts/muse/london/musecl_region_embeddings_union_poi.parquet,full
muse,MuseCL,london,nightlight,london.nightlight.2024,baselines/artifacts/muse/london/musecl_region_embeddings_union_poi.parquet,region,"{""h3_resolution"": 8, ""name"": ""MuseCL"", ""path"": ""baselines/artifacts/muse/london/musecl_region_embeddings_union_poi.parquet"", ""region_id_col"": ""h3_id"", ""region_type"": ""h3"", ""type"": ""region""}",region_embedding_streetview_remote_sensing_poi,"H3-resolution-8 region lookup of the released MuseCL embedding trained from street-view, remote-sensing, and POI inputs",True,False,False,baselines/artifacts/muse/london/musecl_region_embeddings_union_poi.parquet,full
muse,MuseCL,london,pm25,london.pm25.2022,baselines/artifacts/muse/london/musecl_region_embeddings_union_poi.parquet,region,"{""h3_resolution"": 8, ""name"": ""MuseCL"", ""path"": ""baselines/artifacts/muse/london/musecl_region_embeddings_union_poi.parquet"", ""region_id_col"": ""h3_id"", ""region_type"": ""h3"", ""type"": ""region""}",region_embedding_streetview_remote_sensing_poi,"H3-resolution-8 region lookup of the released MuseCL embedding trained from street-view, remote-sensing, and POI inputs",True,False,False,baselines/artifacts/muse/london/musecl_region_embeddings_union_poi.parquet,full
muse,MuseCL,london,lst_day_mean,london.lst_day_mean.2024,baselines/artifacts/muse/london/musecl_region_embeddings_union_poi.parquet,region,"{""h3_resolution"": 8, ""name"": ""MuseCL"", ""path"": ""baselines/artifacts/muse/london/musecl_region_embeddings_union_poi.parquet"", ""region_id_col"": ""h3_id"", ""region_type"": ""h3"", ""type"": ""region""}",region_embedding_streetview_remote_sensing_poi,"H3-resolution-8 region lookup of the released MuseCL embedding trained from street-view, remote-sensing, and POI inputs",True,False,False,baselines/artifacts/muse/london/musecl_region_embeddings_union_poi.parquet,full
muse,MuseCL,new_york,landuse,new_york.landuse.2026,baselines/artifacts/muse/new_york/musecl_region_embeddings_union_poi.parquet,region,"{""h3_resolution"": 8, ""name"": ""MuseCL"", ""path"": ""baselines/artifacts/muse/new_york/musecl_region_embeddings_union_poi.parquet"", ""region_id_col"": ""h3_id"", ""region_type"": ""h3"", ""type"": ""region""}",region_embedding_streetview_remote_sensing_poi,"H3-resolution-8 region lookup of the released MuseCL embedding trained from street-view, remote-sensing, and POI inputs",True,False,False,baselines/artifacts/muse/new_york/musecl_region_embeddings_union_poi.parquet,full
muse,MuseCL,new_york,road_density,new_york.road_density.2026,baselines/artifacts/muse/new_york/musecl_region_embeddings_union_poi.parquet,region,"{""h3_resolution"": 8, ""name"": ""MuseCL"", ""path"": ""baselines/artifacts/muse/new_york/musecl_region_embeddings_union_poi.parquet"", ""region_id_col"": ""h3_id"", ""region_type"": ""h3"", ""type"": ""region""}",region_embedding_streetview_remote_sensing_poi,"H3-resolution-8 region lookup of the released MuseCL embedding trained from street-view, remote-sensing, and POI inputs",True,False,False,baselines/artifacts/muse/new_york/musecl_region_embeddings_union_poi.parquet,full
muse,MuseCL,new_york,population,new_york.population.2024,baselines/artifacts/muse/new_york/musecl_region_embeddings_union_poi.parquet,region,"{""h3_resolution"": 8, ""name"": ""MuseCL"", ""path"": ""baselines/artifacts/muse/new_york/musecl_region_embeddings_union_poi.parquet"", ""region_id_col"": ""h3_id"", ""region_type"": ""h3"", ""type"": ""region""}",region_embedding_streetview_remote_sensing_poi,"H3-resolution-8 region lookup of the released MuseCL embedding trained from street-view, remote-sensing, and POI inputs",True,False,False,baselines/artifacts/muse/new_york/musecl_region_embeddings_union_poi.parquet,full
muse,MuseCL,new_york,age_distribution,new_york.age_distribution.2024,baselines/artifacts/muse/new_york/musecl_region_embeddings_union_poi.parquet,region,"{""h3_resolution"": 8, ""name"": ""MuseCL"", ""path"": ""baselines/artifacts/muse/new_york/musecl_region_embeddings_union_poi.parquet"", ""region_id_col"": ""h3_id"", ""region_type"": ""h3"", ""type"": ""region""}",region_embedding_streetview_remote_sensing_poi,"H3-resolution-8 region lookup of the released MuseCL embedding trained from street-view, remote-sensing, and POI inputs",True,False,False,baselines/artifacts/muse/new_york/musecl_region_embeddings_union_poi.parquet,full
muse,MuseCL,new_york,gdp,new_york.gdp.2024,baselines/artifacts/muse/new_york/musecl_region_embeddings_union_poi.parquet,region,"{""h3_resolution"": 8, ""name"": ""MuseCL"", ""path"": ""baselines/artifacts/muse/new_york/musecl_region_embeddings_union_poi.parquet"", ""region_id_col"": ""h3_id"", ""region_type"": ""h3"", ""type"": ""region""}",region_embedding_streetview_remote_sensing_poi,"H3-resolution-8 region lookup of the released MuseCL embedding trained from street-view, remote-sensing, and POI inputs",True,False,False,baselines/artifacts/muse/new_york/musecl_region_embeddings_union_poi.parquet,full
muse,MuseCL,new_york,nightlight,new_york.nightlight.2024,baselines/artifacts/muse/new_york/musecl_region_embeddings_union_poi.parquet,region,"{""h3_resolution"": 8, ""name"": ""MuseCL"", ""path"": ""baselines/artifacts/muse/new_york/musecl_region_embeddings_union_poi.parquet"", ""region_id_col"": ""h3_id"", ""region_type"": ""h3"", ""type"": ""region""}",region_embedding_streetview_remote_sensing_poi,"H3-resolution-8 region lookup of the released MuseCL embedding trained from street-view, remote-sensing, and POI inputs",True,False,False,baselines/artifacts/muse/new_york/musecl_region_embeddings_union_poi.parquet,full
muse,MuseCL,new_york,pm25,new_york.pm25.2022,baselines/artifacts/muse/new_york/musecl_region_embeddings_union_poi.parquet,region,"{""h3_resolution"": 8, ""name"": ""MuseCL"", ""path"": ""baselines/artifacts/muse/new_york/musecl_region_embeddings_union_poi.parquet"", ""region_id_col"": ""h3_id"", ""region_type"": ""h3"", ""type"": ""region""}",region_embedding_streetview_remote_sensing_poi,"H3-resolution-8 region lookup of the released MuseCL embedding trained from street-view, remote-sensing, and POI inputs",True,False,False,baselines/artifacts/muse/new_york/musecl_region_embeddings_union_poi.parquet,full
muse,MuseCL,new_york,lst_day_mean,new_york.lst_day_mean.2024,baselines/artifacts/muse/new_york/musecl_region_embeddings_union_poi.parquet,region,"{""h3_resolution"": 8, ""name"": ""MuseCL"", ""path"": ""baselines/artifacts/muse/new_york/musecl_region_embeddings_union_poi.parquet"", ""region_id_col"": ""h3_id"", ""region_type"": ""h3"", ""type"": ""region""}",region_embedding_streetview_remote_sensing_poi,"H3-resolution-8 region lookup of the released MuseCL embedding trained from street-view, remote-sensing, and POI inputs",True,False,False,baselines/artifacts/muse/new_york/musecl_region_embeddings_union_poi.parquet,full
muse,MuseCL,singapore,landuse,singapore.landuse.2026,baselines/artifacts/muse/singapore/musecl_region_embeddings_union_poi.parquet,region,"{""h3_resolution"": 8, ""name"": ""MuseCL"", ""path"": ""baselines/artifacts/muse/singapore/musecl_region_embeddings_union_poi.parquet"", ""region_id_col"": ""h3_id"", ""region_type"": ""h3"", ""type"": ""region""}",region_embedding_streetview_remote_sensing_poi,"H3-resolution-8 region lookup of the released MuseCL embedding trained from street-view, remote-sensing, and POI inputs",True,False,False,baselines/artifacts/muse/singapore/musecl_region_embeddings_union_poi.parquet,full
muse,MuseCL,singapore,road_density,singapore.road_density.2026,baselines/artifacts/muse/singapore/musecl_region_embeddings_union_poi.parquet,region,"{""h3_resolution"": 8, ""name"": ""MuseCL"", ""path"": ""baselines/artifacts/muse/singapore/musecl_region_embeddings_union_poi.parquet"", ""region_id_col"": ""h3_id"", ""region_type"": ""h3"", ""type"": ""region""}",region_embedding_streetview_remote_sensing_poi,"H3-resolution-8 region lookup of the released MuseCL embedding trained from street-view, remote-sensing, and POI inputs",True,False,False,baselines/artifacts/muse/singapore/musecl_region_embeddings_union_poi.parquet,full
muse,MuseCL,singapore,population,singapore.population.2024,baselines/artifacts/muse/singapore/musecl_region_embeddings_union_poi.parquet,region,"{""h3_resolution"": 8, ""name"": ""MuseCL"", ""path"": ""baselines/artifacts/muse/singapore/musecl_region_embeddings_union_poi.parquet"", ""region_id_col"": ""h3_id"", ""region_type"": ""h3"", ""type"": ""region""}",region_embedding_streetview_remote_sensing_poi,"H3-resolution-8 region lookup of the released MuseCL embedding trained from street-view, remote-sensing, and POI inputs",True,False,False,baselines/artifacts/muse/singapore/musecl_region_embeddings_union_poi.parquet,full
muse,MuseCL,singapore,age_distribution,singapore.age_distribution.2024,baselines/artifacts/muse/singapore/musecl_region_embeddings_union_poi.parquet,region,"{""h3_resolution"": 8, ""name"": ""MuseCL"", ""path"": ""baselines/artifacts/muse/singapore/musecl_region_embeddings_union_poi.parquet"", ""region_id_col"": ""h3_id"", ""region_type"": ""h3"", ""type"": ""region""}",region_embedding_streetview_remote_sensing_poi,"H3-resolution-8 region lookup of the released MuseCL embedding trained from street-view, remote-sensing, and POI inputs",True,False,False,baselines/artifacts/muse/singapore/musecl_region_embeddings_union_poi.parquet,full
muse,MuseCL,singapore,gdp,singapore.gdp.2024,baselines/artifacts/muse/singapore/musecl_region_embeddings_union_poi.parquet,region,"{""h3_resolution"": 8, ""name"": ""MuseCL"", ""path"": ""baselines/artifacts/muse/singapore/musecl_region_embeddings_union_poi.parquet"", ""region_id_col"": ""h3_id"", ""region_type"": ""h3"", ""type"": ""region""}",region_embedding_streetview_remote_sensing_poi,"H3-resolution-8 region lookup of the released MuseCL embedding trained from street-view, remote-sensing, and POI inputs",True,False,False,baselines/artifacts/muse/singapore/musecl_region_embeddings_union_poi.parquet,full
muse,MuseCL,singapore,nightlight,singapore.nightlight.2024,baselines/artifacts/muse/singapore/musecl_region_embeddings_union_poi.parquet,region,"{""h3_resolution"": 8, ""name"": ""MuseCL"", ""path"": ""baselines/artifacts/muse/singapore/musecl_region_embeddings_union_poi.parquet"", ""region_id_col"": ""h3_id"", ""region_type"": ""h3"", ""type"": ""region""}",region_embedding_streetview_remote_sensing_poi,"H3-resolution-8 region lookup of the released MuseCL embedding trained from street-view, remote-sensing, and POI inputs",True,False,False,baselines/artifacts/muse/singapore/musecl_region_embeddings_union_poi.parquet,full
muse,MuseCL,singapore,pm25,singapore.pm25.2022,baselines/artifacts/muse/singapore/musecl_region_embeddings_union_poi.parquet,region,"{""h3_resolution"": 8, ""name"": ""MuseCL"", ""path"": ""baselines/artifacts/muse/singapore/musecl_region_embeddings_union_poi.parquet"", ""region_id_col"": ""h3_id"", ""region_type"": ""h3"", ""type"": ""region""}",region_embedding_streetview_remote_sensing_poi,"H3-resolution-8 region lookup of the released MuseCL embedding trained from street-view, remote-sensing, and POI inputs",True,False,False,baselines/artifacts/muse/singapore/musecl_region_embeddings_union_poi.parquet,full
muse,MuseCL,singapore,lst_day_mean,singapore.lst_day_mean.2024,baselines/artifacts/muse/singapore/musecl_region_embeddings_union_poi.parquet,region,"{""h3_resolution"": 8, ""name"": ""MuseCL"", ""path"": ""baselines/artifacts/muse/singapore/musecl_region_embeddings_union_poi.parquet"", ""region_id_col"": ""h3_id"", ""region_type"": ""h3"", ""type"": ""region""}",region_embedding_streetview_remote_sensing_poi,"H3-resolution-8 region lookup of the released MuseCL embedding trained from street-view, remote-sensing, and POI inputs",True,False,False,baselines/artifacts/muse/singapore/musecl_region_embeddings_union_poi.parquet,full
muse,MuseCL,sydney,landuse,sydney.landuse.2026,baselines/artifacts/muse/sydney/musecl_region_embeddings_union_poi.parquet,region,"{""h3_resolution"": 8, ""name"": ""MuseCL"", ""path"": ""baselines/artifacts/muse/sydney/musecl_region_embeddings_union_poi.parquet"", ""region_id_col"": ""h3_id"", ""region_type"": ""h3"", ""type"": ""region""}",region_embedding_streetview_remote_sensing_poi,"H3-resolution-8 region lookup of the released MuseCL embedding trained from street-view, remote-sensing, and POI inputs",True,False,False,baselines/artifacts/muse/sydney/musecl_region_embeddings_union_poi.parquet,full
muse,MuseCL,sydney,road_density,sydney.road_density.2026,baselines/artifacts/muse/sydney/musecl_region_embeddings_union_poi.parquet,region,"{""h3_resolution"": 8, ""name"": ""MuseCL"", ""path"": ""baselines/artifacts/muse/sydney/musecl_region_embeddings_union_poi.parquet"", ""region_id_col"": ""h3_id"", ""region_type"": ""h3"", ""type"": ""region""}",region_embedding_streetview_remote_sensing_poi,"H3-resolution-8 region lookup of the released MuseCL embedding trained from street-view, remote-sensing, and POI inputs",True,False,False,baselines/artifacts/muse/sydney/musecl_region_embeddings_union_poi.parquet,full
muse,MuseCL,sydney,population,sydney.population.2024,baselines/artifacts/muse/sydney/musecl_region_embeddings_union_poi.parquet,region,"{""h3_resolution"": 8, ""name"": ""MuseCL"", ""path"": ""baselines/artifacts/muse/sydney/musecl_region_embeddings_union_poi.parquet"", ""region_id_col"": ""h3_id"", ""region_type"": ""h3"", ""type"": ""region""}",region_embedding_streetview_remote_sensing_poi,"H3-resolution-8 region lookup of the released MuseCL embedding trained from street-view, remote-sensing, and POI inputs",True,False,False,baselines/artifacts/muse/sydney/musecl_region_embeddings_union_poi.parquet,full
muse,MuseCL,sydney,age_distribution,sydney.age_distribution.2024,baselines/artifacts/muse/sydney/musecl_region_embeddings_union_poi.parquet,region,"{""h3_resolution"": 8, ""name"": ""MuseCL"", ""path"": ""baselines/artifacts/muse/sydney/musecl_region_embeddings_union_poi.parquet"", ""region_id_col"": ""h3_id"", ""region_type"": ""h3"", ""type"": ""region""}",region_embedding_streetview_remote_sensing_poi,"H3-resolution-8 region lookup of the released MuseCL embedding trained from street-view, remote-sensing, and POI inputs",True,False,False,baselines/artifacts/muse/sydney/musecl_region_embeddings_union_poi.parquet,full
muse,MuseCL,sydney,gdp,sydney.gdp.2024,baselines/artifacts/muse/sydney/musecl_region_embeddings_union_poi.parquet,region,"{""h3_resolution"": 8, ""name"": ""MuseCL"", ""path"": ""baselines/artifacts/muse/sydney/musecl_region_embeddings_union_poi.parquet"", ""region_id_col"": ""h3_id"", ""region_type"": ""h3"", ""type"": ""region""}",region_embedding_streetview_remote_sensing_poi,"H3-resolution-8 region lookup of the released MuseCL embedding trained from street-view, remote-sensing, and POI inputs",True,False,False,baselines/artifacts/muse/sydney/musecl_region_embeddings_union_poi.parquet,full
muse,MuseCL,sydney,nightlight,sydney.nightlight.2024,baselines/artifacts/muse/sydney/musecl_region_embeddings_union_poi.parquet,region,"{""h3_resolution"": 8, ""name"": ""MuseCL"", ""path"": ""baselines/artifacts/muse/sydney/musecl_region_embeddings_union_poi.parquet"", ""region_id_col"": ""h3_id"", ""region_type"": ""h3"", ""type"": ""region""}",region_embedding_streetview_remote_sensing_poi,"H3-resolution-8 region lookup of the released MuseCL embedding trained from street-view, remote-sensing, and POI inputs",True,False,False,baselines/artifacts/muse/sydney/musecl_region_embeddings_union_poi.parquet,full
muse,MuseCL,sydney,pm25,sydney.pm25.2022,baselines/artifacts/muse/sydney/musecl_region_embeddings_union_poi.parquet,region,"{""h3_resolution"": 8, ""name"": ""MuseCL"", ""path"": ""baselines/artifacts/muse/sydney/musecl_region_embeddings_union_poi.parquet"", ""region_id_col"": ""h3_id"", ""region_type"": ""h3"", ""type"": ""region""}",region_embedding_streetview_remote_sensing_poi,"H3-resolution-8 region lookup of the released MuseCL embedding trained from street-view, remote-sensing, and POI inputs",True,False,False,baselines/artifacts/muse/sydney/musecl_region_embeddings_union_poi.parquet,full
muse,MuseCL,sydney,lst_day_mean,sydney.lst_day_mean.2024,baselines/artifacts/muse/sydney/musecl_region_embeddings_union_poi.parquet,region,"{""h3_resolution"": 8, ""name"": ""MuseCL"", ""path"": ""baselines/artifacts/muse/sydney/musecl_region_embeddings_union_poi.parquet"", ""region_id_col"": ""h3_id"", ""region_type"": ""h3"", ""type"": ""region""}",region_embedding_streetview_remote_sensing_poi,"H3-resolution-8 region lookup of the released MuseCL embedding trained from street-view, remote-sensing, and POI inputs",True,False,False,baselines/artifacts/muse/sydney/musecl_region_embeddings_union_poi.parquet,full
muse,MuseCL,mumbai,landuse,mumbai.landuse.2026,baselines/artifacts/muse/mumbai/musecl_region_embeddings_union_poi.parquet,region,"{""h3_resolution"": 8, ""name"": ""MuseCL"", ""path"": ""baselines/artifacts/muse/mumbai/musecl_region_embeddings_union_poi.parquet"", ""region_id_col"": ""h3_id"", ""region_type"": ""h3"", ""type"": ""region""}",region_embedding_streetview_remote_sensing_poi,"H3-resolution-8 region lookup of the released MuseCL embedding trained from street-view, remote-sensing, and POI inputs",True,False,False,baselines/artifacts/muse/mumbai/musecl_region_embeddings_union_poi.parquet,full
muse,MuseCL,mumbai,road_density,mumbai.road_density.2026,baselines/artifacts/muse/mumbai/musecl_region_embeddings_union_poi.parquet,region,"{""h3_resolution"": 8, ""name"": ""MuseCL"", ""path"": ""baselines/artifacts/muse/mumbai/musecl_region_embeddings_union_poi.parquet"", ""region_id_col"": ""h3_id"", ""region_type"": ""h3"", ""type"": ""region""}",region_embedding_streetview_remote_sensing_poi,"H3-resolution-8 region lookup of the released MuseCL embedding trained from street-view, remote-sensing, and POI inputs",True,False,False,baselines/artifacts/muse/mumbai/musecl_region_embeddings_union_poi.parquet,full
muse,MuseCL,mumbai,population,mumbai.population.2024,baselines/artifacts/muse/mumbai/musecl_region_embeddings_union_poi.parquet,region,"{""h3_resolution"": 8, ""name"": ""MuseCL"", ""path"": ""baselines/artifacts/muse/mumbai/musecl_region_embeddings_union_poi.parquet"", ""region_id_col"": ""h3_id"", ""region_type"": ""h3"", ""type"": ""region""}",region_embedding_streetview_remote_sensing_poi,"H3-resolution-8 region lookup of the released MuseCL embedding trained from street-view, remote-sensing, and POI inputs",True,False,False,baselines/artifacts/muse/mumbai/musecl_region_embeddings_union_poi.parquet,full
muse,MuseCL,mumbai,age_distribution,mumbai.age_distribution.2024,baselines/artifacts/muse/mumbai/musecl_region_embeddings_union_poi.parquet,region,"{""h3_resolution"": 8, ""name"": ""MuseCL"", ""path"": ""baselines/artifacts/muse/mumbai/musecl_region_embeddings_union_poi.parquet"", ""region_id_col"": ""h3_id"", ""region_type"": ""h3"", ""type"": ""region""}",region_embedding_streetview_remote_sensing_poi,"H3-resolution-8 region lookup of the released MuseCL embedding trained from street-view, remote-sensing, and POI inputs",True,False,False,baselines/artifacts/muse/mumbai/musecl_region_embeddings_union_poi.parquet,full
muse,MuseCL,mumbai,gdp,mumbai.gdp.2024,baselines/artifacts/muse/mumbai/musecl_region_embeddings_union_poi.parquet,region,"{""h3_resolution"": 8, ""name"": ""MuseCL"", ""path"": ""baselines/artifacts/muse/mumbai/musecl_region_embeddings_union_poi.parquet"", ""region_id_col"": ""h3_id"", ""region_type"": ""h3"", ""type"": ""region""}",region_embedding_streetview_remote_sensing_poi,"H3-resolution-8 region lookup of the released MuseCL embedding trained from street-view, remote-sensing, and POI inputs",True,False,False,baselines/artifacts/muse/mumbai/musecl_region_embeddings_union_poi.parquet,full
muse,MuseCL,mumbai,nightlight,mumbai.nightlight.2024,baselines/artifacts/muse/mumbai/musecl_region_embeddings_union_poi.parquet,region,"{""h3_resolution"": 8, ""name"": ""MuseCL"", ""path"": ""baselines/artifacts/muse/mumbai/musecl_region_embeddings_union_poi.parquet"", ""region_id_col"": ""h3_id"", ""region_type"": ""h3"", ""type"": ""region""}",region_embedding_streetview_remote_sensing_poi,"H3-resolution-8 region lookup of the released MuseCL embedding trained from street-view, remote-sensing, and POI inputs",True,False,False,baselines/artifacts/muse/mumbai/musecl_region_embeddings_union_poi.parquet,full
muse,MuseCL,mumbai,pm25,mumbai.pm25.2022,baselines/artifacts/muse/mumbai/musecl_region_embeddings_union_poi.parquet,region,"{""h3_resolution"": 8, ""name"": ""MuseCL"", ""path"": ""baselines/artifacts/muse/mumbai/musecl_region_embeddings_union_poi.parquet"", ""region_id_col"": ""h3_id"", ""region_type"": ""h3"", ""type"": ""region""}",region_embedding_streetview_remote_sensing_poi,"H3-resolution-8 region lookup of the released MuseCL embedding trained from street-view, remote-sensing, and POI inputs",True,False,False,baselines/artifacts/muse/mumbai/musecl_region_embeddings_union_poi.parquet,full
muse,MuseCL,mumbai,lst_day_mean,mumbai.lst_day_mean.2024,baselines/artifacts/muse/mumbai/musecl_region_embeddings_union_poi.parquet,region,"{""h3_resolution"": 8, ""name"": ""MuseCL"", ""path"": ""baselines/artifacts/muse/mumbai/musecl_region_embeddings_union_poi.parquet"", ""region_id_col"": ""h3_id"", ""region_type"": ""h3"", ""type"": ""region""}",region_embedding_streetview_remote_sensing_poi,"H3-resolution-8 region lookup of the released MuseCL embedding trained from street-view, remote-sensing, and POI inputs",True,False,False,baselines/artifacts/muse/mumbai/musecl_region_embeddings_union_poi.parquet,full
muse,MuseCL,nairobi,landuse,nairobi.landuse.2026,baselines/artifacts/muse/nairobi/musecl_region_embeddings_union_poi.parquet,region,"{""h3_resolution"": 8, ""name"": ""MuseCL"", ""path"": ""baselines/artifacts/muse/nairobi/musecl_region_embeddings_union_poi.parquet"", ""region_id_col"": ""h3_id"", ""region_type"": ""h3"", ""type"": ""region""}",region_embedding_streetview_remote_sensing_poi,"H3-resolution-8 region lookup of the released MuseCL embedding trained from street-view, remote-sensing, and POI inputs",True,False,False,baselines/artifacts/muse/nairobi/musecl_region_embeddings_union_poi.parquet,full
muse,MuseCL,nairobi,road_density,nairobi.road_density.2026,baselines/artifacts/muse/nairobi/musecl_region_embeddings_union_poi.parquet,region,"{""h3_resolution"": 8, ""name"": ""MuseCL"", ""path"": ""baselines/artifacts/muse/nairobi/musecl_region_embeddings_union_poi.parquet"", ""region_id_col"": ""h3_id"", ""region_type"": ""h3"", ""type"": ""region""}",region_embedding_streetview_remote_sensing_poi,"H3-resolution-8 region lookup of the released MuseCL embedding trained from street-view, remote-sensing, and POI inputs",True,False,False,baselines/artifacts/muse/nairobi/musecl_region_embeddings_union_poi.parquet,full
muse,MuseCL,nairobi,population,nairobi.population.2024,baselines/artifacts/muse/nairobi/musecl_region_embeddings_union_poi.parquet,region,"{""h3_resolution"": 8, ""name"": ""MuseCL"", ""path"": ""baselines/artifacts/muse/nairobi/musecl_region_embeddings_union_poi.parquet"", ""region_id_col"": ""h3_id"", ""region_type"": ""h3"", ""type"": ""region""}",region_embedding_streetview_remote_sensing_poi,"H3-resolution-8 region lookup of the released MuseCL embedding trained from street-view, remote-sensing, and POI inputs",True,False,False,baselines/artifacts/muse/nairobi/musecl_region_embeddings_union_poi.parquet,full
muse,MuseCL,nairobi,age_distribution,nairobi.age_distribution.2024,baselines/artifacts/muse/nairobi/musecl_region_embeddings_union_poi.parquet,region,"{""h3_resolution"": 8, ""name"": ""MuseCL"", ""path"": ""baselines/artifacts/muse/nairobi/musecl_region_embeddings_union_poi.parquet"", ""region_id_col"": ""h3_id"", ""region_type"": ""h3"", ""type"": ""region""}",region_embedding_streetview_remote_sensing_poi,"H3-resolution-8 region lookup of the released MuseCL embedding trained from street-view, remote-sensing, and POI inputs",True,False,False,baselines/artifacts/muse/nairobi/musecl_region_embeddings_union_poi.parquet,full
muse,MuseCL,nairobi,gdp,nairobi.gdp.2024,baselines/artifacts/muse/nairobi/musecl_region_embeddings_union_poi.parquet,region,"{""h3_resolution"": 8, ""name"": ""MuseCL"", ""path"": ""baselines/artifacts/muse/nairobi/musecl_region_embeddings_union_poi.parquet"", ""region_id_col"": ""h3_id"", ""region_type"": ""h3"", ""type"": ""region""}",region_embedding_streetview_remote_sensing_poi,"H3-resolution-8 region lookup of the released MuseCL embedding trained from street-view, remote-sensing, and POI inputs",True,False,False,baselines/artifacts/muse/nairobi/musecl_region_embeddings_union_poi.parquet,full
muse,MuseCL,nairobi,nightlight,nairobi.nightlight.2024,baselines/artifacts/muse/nairobi/musecl_region_embeddings_union_poi.parquet,region,"{""h3_resolution"": 8, ""name"": ""MuseCL"", ""path"": ""baselines/artifacts/muse/nairobi/musecl_region_embeddings_union_poi.parquet"", ""region_id_col"": ""h3_id"", ""region_type"": ""h3"", ""type"": ""region""}",region_embedding_streetview_remote_sensing_poi,"H3-resolution-8 region lookup of the released MuseCL embedding trained from street-view, remote-sensing, and POI inputs",True,False,False,baselines/artifacts/muse/nairobi/musecl_region_embeddings_union_poi.parquet,full
muse,MuseCL,nairobi,pm25,nairobi.pm25.2022,baselines/artifacts/muse/nairobi/musecl_region_embeddings_union_poi.parquet,region,"{""h3_resolution"": 8, ""name"": ""MuseCL"", ""path"": ""baselines/artifacts/muse/nairobi/musecl_region_embeddings_union_poi.parquet"", ""region_id_col"": ""h3_id"", ""region_type"": ""h3"", ""type"": ""region""}",region_embedding_streetview_remote_sensing_poi,"H3-resolution-8 region lookup of the released MuseCL embedding trained from street-view, remote-sensing, and POI inputs",True,False,False,baselines/artifacts/muse/nairobi/musecl_region_embeddings_union_poi.parquet,full
muse,MuseCL,nairobi,lst_day_mean,nairobi.lst_day_mean.2024,baselines/artifacts/muse/nairobi/musecl_region_embeddings_union_poi.parquet,region,"{""h3_resolution"": 8, ""name"": ""MuseCL"", ""path"": ""baselines/artifacts/muse/nairobi/musecl_region_embeddings_union_poi.parquet"", ""region_id_col"": ""h3_id"", ""region_type"": ""h3"", ""type"": ""region""}",region_embedding_streetview_remote_sensing_poi,"H3-resolution-8 region lookup of the released MuseCL embedding trained from street-view, remote-sensing, and POI inputs",True,False,False,baselines/artifacts/muse/nairobi/musecl_region_embeddings_union_poi.parquet,full
muse,MuseCL,jakarta,landuse,jakarta.landuse.2026,baselines/artifacts/muse/jakarta/musecl_region_embeddings_union_poi.parquet,region,"{""h3_resolution"": 8, ""name"": ""MuseCL"", ""path"": ""baselines/artifacts/muse/jakarta/musecl_region_embeddings_union_poi.parquet"", ""region_id_col"": ""h3_id"", ""region_type"": ""h3"", ""type"": ""region""}",region_embedding_streetview_remote_sensing_poi,"H3-resolution-8 region lookup of the released MuseCL embedding trained from street-view, remote-sensing, and POI inputs",True,False,False,baselines/artifacts/muse/jakarta/musecl_region_embeddings_union_poi.parquet,full
muse,MuseCL,jakarta,road_density,jakarta.road_density.2026,baselines/artifacts/muse/jakarta/musecl_region_embeddings_union_poi.parquet,region,"{""h3_resolution"": 8, ""name"": ""MuseCL"", ""path"": ""baselines/artifacts/muse/jakarta/musecl_region_embeddings_union_poi.parquet"", ""region_id_col"": ""h3_id"", ""region_type"": ""h3"", ""type"": ""region""}",region_embedding_streetview_remote_sensing_poi,"H3-resolution-8 region lookup of the released MuseCL embedding trained from street-view, remote-sensing, and POI inputs",True,False,False,baselines/artifacts/muse/jakarta/musecl_region_embeddings_union_poi.parquet,full
muse,MuseCL,jakarta,population,jakarta.population.2024,baselines/artifacts/muse/jakarta/musecl_region_embeddings_union_poi.parquet,region,"{""h3_resolution"": 8, ""name"": ""MuseCL"", ""path"": ""baselines/artifacts/muse/jakarta/musecl_region_embeddings_union_poi.parquet"", ""region_id_col"": ""h3_id"", ""region_type"": ""h3"", ""type"": ""region""}",region_embedding_streetview_remote_sensing_poi,"H3-resolution-8 region lookup of the released MuseCL embedding trained from street-view, remote-sensing, and POI inputs",True,False,False,baselines/artifacts/muse/jakarta/musecl_region_embeddings_union_poi.parquet,full
muse,MuseCL,jakarta,age_distribution,jakarta.age_distribution.2024,baselines/artifacts/muse/jakarta/musecl_region_embeddings_union_poi.parquet,region,"{""h3_resolution"": 8, ""name"": ""MuseCL"", ""path"": ""baselines/artifacts/muse/jakarta/musecl_region_embeddings_union_poi.parquet"", ""region_id_col"": ""h3_id"", ""region_type"": ""h3"", ""type"": ""region""}",region_embedding_streetview_remote_sensing_poi,"H3-resolution-8 region lookup of the released MuseCL embedding trained from street-view, remote-sensing, and POI inputs",True,False,False,baselines/artifacts/muse/jakarta/musecl_region_embeddings_union_poi.parquet,full
muse,MuseCL,jakarta,gdp,jakarta.gdp.2024,baselines/artifacts/muse/jakarta/musecl_region_embeddings_union_poi.parquet,region,"{""h3_resolution"": 8, ""name"": ""MuseCL"", ""path"": ""baselines/artifacts/muse/jakarta/musecl_region_embeddings_union_poi.parquet"", ""region_id_col"": ""h3_id"", ""region_type"": ""h3"", ""type"": ""region""}",region_embedding_streetview_remote_sensing_poi,"H3-resolution-8 region lookup of the released MuseCL embedding trained from street-view, remote-sensing, and POI inputs",True,False,False,baselines/artifacts/muse/jakarta/musecl_region_embeddings_union_poi.parquet,full
muse,MuseCL,jakarta,nightlight,jakarta.nightlight.2024,baselines/artifacts/muse/jakarta/musecl_region_embeddings_union_poi.parquet,region,"{""h3_resolution"": 8, ""name"": ""MuseCL"", ""path"": ""baselines/artifacts/muse/jakarta/musecl_region_embeddings_union_poi.parquet"", ""region_id_col"": ""h3_id"", ""region_type"": ""h3"", ""type"": ""region""}",region_embedding_streetview_remote_sensing_poi,"H3-resolution-8 region lookup of the released MuseCL embedding trained from street-view, remote-sensing, and POI inputs",True,False,False,baselines/artifacts/muse/jakarta/musecl_region_embeddings_union_poi.parquet,full
muse,MuseCL,jakarta,pm25,jakarta.pm25.2022,baselines/artifacts/muse/jakarta/musecl_region_embeddings_union_poi.parquet,region,"{""h3_resolution"": 8, ""name"": ""MuseCL"", ""path"": ""baselines/artifacts/muse/jakarta/musecl_region_embeddings_union_poi.parquet"", ""region_id_col"": ""h3_id"", ""region_type"": ""h3"", ""type"": ""region""}",region_embedding_streetview_remote_sensing_poi,"H3-resolution-8 region lookup of the released MuseCL embedding trained from street-view, remote-sensing, and POI inputs",True,False,False,baselines/artifacts/muse/jakarta/musecl_region_embeddings_union_poi.parquet,full
muse,MuseCL,jakarta,lst_day_mean,jakarta.lst_day_mean.2024,baselines/artifacts/muse/jakarta/musecl_region_embeddings_union_poi.parquet,region,"{""h3_resolution"": 8, ""name"": ""MuseCL"", ""path"": ""baselines/artifacts/muse/jakarta/musecl_region_embeddings_union_poi.parquet"", ""region_id_col"": ""h3_id"", ""region_type"": ""h3"", ""type"": ""region""}",region_embedding_streetview_remote_sensing_poi,"H3-resolution-8 region lookup of the released MuseCL embedding trained from street-view, remote-sensing, and POI inputs",True,False,False,baselines/artifacts/muse/jakarta/musecl_region_embeddings_union_poi.parquet,full
muse,MuseCL,cape_town,landuse,cape_town.landuse.2026,baselines/artifacts/muse/cape_town/musecl_region_embeddings_union_poi.parquet,region,"{""h3_resolution"": 8, ""name"": ""MuseCL"", ""path"": ""baselines/artifacts/muse/cape_town/musecl_region_embeddings_union_poi.parquet"", ""region_id_col"": ""h3_id"", ""region_type"": ""h3"", ""type"": ""region""}",region_embedding_streetview_remote_sensing_poi,"H3-resolution-8 region lookup of the released MuseCL embedding trained from street-view, remote-sensing, and POI inputs",True,False,False,baselines/artifacts/muse/cape_town/musecl_region_embeddings_union_poi.parquet,full
muse,MuseCL,cape_town,road_density,cape_town.road_density.2026,baselines/artifacts/muse/cape_town/musecl_region_embeddings_union_poi.parquet,region,"{""h3_resolution"": 8, ""name"": ""MuseCL"", ""path"": ""baselines/artifacts/muse/cape_town/musecl_region_embeddings_union_poi.parquet"", ""region_id_col"": ""h3_id"", ""region_type"": ""h3"", ""type"": ""region""}",region_embedding_streetview_remote_sensing_poi,"H3-resolution-8 region lookup of the released MuseCL embedding trained from street-view, remote-sensing, and POI inputs",True,False,False,baselines/artifacts/muse/cape_town/musecl_region_embeddings_union_poi.parquet,full
muse,MuseCL,cape_town,population,cape_town.population.2024,baselines/artifacts/muse/cape_town/musecl_region_embeddings_union_poi.parquet,region,"{""h3_resolution"": 8, ""name"": ""MuseCL"", ""path"": ""baselines/artifacts/muse/cape_town/musecl_region_embeddings_union_poi.parquet"", ""region_id_col"": ""h3_id"", ""region_type"": ""h3"", ""type"": ""region""}",region_embedding_streetview_remote_sensing_poi,"H3-resolution-8 region lookup of the released MuseCL embedding trained from street-view, remote-sensing, and POI inputs",True,False,False,baselines/artifacts/muse/cape_town/musecl_region_embeddings_union_poi.parquet,full
muse,MuseCL,cape_town,age_distribution,cape_town.age_distribution.2024,baselines/artifacts/muse/cape_town/musecl_region_embeddings_union_poi.parquet,region,"{""h3_resolution"": 8, ""name"": ""MuseCL"", ""path"": ""baselines/artifacts/muse/cape_town/musecl_region_embeddings_union_poi.parquet"", ""region_id_col"": ""h3_id"", ""region_type"": ""h3"", ""type"": ""region""}",region_embedding_streetview_remote_sensing_poi,"H3-resolution-8 region lookup of the released MuseCL embedding trained from street-view, remote-sensing, and POI inputs",True,False,False,baselines/artifacts/muse/cape_town/musecl_region_embeddings_union_poi.parquet,full
muse,MuseCL,cape_town,gdp,cape_town.gdp.2024,baselines/artifacts/muse/cape_town/musecl_region_embeddings_union_poi.parquet,region,"{""h3_resolution"": 8, ""name"": ""MuseCL"", ""path"": ""baselines/artifacts/muse/cape_town/musecl_region_embeddings_union_poi.parquet"", ""region_id_col"": ""h3_id"", ""region_type"": ""h3"", ""type"": ""region""}",region_embedding_streetview_remote_sensing_poi,"H3-resolution-8 region lookup of the released MuseCL embedding trained from street-view, remote-sensing, and POI inputs",True,False,False,baselines/artifacts/muse/cape_town/musecl_region_embeddings_union_poi.parquet,full
muse,MuseCL,cape_town,nightlight,cape_town.nightlight.2024,baselines/artifacts/muse/cape_town/musecl_region_embeddings_union_poi.parquet,region,"{""h3_resolution"": 8, ""name"": ""MuseCL"", ""path"": ""baselines/artifacts/muse/cape_town/musecl_region_embeddings_union_poi.parquet"", ""region_id_col"": ""h3_id"", ""region_type"": ""h3"", ""type"": ""region""}",region_embedding_streetview_remote_sensing_poi,"H3-resolution-8 region lookup of the released MuseCL embedding trained from street-view, remote-sensing, and POI inputs",True,False,False,baselines/artifacts/muse/cape_town/musecl_region_embeddings_union_poi.parquet,full
muse,MuseCL,cape_town,pm25,cape_town.pm25.2022,baselines/artifacts/muse/cape_town/musecl_region_embeddings_union_poi.parquet,region,"{""h3_resolution"": 8, ""name"": ""MuseCL"", ""path"": ""baselines/artifacts/muse/cape_town/musecl_region_embeddings_union_poi.parquet"", ""region_id_col"": ""h3_id"", ""region_type"": ""h3"", ""type"": ""region""}",region_embedding_streetview_remote_sensing_poi,"H3-resolution-8 region lookup of the released MuseCL embedding trained from street-view, remote-sensing, and POI inputs",True,False,False,baselines/artifacts/muse/cape_town/musecl_region_embeddings_union_poi.parquet,full
muse,MuseCL,cape_town,lst_day_mean,cape_town.lst_day_mean.2024,baselines/artifacts/muse/cape_town/musecl_region_embeddings_union_poi.parquet,region,"{""h3_resolution"": 8, ""name"": ""MuseCL"", ""path"": ""baselines/artifacts/muse/cape_town/musecl_region_embeddings_union_poi.parquet"", ""region_id_col"": ""h3_id"", ""region_type"": ""h3"", ""type"": ""region""}",region_embedding_streetview_remote_sensing_poi,"H3-resolution-8 region lookup of the released MuseCL embedding trained from street-view, remote-sensing, and POI inputs",True,False,False,baselines/artifacts/muse/cape_town/musecl_region_embeddings_union_poi.parquet,full
satclip,SatCLIP,london,landuse,london.landuse.2026,baselines/artifacts/satclip/london/london_SatCLIP_ViT16_L40_landuse_points_d256__8ab7b42989.parquet,point_table,"{""crs"": ""EPSG:4326"", ""name"": ""SatCLIP"", ""path"": ""baselines/artifacts/satclip/london/london_SatCLIP_ViT16_L40_landuse_points_d256__8ab7b42989.parquet"", ""point_id_col"": ""sample_id"", ""task_point_id_col"": ""sample_id"", ""type"": ""point_table"", ""x_col"": ""x"", ""y_col"": ""y""}",landuse_point_coordinate_encoder_table,Not released for public evaluation: the London payload is a synthetic schema demo and has no corresponding benchmark embeddings.,False,False,False,baselines/artifacts/satclip/london/london_SatCLIP_ViT16_L40_landuse_points_d256__8ab7b42989.parquet,synthetic_demo_only_no_embedding
satclip,SatCLIP,london,road_density,london.road_density.2026,baselines/artifacts/satclip/london/london_SatCLIP_ViT16_L40_taskgrid_road_density_d256__893029dc45.tif,raster,"{""name"": ""SatCLIP"", ""path"": ""baselines/artifacts/satclip/london/london_SatCLIP_ViT16_L40_taskgrid_road_density_d256__893029dc45.tif"", ""type"": ""raster""}",coordinate_encoder_task_specific_raster,direct SatCLIP inference at the target task raster pixel centers,True,False,False,baselines/artifacts/satclip/london/london_SatCLIP_ViT16_L40_taskgrid_road_density_d256__893029dc45.tif,full
satclip,SatCLIP,london,population,london.population.2024,baselines/artifacts/satclip/london/london_SatCLIP_ViT16_L40_taskgrid_population_d256__aa8cceb9a4.tif,raster,"{""name"": ""SatCLIP"", ""path"": ""baselines/artifacts/satclip/london/london_SatCLIP_ViT16_L40_taskgrid_population_d256__aa8cceb9a4.tif"", ""type"": ""raster""}",coordinate_encoder_task_specific_raster,direct SatCLIP inference at the target task raster pixel centers,True,False,True,baselines/artifacts/satclip/london/london_SatCLIP_ViT16_L40_taskgrid_population_d256__aa8cceb9a4.tif,full
satclip,SatCLIP,london,age_distribution,london.age_distribution.2024,baselines/artifacts/satclip/london/london_SatCLIP_ViT16_L40_taskgrid_age_distribution_d256__234949d338.tif,raster,"{""name"": ""SatCLIP"", ""path"": ""baselines/artifacts/satclip/london/london_SatCLIP_ViT16_L40_taskgrid_age_distribution_d256__234949d338.tif"", ""type"": ""raster""}",coordinate_encoder_task_specific_raster,direct SatCLIP inference at the target task raster pixel centers,True,False,False,baselines/artifacts/satclip/london/london_SatCLIP_ViT16_L40_taskgrid_age_distribution_d256__234949d338.tif,full
satclip,SatCLIP,london,gdp,london.gdp.2024,baselines/artifacts/satclip/london/london_SatCLIP_ViT16_L40_taskgrid_gdp_d256__8a5751d91b.tif,raster,"{""name"": ""SatCLIP"", ""path"": ""baselines/artifacts/satclip/london/london_SatCLIP_ViT16_L40_taskgrid_gdp_d256__8a5751d91b.tif"", ""type"": ""raster""}",coordinate_encoder_task_specific_raster,direct SatCLIP inference at the target task raster pixel centers,True,False,False,baselines/artifacts/satclip/london/london_SatCLIP_ViT16_L40_taskgrid_gdp_d256__8a5751d91b.tif,full
satclip,SatCLIP,london,nightlight,london.nightlight.2024,baselines/artifacts/satclip/london/london_SatCLIP_ViT16_L40_taskgrid_nightlight_d256__aa67197c05.tif,raster,"{""name"": ""SatCLIP"", ""path"": ""baselines/artifacts/satclip/london/london_SatCLIP_ViT16_L40_taskgrid_nightlight_d256__aa67197c05.tif"", ""type"": ""raster""}",coordinate_encoder_task_specific_raster,direct SatCLIP inference at nighttime-light task raster pixel centers,True,False,False,baselines/artifacts/satclip/london/london_SatCLIP_ViT16_L40_taskgrid_nightlight_d256__aa67197c05.tif,full
satclip,SatCLIP,london,pm25,london.pm25.2022,baselines/artifacts/satclip/london/london_SatCLIP_ViT16_L40_taskgrid_pm25_d256__7e81dfd279.tif,raster,"{""name"": ""SatCLIP"", ""path"": ""baselines/artifacts/satclip/london/london_SatCLIP_ViT16_L40_taskgrid_pm25_d256__7e81dfd279.tif"", ""type"": ""raster""}",coordinate_encoder_task_specific_raster,direct SatCLIP inference at the target task raster pixel centers,True,False,False,baselines/artifacts/satclip/london/london_SatCLIP_ViT16_L40_taskgrid_pm25_d256__7e81dfd279.tif,full
satclip,SatCLIP,london,lst_day_mean,london.lst_day_mean.2024,baselines/artifacts/satclip/london/london_SatCLIP_ViT16_L40_taskgrid_lst_day_mean_d256__bcbdbbdc23.tif,raster,"{""name"": ""SatCLIP"", ""path"": ""baselines/artifacts/satclip/london/london_SatCLIP_ViT16_L40_taskgrid_lst_day_mean_d256__bcbdbbdc23.tif"", ""type"": ""raster""}",coordinate_encoder_task_specific_raster,direct SatCLIP inference at the target task raster pixel centers,True,False,False,baselines/artifacts/satclip/london/london_SatCLIP_ViT16_L40_taskgrid_lst_day_mean_d256__bcbdbbdc23.tif,full
satclip,SatCLIP,new_york,landuse,new_york.landuse.2026,baselines/artifacts/satclip/new_york/new_york_SatCLIP_ViT16_L40_landuse_points_d256__302cf9d608.parquet,point_table,"{""crs"": ""EPSG:4326"", ""name"": ""SatCLIP"", ""path"": ""baselines/artifacts/satclip/new_york/new_york_SatCLIP_ViT16_L40_landuse_points_d256__302cf9d608.parquet"", ""point_id_col"": ""sample_id"", ""task_point_id_col"": ""sample_id"", ""type"": ""point_table"", ""x_col"": ""x"", ""y_col"": ""y""}",landuse_point_coordinate_encoder_table,land-use sample_id looked up in a point table generated by direct SatCLIP inference at each land-use point coordinate,True,False,False,baselines/artifacts/satclip/new_york/new_york_SatCLIP_ViT16_L40_landuse_points_d256__302cf9d608.parquet,full
satclip,SatCLIP,new_york,road_density,new_york.road_density.2026,baselines/artifacts/satclip/new_york/new_york_SatCLIP_ViT16_L40_taskgrid_road_density_d256__54d3f4715b.tif,raster,"{""name"": ""SatCLIP"", ""path"": ""baselines/artifacts/satclip/new_york/new_york_SatCLIP_ViT16_L40_taskgrid_road_density_d256__54d3f4715b.tif"", ""type"": ""raster""}",coordinate_encoder_task_specific_raster,direct SatCLIP inference at the target task raster pixel centers,True,False,False,baselines/artifacts/satclip/new_york/new_york_SatCLIP_ViT16_L40_taskgrid_road_density_d256__54d3f4715b.tif,full
satclip,SatCLIP,new_york,population,new_york.population.2024,baselines/artifacts/satclip/new_york/new_york_SatCLIP_ViT16_L40_taskgrid_population_d256__1b70c62e8c.tif,raster,"{""name"": ""SatCLIP"", ""path"": ""baselines/artifacts/satclip/new_york/new_york_SatCLIP_ViT16_L40_taskgrid_population_d256__1b70c62e8c.tif"", ""type"": ""raster""}",coordinate_encoder_task_specific_raster,direct SatCLIP inference at the target task raster pixel centers,True,False,True,baselines/artifacts/satclip/new_york/new_york_SatCLIP_ViT16_L40_taskgrid_population_d256__1b70c62e8c.tif,full
satclip,SatCLIP,new_york,age_distribution,new_york.age_distribution.2024,baselines/artifacts/satclip/new_york/new_york_SatCLIP_ViT16_L40_taskgrid_age_distribution_d256__32522f5064.tif,raster,"{""name"": ""SatCLIP"", ""path"": ""baselines/artifacts/satclip/new_york/new_york_SatCLIP_ViT16_L40_taskgrid_age_distribution_d256__32522f5064.tif"", ""type"": ""raster""}",coordinate_encoder_task_specific_raster,direct SatCLIP inference at the target task raster pixel centers,True,False,False,baselines/artifacts/satclip/new_york/new_york_SatCLIP_ViT16_L40_taskgrid_age_distribution_d256__32522f5064.tif,full
satclip,SatCLIP,new_york,gdp,new_york.gdp.2024,baselines/artifacts/satclip/new_york/new_york_SatCLIP_ViT16_L40_taskgrid_gdp_d256__5ba9a5b0e6.tif,raster,"{""name"": ""SatCLIP"", ""path"": ""baselines/artifacts/satclip/new_york/new_york_SatCLIP_ViT16_L40_taskgrid_gdp_d256__5ba9a5b0e6.tif"", ""type"": ""raster""}",coordinate_encoder_task_specific_raster,direct SatCLIP inference at the target task raster pixel centers,True,False,False,baselines/artifacts/satclip/new_york/new_york_SatCLIP_ViT16_L40_taskgrid_gdp_d256__5ba9a5b0e6.tif,full
satclip,SatCLIP,new_york,nightlight,new_york.nightlight.2024,baselines/artifacts/satclip/new_york/new_york_SatCLIP_ViT16_L40_taskgrid_nightlight_d256__ffa0952bca.tif,raster,"{""name"": ""SatCLIP"", ""path"": ""baselines/artifacts/satclip/new_york/new_york_SatCLIP_ViT16_L40_taskgrid_nightlight_d256__ffa0952bca.tif"", ""type"": ""raster""}",coordinate_encoder_task_specific_raster,direct SatCLIP inference at nighttime-light task raster pixel centers,True,False,False,baselines/artifacts/satclip/new_york/new_york_SatCLIP_ViT16_L40_taskgrid_nightlight_d256__ffa0952bca.tif,full
satclip,SatCLIP,new_york,pm25,new_york.pm25.2022,baselines/artifacts/satclip/new_york/new_york_SatCLIP_ViT16_L40_taskgrid_pm25_d256__cc6949e352.tif,raster,"{""name"": ""SatCLIP"", ""path"": ""baselines/artifacts/satclip/new_york/new_york_SatCLIP_ViT16_L40_taskgrid_pm25_d256__cc6949e352.tif"", ""type"": ""raster""}",coordinate_encoder_task_specific_raster,direct SatCLIP inference at the target task raster pixel centers,True,False,False,baselines/artifacts/satclip/new_york/new_york_SatCLIP_ViT16_L40_taskgrid_pm25_d256__cc6949e352.tif,full
satclip,SatCLIP,new_york,lst_day_mean,new_york.lst_day_mean.2024,baselines/artifacts/satclip/new_york/new_york_SatCLIP_ViT16_L40_taskgrid_lst_day_mean_d256__973d7f4a3e.tif,raster,"{""name"": ""SatCLIP"", ""path"": ""baselines/artifacts/satclip/new_york/new_york_SatCLIP_ViT16_L40_taskgrid_lst_day_mean_d256__973d7f4a3e.tif"", ""type"": ""raster""}",coordinate_encoder_task_specific_raster,direct SatCLIP inference at the target task raster pixel centers,True,False,False,baselines/artifacts/satclip/new_york/new_york_SatCLIP_ViT16_L40_taskgrid_lst_day_mean_d256__973d7f4a3e.tif,full
satclip,SatCLIP,singapore,landuse,singapore.landuse.2026,baselines/artifacts/satclip/singapore/singapore_SatCLIP_ViT16_L40_landuse_points_d256__036f8ee527.parquet,point_table,"{""crs"": ""EPSG:4326"", ""name"": ""SatCLIP"", ""path"": ""baselines/artifacts/satclip/singapore/singapore_SatCLIP_ViT16_L40_landuse_points_d256__036f8ee527.parquet"", ""point_id_col"": ""sample_id"", ""task_point_id_col"": ""sample_id"", ""type"": ""point_table"", ""x_col"": ""x"", ""y_col"": ""y""}",landuse_point_coordinate_encoder_table,land-use sample_id looked up in a point table generated by direct SatCLIP inference at each land-use point coordinate,True,False,False,baselines/artifacts/satclip/singapore/singapore_SatCLIP_ViT16_L40_landuse_points_d256__036f8ee527.parquet,full
satclip,SatCLIP,singapore,road_density,singapore.road_density.2026,baselines/artifacts/satclip/singapore/singapore_SatCLIP_ViT16_L40_taskgrid_road_density_d256__8c94b45210.tif,raster,"{""name"": ""SatCLIP"", ""path"": ""baselines/artifacts/satclip/singapore/singapore_SatCLIP_ViT16_L40_taskgrid_road_density_d256__8c94b45210.tif"", ""type"": ""raster""}",coordinate_encoder_task_specific_raster,direct SatCLIP inference at the target task raster pixel centers,True,False,False,baselines/artifacts/satclip/singapore/singapore_SatCLIP_ViT16_L40_taskgrid_road_density_d256__8c94b45210.tif,full
satclip,SatCLIP,singapore,population,singapore.population.2024,baselines/artifacts/satclip/singapore/singapore_SatCLIP_ViT16_L40_taskgrid_population_d256__1f71275b0d.tif,raster,"{""name"": ""SatCLIP"", ""path"": ""baselines/artifacts/satclip/singapore/singapore_SatCLIP_ViT16_L40_taskgrid_population_d256__1f71275b0d.tif"", ""type"": ""raster""}",coordinate_encoder_task_specific_raster,direct SatCLIP inference at the target task raster pixel centers,True,False,True,baselines/artifacts/satclip/singapore/singapore_SatCLIP_ViT16_L40_taskgrid_population_d256__1f71275b0d.tif,full
satclip,SatCLIP,singapore,age_distribution,singapore.age_distribution.2024,baselines/artifacts/satclip/singapore/singapore_SatCLIP_ViT16_L40_taskgrid_age_distribution_d256__5fe39e50f1.tif,raster,"{""name"": ""SatCLIP"", ""path"": ""baselines/artifacts/satclip/singapore/singapore_SatCLIP_ViT16_L40_taskgrid_age_distribution_d256__5fe39e50f1.tif"", ""type"": ""raster""}",coordinate_encoder_task_specific_raster,direct SatCLIP inference at the target task raster pixel centers,True,False,False,baselines/artifacts/satclip/singapore/singapore_SatCLIP_ViT16_L40_taskgrid_age_distribution_d256__5fe39e50f1.tif,full
satclip,SatCLIP,singapore,gdp,singapore.gdp.2024,baselines/artifacts/satclip/singapore/singapore_SatCLIP_ViT16_L40_taskgrid_gdp_d256__87edda497b.tif,raster,"{""name"": ""SatCLIP"", ""path"": ""baselines/artifacts/satclip/singapore/singapore_SatCLIP_ViT16_L40_taskgrid_gdp_d256__87edda497b.tif"", ""type"": ""raster""}",coordinate_encoder_task_specific_raster,direct SatCLIP inference at the target task raster pixel centers,True,False,False,baselines/artifacts/satclip/singapore/singapore_SatCLIP_ViT16_L40_taskgrid_gdp_d256__87edda497b.tif,full
satclip,SatCLIP,singapore,nightlight,singapore.nightlight.2024,baselines/artifacts/satclip/singapore/singapore_SatCLIP_ViT16_L40_taskgrid_nightlight_d256__62f3bd5b0f.tif,raster,"{""name"": ""SatCLIP"", ""path"": ""baselines/artifacts/satclip/singapore/singapore_SatCLIP_ViT16_L40_taskgrid_nightlight_d256__62f3bd5b0f.tif"", ""type"": ""raster""}",coordinate_encoder_task_specific_raster,direct SatCLIP inference at nighttime-light task raster pixel centers,True,False,False,baselines/artifacts/satclip/singapore/singapore_SatCLIP_ViT16_L40_taskgrid_nightlight_d256__62f3bd5b0f.tif,full
satclip,SatCLIP,singapore,pm25,singapore.pm25.2022,baselines/artifacts/satclip/singapore/singapore_SatCLIP_ViT16_L40_taskgrid_pm25_d256__ad56257683.tif,raster,"{""name"": ""SatCLIP"", ""path"": ""baselines/artifacts/satclip/singapore/singapore_SatCLIP_ViT16_L40_taskgrid_pm25_d256__ad56257683.tif"", ""type"": ""raster""}",coordinate_encoder_task_specific_raster,direct SatCLIP inference at the target task raster pixel centers,True,False,False,baselines/artifacts/satclip/singapore/singapore_SatCLIP_ViT16_L40_taskgrid_pm25_d256__ad56257683.tif,full
satclip,SatCLIP,singapore,lst_day_mean,singapore.lst_day_mean.2024,baselines/artifacts/satclip/singapore/singapore_SatCLIP_ViT16_L40_taskgrid_lst_day_mean_d256__0cee7fab81.tif,raster,"{""name"": ""SatCLIP"", ""path"": ""baselines/artifacts/satclip/singapore/singapore_SatCLIP_ViT16_L40_taskgrid_lst_day_mean_d256__0cee7fab81.tif"", ""type"": ""raster""}",coordinate_encoder_task_specific_raster,direct SatCLIP inference at the target task raster pixel centers,True,False,False,baselines/artifacts/satclip/singapore/singapore_SatCLIP_ViT16_L40_taskgrid_lst_day_mean_d256__0cee7fab81.tif,full
satclip,SatCLIP,sydney,landuse,sydney.landuse.2026,baselines/artifacts/satclip/sydney/sydney_SatCLIP_ViT16_L40_landuse_points_d256__2ec8a24256.parquet,point_table,"{""crs"": ""EPSG:4326"", ""name"": ""SatCLIP"", ""path"": ""baselines/artifacts/satclip/sydney/sydney_SatCLIP_ViT16_L40_landuse_points_d256__2ec8a24256.parquet"", ""point_id_col"": ""sample_id"", ""task_point_id_col"": ""sample_id"", ""type"": ""point_table"", ""x_col"": ""x"", ""y_col"": ""y""}",landuse_point_coordinate_encoder_table,land-use sample_id looked up in a point table generated by direct SatCLIP inference at each land-use point coordinate,True,False,False,baselines/artifacts/satclip/sydney/sydney_SatCLIP_ViT16_L40_landuse_points_d256__2ec8a24256.parquet,full
satclip,SatCLIP,sydney,road_density,sydney.road_density.2026,baselines/artifacts/satclip/sydney/sydney_SatCLIP_ViT16_L40_taskgrid_road_density_d256__4279da37cf.tif,raster,"{""name"": ""SatCLIP"", ""path"": ""baselines/artifacts/satclip/sydney/sydney_SatCLIP_ViT16_L40_taskgrid_road_density_d256__4279da37cf.tif"", ""type"": ""raster""}",coordinate_encoder_task_specific_raster,direct SatCLIP inference at the target task raster pixel centers,True,False,False,baselines/artifacts/satclip/sydney/sydney_SatCLIP_ViT16_L40_taskgrid_road_density_d256__4279da37cf.tif,full
satclip,SatCLIP,sydney,population,sydney.population.2024,baselines/artifacts/satclip/sydney/sydney_SatCLIP_ViT16_L40_taskgrid_population_d256__a8b33240bb.tif,raster,"{""name"": ""SatCLIP"", ""path"": ""baselines/artifacts/satclip/sydney/sydney_SatCLIP_ViT16_L40_taskgrid_population_d256__a8b33240bb.tif"", ""type"": ""raster""}",coordinate_encoder_task_specific_raster,direct SatCLIP inference at the target task raster pixel centers,True,False,True,baselines/artifacts/satclip/sydney/sydney_SatCLIP_ViT16_L40_taskgrid_population_d256__a8b33240bb.tif,full
satclip,SatCLIP,sydney,age_distribution,sydney.age_distribution.2024,baselines/artifacts/satclip/sydney/sydney_SatCLIP_ViT16_L40_taskgrid_age_distribution_d256__179eb80034.tif,raster,"{""name"": ""SatCLIP"", ""path"": ""baselines/artifacts/satclip/sydney/sydney_SatCLIP_ViT16_L40_taskgrid_age_distribution_d256__179eb80034.tif"", ""type"": ""raster""}",coordinate_encoder_task_specific_raster,direct SatCLIP inference at the target task raster pixel centers,True,False,False,baselines/artifacts/satclip/sydney/sydney_SatCLIP_ViT16_L40_taskgrid_age_distribution_d256__179eb80034.tif,full
satclip,SatCLIP,sydney,gdp,sydney.gdp.2024,baselines/artifacts/satclip/sydney/sydney_SatCLIP_ViT16_L40_taskgrid_gdp_d256__df7d83722e.tif,raster,"{""name"": ""SatCLIP"", ""path"": ""baselines/artifacts/satclip/sydney/sydney_SatCLIP_ViT16_L40_taskgrid_gdp_d256__df7d83722e.tif"", ""type"": ""raster""}",coordinate_encoder_task_specific_raster,direct SatCLIP inference at the target task raster pixel centers,True,False,False,baselines/artifacts/satclip/sydney/sydney_SatCLIP_ViT16_L40_taskgrid_gdp_d256__df7d83722e.tif,full
satclip,SatCLIP,sydney,nightlight,sydney.nightlight.2024,baselines/artifacts/satclip/sydney/sydney_SatCLIP_ViT16_L40_taskgrid_nightlight_d256__fbd7368103.tif,raster,"{""name"": ""SatCLIP"", ""path"": ""baselines/artifacts/satclip/sydney/sydney_SatCLIP_ViT16_L40_taskgrid_nightlight_d256__fbd7368103.tif"", ""type"": ""raster""}",coordinate_encoder_task_specific_raster,direct SatCLIP inference at nighttime-light task raster pixel centers,True,False,False,baselines/artifacts/satclip/sydney/sydney_SatCLIP_ViT16_L40_taskgrid_nightlight_d256__fbd7368103.tif,full
satclip,SatCLIP,sydney,pm25,sydney.pm25.2022,baselines/artifacts/satclip/sydney/sydney_SatCLIP_ViT16_L40_taskgrid_pm25_d256__0646450aad.tif,raster,"{""name"": ""SatCLIP"", ""path"": ""baselines/artifacts/satclip/sydney/sydney_SatCLIP_ViT16_L40_taskgrid_pm25_d256__0646450aad.tif"", ""type"": ""raster""}",coordinate_encoder_task_specific_raster,direct SatCLIP inference at the target task raster pixel centers,True,False,False,baselines/artifacts/satclip/sydney/sydney_SatCLIP_ViT16_L40_taskgrid_pm25_d256__0646450aad.tif,full
satclip,SatCLIP,sydney,lst_day_mean,sydney.lst_day_mean.2024,baselines/artifacts/satclip/sydney/sydney_SatCLIP_ViT16_L40_taskgrid_lst_day_mean_d256__5271c3d4cf.tif,raster,"{""name"": ""SatCLIP"", ""path"": ""baselines/artifacts/satclip/sydney/sydney_SatCLIP_ViT16_L40_taskgrid_lst_day_mean_d256__5271c3d4cf.tif"", ""type"": ""raster""}",coordinate_encoder_task_specific_raster,direct SatCLIP inference at the target task raster pixel centers,True,False,False,baselines/artifacts/satclip/sydney/sydney_SatCLIP_ViT16_L40_taskgrid_lst_day_mean_d256__5271c3d4cf.tif,full
satclip,SatCLIP,mumbai,landuse,mumbai.landuse.2026,baselines/artifacts/satclip/mumbai/mumbai_SatCLIP_ViT16_L40_landuse_points_d256__05315f9bc7.parquet,point_table,"{""crs"": ""EPSG:4326"", ""name"": ""SatCLIP"", ""path"": ""baselines/artifacts/satclip/mumbai/mumbai_SatCLIP_ViT16_L40_landuse_points_d256__05315f9bc7.parquet"", ""point_id_col"": ""sample_id"", ""task_point_id_col"": ""sample_id"", ""type"": ""point_table"", ""x_col"": ""x"", ""y_col"": ""y""}",landuse_point_coordinate_encoder_table,land-use sample_id looked up in a point table generated by direct SatCLIP inference at each land-use point coordinate,True,False,False,baselines/artifacts/satclip/mumbai/mumbai_SatCLIP_ViT16_L40_landuse_points_d256__05315f9bc7.parquet,full
satclip,SatCLIP,mumbai,road_density,mumbai.road_density.2026,baselines/artifacts/satclip/mumbai/mumbai_SatCLIP_ViT16_L40_taskgrid_road_density_d256__9688500e80.tif,raster,"{""name"": ""SatCLIP"", ""path"": ""baselines/artifacts/satclip/mumbai/mumbai_SatCLIP_ViT16_L40_taskgrid_road_density_d256__9688500e80.tif"", ""type"": ""raster""}",coordinate_encoder_task_specific_raster,direct SatCLIP inference at the target task raster pixel centers,True,False,False,baselines/artifacts/satclip/mumbai/mumbai_SatCLIP_ViT16_L40_taskgrid_road_density_d256__9688500e80.tif,full
satclip,SatCLIP,mumbai,population,mumbai.population.2024,baselines/artifacts/satclip/mumbai/mumbai_SatCLIP_ViT16_L40_taskgrid_population_d256__6c836a0837.tif,raster,"{""name"": ""SatCLIP"", ""path"": ""baselines/artifacts/satclip/mumbai/mumbai_SatCLIP_ViT16_L40_taskgrid_population_d256__6c836a0837.tif"", ""type"": ""raster""}",coordinate_encoder_task_specific_raster,direct SatCLIP inference at the target task raster pixel centers,True,False,True,baselines/artifacts/satclip/mumbai/mumbai_SatCLIP_ViT16_L40_taskgrid_population_d256__6c836a0837.tif,full
satclip,SatCLIP,mumbai,age_distribution,mumbai.age_distribution.2024,baselines/artifacts/satclip/mumbai/mumbai_SatCLIP_ViT16_L40_taskgrid_age_distribution_d256__0ea48c6361.tif,raster,"{""name"": ""SatCLIP"", ""path"": ""baselines/artifacts/satclip/mumbai/mumbai_SatCLIP_ViT16_L40_taskgrid_age_distribution_d256__0ea48c6361.tif"", ""type"": ""raster""}",coordinate_encoder_task_specific_raster,direct SatCLIP inference at the target task raster pixel centers,True,False,False,baselines/artifacts/satclip/mumbai/mumbai_SatCLIP_ViT16_L40_taskgrid_age_distribution_d256__0ea48c6361.tif,full
satclip,SatCLIP,mumbai,gdp,mumbai.gdp.2024,baselines/artifacts/satclip/mumbai/mumbai_SatCLIP_ViT16_L40_taskgrid_gdp_d256__f8b699671e.tif,raster,"{""name"": ""SatCLIP"", ""path"": ""baselines/artifacts/satclip/mumbai/mumbai_SatCLIP_ViT16_L40_taskgrid_gdp_d256__f8b699671e.tif"", ""type"": ""raster""}",coordinate_encoder_task_specific_raster,direct SatCLIP inference at the target task raster pixel centers,True,False,False,baselines/artifacts/satclip/mumbai/mumbai_SatCLIP_ViT16_L40_taskgrid_gdp_d256__f8b699671e.tif,full
satclip,SatCLIP,mumbai,nightlight,mumbai.nightlight.2024,baselines/artifacts/satclip/mumbai/mumbai_SatCLIP_ViT16_L40_taskgrid_nightlight_d256__7da99275c7.tif,raster,"{""name"": ""SatCLIP"", ""path"": ""baselines/artifacts/satclip/mumbai/mumbai_SatCLIP_ViT16_L40_taskgrid_nightlight_d256__7da99275c7.tif"", ""type"": ""raster""}",coordinate_encoder_task_specific_raster,direct SatCLIP inference at nighttime-light task raster pixel centers,True,False,False,baselines/artifacts/satclip/mumbai/mumbai_SatCLIP_ViT16_L40_taskgrid_nightlight_d256__7da99275c7.tif,full
satclip,SatCLIP,mumbai,pm25,mumbai.pm25.2022,baselines/artifacts/satclip/mumbai/mumbai_SatCLIP_ViT16_L40_taskgrid_pm25_d256__0a0aa0015c.tif,raster,"{""name"": ""SatCLIP"", ""path"": ""baselines/artifacts/satclip/mumbai/mumbai_SatCLIP_ViT16_L40_taskgrid_pm25_d256__0a0aa0015c.tif"", ""type"": ""raster""}",coordinate_encoder_task_specific_raster,direct SatCLIP inference at the target task raster pixel centers,True,False,False,baselines/artifacts/satclip/mumbai/mumbai_SatCLIP_ViT16_L40_taskgrid_pm25_d256__0a0aa0015c.tif,full
satclip,SatCLIP,mumbai,lst_day_mean,mumbai.lst_day_mean.2024,baselines/artifacts/satclip/mumbai/mumbai_SatCLIP_ViT16_L40_taskgrid_lst_day_mean_d256__7791d68b9e.tif,raster,"{""name"": ""SatCLIP"", ""path"": ""baselines/artifacts/satclip/mumbai/mumbai_SatCLIP_ViT16_L40_taskgrid_lst_day_mean_d256__7791d68b9e.tif"", ""type"": ""raster""}",coordinate_encoder_task_specific_raster,direct SatCLIP inference at the target task raster pixel centers,True,False,False,baselines/artifacts/satclip/mumbai/mumbai_SatCLIP_ViT16_L40_taskgrid_lst_day_mean_d256__7791d68b9e.tif,full
satclip,SatCLIP,nairobi,landuse,nairobi.landuse.2026,baselines/artifacts/satclip/nairobi/nairobi_SatCLIP_ViT16_L40_landuse_points_d256__b6920ff557.parquet,point_table,"{""crs"": ""EPSG:4326"", ""name"": ""SatCLIP"", ""path"": ""baselines/artifacts/satclip/nairobi/nairobi_SatCLIP_ViT16_L40_landuse_points_d256__b6920ff557.parquet"", ""point_id_col"": ""sample_id"", ""task_point_id_col"": ""sample_id"", ""type"": ""point_table"", ""x_col"": ""x"", ""y_col"": ""y""}",landuse_point_coordinate_encoder_table,land-use sample_id looked up in a point table generated by direct SatCLIP inference at each land-use point coordinate,True,False,False,baselines/artifacts/satclip/nairobi/nairobi_SatCLIP_ViT16_L40_landuse_points_d256__b6920ff557.parquet,full
satclip,SatCLIP,nairobi,road_density,nairobi.road_density.2026,baselines/artifacts/satclip/nairobi/nairobi_SatCLIP_ViT16_L40_taskgrid_road_density_d256__2ccc4cf65a.tif,raster,"{""name"": ""SatCLIP"", ""path"": ""baselines/artifacts/satclip/nairobi/nairobi_SatCLIP_ViT16_L40_taskgrid_road_density_d256__2ccc4cf65a.tif"", ""type"": ""raster""}",coordinate_encoder_task_specific_raster,direct SatCLIP inference at the target task raster pixel centers,True,False,False,baselines/artifacts/satclip/nairobi/nairobi_SatCLIP_ViT16_L40_taskgrid_road_density_d256__2ccc4cf65a.tif,full
satclip,SatCLIP,nairobi,population,nairobi.population.2024,baselines/artifacts/satclip/nairobi/nairobi_SatCLIP_ViT16_L40_taskgrid_population_d256__7bc4e8f67f.tif,raster,"{""name"": ""SatCLIP"", ""path"": ""baselines/artifacts/satclip/nairobi/nairobi_SatCLIP_ViT16_L40_taskgrid_population_d256__7bc4e8f67f.tif"", ""type"": ""raster""}",coordinate_encoder_task_specific_raster,direct SatCLIP inference at the target task raster pixel centers,True,False,True,baselines/artifacts/satclip/nairobi/nairobi_SatCLIP_ViT16_L40_taskgrid_population_d256__7bc4e8f67f.tif,full
satclip,SatCLIP,nairobi,age_distribution,nairobi.age_distribution.2024,baselines/artifacts/satclip/nairobi/nairobi_SatCLIP_ViT16_L40_taskgrid_age_distribution_d256__fcb6ca43fd.tif,raster,"{""name"": ""SatCLIP"", ""path"": ""baselines/artifacts/satclip/nairobi/nairobi_SatCLIP_ViT16_L40_taskgrid_age_distribution_d256__fcb6ca43fd.tif"", ""type"": ""raster""}",coordinate_encoder_task_specific_raster,direct SatCLIP inference at the target task raster pixel centers,True,False,False,baselines/artifacts/satclip/nairobi/nairobi_SatCLIP_ViT16_L40_taskgrid_age_distribution_d256__fcb6ca43fd.tif,full
satclip,SatCLIP,nairobi,gdp,nairobi.gdp.2024,baselines/artifacts/satclip/nairobi/nairobi_SatCLIP_ViT16_L40_taskgrid_gdp_d256__111cbe40a5.tif,raster,"{""name"": ""SatCLIP"", ""path"": ""baselines/artifacts/satclip/nairobi/nairobi_SatCLIP_ViT16_L40_taskgrid_gdp_d256__111cbe40a5.tif"", ""type"": ""raster""}",coordinate_encoder_task_specific_raster,direct SatCLIP inference at the target task raster pixel centers,True,False,False,baselines/artifacts/satclip/nairobi/nairobi_SatCLIP_ViT16_L40_taskgrid_gdp_d256__111cbe40a5.tif,full
satclip,SatCLIP,nairobi,nightlight,nairobi.nightlight.2024,baselines/artifacts/satclip/nairobi/nairobi_SatCLIP_ViT16_L40_taskgrid_nightlight_d256__49c4b7973c.tif,raster,"{""name"": ""SatCLIP"", ""path"": ""baselines/artifacts/satclip/nairobi/nairobi_SatCLIP_ViT16_L40_taskgrid_nightlight_d256__49c4b7973c.tif"", ""type"": ""raster""}",coordinate_encoder_task_specific_raster,direct SatCLIP inference at nighttime-light task raster pixel centers,True,False,False,baselines/artifacts/satclip/nairobi/nairobi_SatCLIP_ViT16_L40_taskgrid_nightlight_d256__49c4b7973c.tif,full
satclip,SatCLIP,nairobi,pm25,nairobi.pm25.2022,baselines/artifacts/satclip/nairobi/nairobi_SatCLIP_ViT16_L40_taskgrid_pm25_d256__ef28e8762d.tif,raster,"{""name"": ""SatCLIP"", ""path"": ""baselines/artifacts/satclip/nairobi/nairobi_SatCLIP_ViT16_L40_taskgrid_pm25_d256__ef28e8762d.tif"", ""type"": ""raster""}",coordinate_encoder_task_specific_raster,direct SatCLIP inference at the target task raster pixel centers,True,False,False,baselines/artifacts/satclip/nairobi/nairobi_SatCLIP_ViT16_L40_taskgrid_pm25_d256__ef28e8762d.tif,full
satclip,SatCLIP,nairobi,lst_day_mean,nairobi.lst_day_mean.2024,baselines/artifacts/satclip/nairobi/nairobi_SatCLIP_ViT16_L40_taskgrid_lst_day_mean_d256__0e7997f720.tif,raster,"{""name"": ""SatCLIP"", ""path"": ""baselines/artifacts/satclip/nairobi/nairobi_SatCLIP_ViT16_L40_taskgrid_lst_day_mean_d256__0e7997f720.tif"", ""type"": ""raster""}",coordinate_encoder_task_specific_raster,direct SatCLIP inference at the target task raster pixel centers,True,False,False,baselines/artifacts/satclip/nairobi/nairobi_SatCLIP_ViT16_L40_taskgrid_lst_day_mean_d256__0e7997f720.tif,full
satclip,SatCLIP,jakarta,landuse,jakarta.landuse.2026,baselines/artifacts/satclip/jakarta/jakarta_SatCLIP_ViT16_L40_landuse_points_d256__7c8dd9a5b7.parquet,point_table,"{""crs"": ""EPSG:4326"", ""name"": ""SatCLIP"", ""path"": ""baselines/artifacts/satclip/jakarta/jakarta_SatCLIP_ViT16_L40_landuse_points_d256__7c8dd9a5b7.parquet"", ""point_id_col"": ""sample_id"", ""task_point_id_col"": ""sample_id"", ""type"": ""point_table"", ""x_col"": ""x"", ""y_col"": ""y""}",landuse_point_coordinate_encoder_table,land-use sample_id looked up in a point table generated by direct SatCLIP inference at each land-use point coordinate,True,False,False,baselines/artifacts/satclip/jakarta/jakarta_SatCLIP_ViT16_L40_landuse_points_d256__7c8dd9a5b7.parquet,full
satclip,SatCLIP,jakarta,road_density,jakarta.road_density.2026,baselines/artifacts/satclip/jakarta/jakarta_SatCLIP_ViT16_L40_taskgrid_road_density_d256__535b107834.tif,raster,"{""name"": ""SatCLIP"", ""path"": ""baselines/artifacts/satclip/jakarta/jakarta_SatCLIP_ViT16_L40_taskgrid_road_density_d256__535b107834.tif"", ""type"": ""raster""}",coordinate_encoder_task_specific_raster,direct SatCLIP inference at the target task raster pixel centers,True,False,False,baselines/artifacts/satclip/jakarta/jakarta_SatCLIP_ViT16_L40_taskgrid_road_density_d256__535b107834.tif,full
satclip,SatCLIP,jakarta,population,jakarta.population.2024,baselines/artifacts/satclip/jakarta/jakarta_SatCLIP_ViT16_L40_taskgrid_population_d256__7120755ffd.tif,raster,"{""name"": ""SatCLIP"", ""path"": ""baselines/artifacts/satclip/jakarta/jakarta_SatCLIP_ViT16_L40_taskgrid_population_d256__7120755ffd.tif"", ""type"": ""raster""}",coordinate_encoder_task_specific_raster,direct SatCLIP inference at the target task raster pixel centers,True,False,True,baselines/artifacts/satclip/jakarta/jakarta_SatCLIP_ViT16_L40_taskgrid_population_d256__7120755ffd.tif,full
satclip,SatCLIP,jakarta,age_distribution,jakarta.age_distribution.2024,baselines/artifacts/satclip/jakarta/jakarta_SatCLIP_ViT16_L40_taskgrid_age_distribution_d256__326f077f1e.tif,raster,"{""name"": ""SatCLIP"", ""path"": ""baselines/artifacts/satclip/jakarta/jakarta_SatCLIP_ViT16_L40_taskgrid_age_distribution_d256__326f077f1e.tif"", ""type"": ""raster""}",coordinate_encoder_task_specific_raster,direct SatCLIP inference at the target task raster pixel centers,True,False,False,baselines/artifacts/satclip/jakarta/jakarta_SatCLIP_ViT16_L40_taskgrid_age_distribution_d256__326f077f1e.tif,full
satclip,SatCLIP,jakarta,gdp,jakarta.gdp.2024,baselines/artifacts/satclip/jakarta/jakarta_SatCLIP_ViT16_L40_taskgrid_gdp_d256__208f33f121.tif,raster,"{""name"": ""SatCLIP"", ""path"": ""baselines/artifacts/satclip/jakarta/jakarta_SatCLIP_ViT16_L40_taskgrid_gdp_d256__208f33f121.tif"", ""type"": ""raster""}",coordinate_encoder_task_specific_raster,direct SatCLIP inference at the target task raster pixel centers,True,False,False,baselines/artifacts/satclip/jakarta/jakarta_SatCLIP_ViT16_L40_taskgrid_gdp_d256__208f33f121.tif,full
satclip,SatCLIP,jakarta,nightlight,jakarta.nightlight.2024,baselines/artifacts/satclip/jakarta/jakarta_SatCLIP_ViT16_L40_taskgrid_nightlight_d256__933976bc35.tif,raster,"{""name"": ""SatCLIP"", ""path"": ""baselines/artifacts/satclip/jakarta/jakarta_SatCLIP_ViT16_L40_taskgrid_nightlight_d256__933976bc35.tif"", ""type"": ""raster""}",coordinate_encoder_task_specific_raster,direct SatCLIP inference at nighttime-light task raster pixel centers,True,False,False,baselines/artifacts/satclip/jakarta/jakarta_SatCLIP_ViT16_L40_taskgrid_nightlight_d256__933976bc35.tif,full
satclip,SatCLIP,jakarta,pm25,jakarta.pm25.2022,baselines/artifacts/satclip/jakarta/jakarta_SatCLIP_ViT16_L40_taskgrid_pm25_d256__5d7830d54c.tif,raster,"{""name"": ""SatCLIP"", ""path"": ""baselines/artifacts/satclip/jakarta/jakarta_SatCLIP_ViT16_L40_taskgrid_pm25_d256__5d7830d54c.tif"", ""type"": ""raster""}",coordinate_encoder_task_specific_raster,direct SatCLIP inference at the target task raster pixel centers,True,False,False,baselines/artifacts/satclip/jakarta/jakarta_SatCLIP_ViT16_L40_taskgrid_pm25_d256__5d7830d54c.tif,full
satclip,SatCLIP,jakarta,lst_day_mean,jakarta.lst_day_mean.2024,baselines/artifacts/satclip/jakarta/jakarta_SatCLIP_ViT16_L40_taskgrid_lst_day_mean_d256__cc11114f7c.tif,raster,"{""name"": ""SatCLIP"", ""path"": ""baselines/artifacts/satclip/jakarta/jakarta_SatCLIP_ViT16_L40_taskgrid_lst_day_mean_d256__cc11114f7c.tif"", ""type"": ""raster""}",coordinate_encoder_task_specific_raster,direct SatCLIP inference at the target task raster pixel centers,True,False,False,baselines/artifacts/satclip/jakarta/jakarta_SatCLIP_ViT16_L40_taskgrid_lst_day_mean_d256__cc11114f7c.tif,full
satclip,SatCLIP,cape_town,landuse,cape_town.landuse.2026,baselines/artifacts/satclip/cape_town/cape_town_SatCLIP_ViT16_L40_landuse_points_d256__de376d77bf.parquet,point_table,"{""crs"": ""EPSG:4326"", ""name"": ""SatCLIP"", ""path"": ""baselines/artifacts/satclip/cape_town/cape_town_SatCLIP_ViT16_L40_landuse_points_d256__de376d77bf.parquet"", ""point_id_col"": ""sample_id"", ""task_point_id_col"": ""sample_id"", ""type"": ""point_table"", ""x_col"": ""x"", ""y_col"": ""y""}",landuse_point_coordinate_encoder_table,land-use sample_id looked up in a point table generated by direct SatCLIP inference at each land-use point coordinate,True,False,False,baselines/artifacts/satclip/cape_town/cape_town_SatCLIP_ViT16_L40_landuse_points_d256__de376d77bf.parquet,full
satclip,SatCLIP,cape_town,road_density,cape_town.road_density.2026,baselines/artifacts/satclip/cape_town/cape_town_SatCLIP_ViT16_L40_taskgrid_road_density_d256__e2e2327bed.tif,raster,"{""name"": ""SatCLIP"", ""path"": ""baselines/artifacts/satclip/cape_town/cape_town_SatCLIP_ViT16_L40_taskgrid_road_density_d256__e2e2327bed.tif"", ""type"": ""raster""}",coordinate_encoder_task_specific_raster,direct SatCLIP inference at the target task raster pixel centers,True,False,False,baselines/artifacts/satclip/cape_town/cape_town_SatCLIP_ViT16_L40_taskgrid_road_density_d256__e2e2327bed.tif,full
satclip,SatCLIP,cape_town,population,cape_town.population.2024,baselines/artifacts/satclip/cape_town/cape_town_SatCLIP_ViT16_L40_taskgrid_population_d256__a14c262f4c.tif,raster,"{""name"": ""SatCLIP"", ""path"": ""baselines/artifacts/satclip/cape_town/cape_town_SatCLIP_ViT16_L40_taskgrid_population_d256__a14c262f4c.tif"", ""type"": ""raster""}",coordinate_encoder_task_specific_raster,direct SatCLIP inference at the target task raster pixel centers,True,False,True,baselines/artifacts/satclip/cape_town/cape_town_SatCLIP_ViT16_L40_taskgrid_population_d256__a14c262f4c.tif,full
satclip,SatCLIP,cape_town,age_distribution,cape_town.age_distribution.2024,baselines/artifacts/satclip/cape_town/cape_town_SatCLIP_ViT16_L40_taskgrid_age_distribution_d256__506aafbda5.tif,raster,"{""name"": ""SatCLIP"", ""path"": ""baselines/artifacts/satclip/cape_town/cape_town_SatCLIP_ViT16_L40_taskgrid_age_distribution_d256__506aafbda5.tif"", ""type"": ""raster""}",coordinate_encoder_task_specific_raster,direct SatCLIP inference at the target task raster pixel centers,True,False,False,baselines/artifacts/satclip/cape_town/cape_town_SatCLIP_ViT16_L40_taskgrid_age_distribution_d256__506aafbda5.tif,full
satclip,SatCLIP,cape_town,gdp,cape_town.gdp.2024,baselines/artifacts/satclip/cape_town/cape_town_SatCLIP_ViT16_L40_taskgrid_gdp_d256__98d6de4eeb.tif,raster,"{""name"": ""SatCLIP"", ""path"": ""baselines/artifacts/satclip/cape_town/cape_town_SatCLIP_ViT16_L40_taskgrid_gdp_d256__98d6de4eeb.tif"", ""type"": ""raster""}",coordinate_encoder_task_specific_raster,direct SatCLIP inference at the target task raster pixel centers,True,False,False,baselines/artifacts/satclip/cape_town/cape_town_SatCLIP_ViT16_L40_taskgrid_gdp_d256__98d6de4eeb.tif,full
satclip,SatCLIP,cape_town,nightlight,cape_town.nightlight.2024,baselines/artifacts/satclip/cape_town/cape_town_SatCLIP_ViT16_L40_taskgrid_nightlight_d256__55310b240f.tif,raster,"{""name"": ""SatCLIP"", ""path"": ""baselines/artifacts/satclip/cape_town/cape_town_SatCLIP_ViT16_L40_taskgrid_nightlight_d256__55310b240f.tif"", ""type"": ""raster""}",coordinate_encoder_task_specific_raster,direct SatCLIP inference at nighttime-light task raster pixel centers,True,False,False,baselines/artifacts/satclip/cape_town/cape_town_SatCLIP_ViT16_L40_taskgrid_nightlight_d256__55310b240f.tif,full
satclip,SatCLIP,cape_town,pm25,cape_town.pm25.2022,baselines/artifacts/satclip/cape_town/cape_town_SatCLIP_ViT16_L40_taskgrid_pm25_d256__6539f91bba.tif,raster,"{""name"": ""SatCLIP"", ""path"": ""baselines/artifacts/satclip/cape_town/cape_town_SatCLIP_ViT16_L40_taskgrid_pm25_d256__6539f91bba.tif"", ""type"": ""raster""}",coordinate_encoder_task_specific_raster,direct SatCLIP inference at the target task raster pixel centers,True,False,False,baselines/artifacts/satclip/cape_town/cape_town_SatCLIP_ViT16_L40_taskgrid_pm25_d256__6539f91bba.tif,full
satclip,SatCLIP,cape_town,lst_day_mean,cape_town.lst_day_mean.2024,baselines/artifacts/satclip/cape_town/cape_town_SatCLIP_ViT16_L40_taskgrid_lst_day_mean_d256__7e3c0803e2.tif,raster,"{""name"": ""SatCLIP"", ""path"": ""baselines/artifacts/satclip/cape_town/cape_town_SatCLIP_ViT16_L40_taskgrid_lst_day_mean_d256__7e3c0803e2.tif"", ""type"": ""raster""}",coordinate_encoder_task_specific_raster,direct SatCLIP inference at the target task raster pixel centers,True,False,False,baselines/artifacts/satclip/cape_town/cape_town_SatCLIP_ViT16_L40_taskgrid_lst_day_mean_d256__7e3c0803e2.tif,full
tessera,TESSERA,london,landuse,london.landuse.2026,baselines/artifacts/tessera/london/london_TESSERA_2024_referencegrid_d128__e7d2f0d884.tif,raster,"{""name"": ""TESSERA"", ""path"": ""baselines/artifacts/tessera/london/london_TESSERA_2024_referencegrid_d128__e7d2f0d884.tif"", ""type"": ""raster""}",native_tessera_reference_raster,Not released for public evaluation: the London payload is a synthetic schema demo and has no corresponding benchmark embeddings.,False,False,False,baselines/artifacts/tessera/london/london_TESSERA_2024_referencegrid_d128__e7d2f0d884.tif,synthetic_demo_only_no_embedding
tessera,TESSERA,london,road_density,london.road_density.2026,baselines/artifacts/tessera/london/london_TESSERA_2024_taskgrid_road_density_d128__ec0951fc32.tif,raster,"{""name"": ""TESSERA"", ""path"": ""baselines/artifacts/tessera/london/london_TESSERA_2024_taskgrid_road_density_d128__ec0951fc32.tif"", ""type"": ""raster""}",task_specific_raster,task samples use row/col when the label raster and embedding raster grids match; otherwise area-mean alignment to the registered raster task grid is used,True,False,False,baselines/artifacts/tessera/london/london_TESSERA_2024_taskgrid_road_density_d128__ec0951fc32.tif,full
tessera,TESSERA,london,population,london.population.2024,baselines/artifacts/tessera/london/london_TESSERA_2024_taskgrid_population_d128__de6b83fa34.tif,raster,"{""name"": ""TESSERA"", ""path"": ""baselines/artifacts/tessera/london/london_TESSERA_2024_taskgrid_population_d128__de6b83fa34.tif"", ""type"": ""raster""}",task_specific_raster,task samples use row/col when the label raster and embedding raster grids match; otherwise area-mean alignment to the registered raster task grid is used,True,False,True,baselines/artifacts/tessera/london/london_TESSERA_2024_taskgrid_population_d128__de6b83fa34.tif,full
tessera,TESSERA,london,age_distribution,london.age_distribution.2024,baselines/artifacts/tessera/london/london_TESSERA_2024_taskgrid_age_distribution_d128__caba74dc54.tif,raster,"{""name"": ""TESSERA"", ""path"": ""baselines/artifacts/tessera/london/london_TESSERA_2024_taskgrid_age_distribution_d128__caba74dc54.tif"", ""type"": ""raster""}",task_specific_raster,task samples use row/col when the label raster and embedding raster grids match; otherwise area-mean alignment to the registered raster task grid is used,True,False,False,baselines/artifacts/tessera/london/london_TESSERA_2024_taskgrid_age_distribution_d128__caba74dc54.tif,full
tessera,TESSERA,london,gdp,london.gdp.2024,baselines/artifacts/tessera/london/london_TESSERA_2024_taskgrid_gdp_d128__e766a69dd3.tif,raster,"{""name"": ""TESSERA"", ""path"": ""baselines/artifacts/tessera/london/london_TESSERA_2024_taskgrid_gdp_d128__e766a69dd3.tif"", ""type"": ""raster""}",task_specific_raster,task samples use row/col when the label raster and embedding raster grids match; otherwise area-mean alignment to the registered raster task grid is used,True,False,False,baselines/artifacts/tessera/london/london_TESSERA_2024_taskgrid_gdp_d128__e766a69dd3.tif,full
tessera,TESSERA,london,nightlight,london.nightlight.2024,baselines/artifacts/tessera/london/london_TESSERA_2024_taskgrid_nightlight_d128__66a31be75a.tif,raster,"{""name"": ""TESSERA"", ""path"": ""baselines/artifacts/tessera/london/london_TESSERA_2024_taskgrid_nightlight_d128__66a31be75a.tif"", ""type"": ""raster""}",task_specific_raster,task samples use row/col when the nighttime-light label raster and TESSERA task-grid raster match; otherwise area-mean alignment to the registered raster task grid is used,True,False,False,baselines/artifacts/tessera/london/london_TESSERA_2024_taskgrid_nightlight_d128__66a31be75a.tif,full
tessera,TESSERA,london,pm25,london.pm25.2022,baselines/artifacts/tessera/london/london_TESSERA_2024_taskgrid_pm25_d128__27b3d0ad7e.tif,raster,"{""name"": ""TESSERA"", ""path"": ""baselines/artifacts/tessera/london/london_TESSERA_2024_taskgrid_pm25_d128__27b3d0ad7e.tif"", ""type"": ""raster""}",task_specific_raster,task samples use row/col when the label raster and embedding raster grids match; otherwise area-mean alignment to the registered raster task grid is used,True,False,False,baselines/artifacts/tessera/london/london_TESSERA_2024_taskgrid_pm25_d128__27b3d0ad7e.tif,full
tessera,TESSERA,london,lst_day_mean,london.lst_day_mean.2024,baselines/artifacts/tessera/london/london_TESSERA_2024_taskgrid_lst_day_mean_d128__0c4488de03.tif,raster,"{""name"": ""TESSERA"", ""path"": ""baselines/artifacts/tessera/london/london_TESSERA_2024_taskgrid_lst_day_mean_d128__0c4488de03.tif"", ""type"": ""raster""}",task_specific_raster,task samples use row/col when the label raster and embedding raster grids match; otherwise area-mean alignment to the registered raster task grid is used,True,False,False,baselines/artifacts/tessera/london/london_TESSERA_2024_taskgrid_lst_day_mean_d128__0c4488de03.tif,full
tessera,TESSERA,new_york,landuse,new_york.landuse.2026,baselines/artifacts/tessera/new_york/new_york_TESSERA_2024_referencegrid_d128__8d168fc844.tif,raster,"{""name"": ""TESSERA"", ""path"": ""baselines/artifacts/tessera/new_york/new_york_TESSERA_2024_referencegrid_d128__8d168fc844.tif"", ""type"": ""raster""}",native_tessera_reference_raster,land-use point samples are sampled by coordinate from the model support raster,True,False,False,baselines/artifacts/tessera/new_york/new_york_TESSERA_2024_referencegrid_d128__8d168fc844.tif,full
tessera,TESSERA,new_york,road_density,new_york.road_density.2026,baselines/artifacts/tessera/new_york/new_york_TESSERA_2024_taskgrid_road_density_d128__d32d01e9ca.tif,raster,"{""name"": ""TESSERA"", ""path"": ""baselines/artifacts/tessera/new_york/new_york_TESSERA_2024_taskgrid_road_density_d128__d32d01e9ca.tif"", ""type"": ""raster""}",task_specific_raster,task samples use row/col when the label raster and embedding raster grids match; otherwise area-mean alignment to the registered raster task grid is used,True,False,False,baselines/artifacts/tessera/new_york/new_york_TESSERA_2024_taskgrid_road_density_d128__d32d01e9ca.tif,full
tessera,TESSERA,new_york,population,new_york.population.2024,baselines/artifacts/tessera/new_york/new_york_TESSERA_2024_taskgrid_population_d128__07223400fd.tif,raster,"{""name"": ""TESSERA"", ""path"": ""baselines/artifacts/tessera/new_york/new_york_TESSERA_2024_taskgrid_population_d128__07223400fd.tif"", ""type"": ""raster""}",task_specific_raster,task samples use row/col when the label raster and embedding raster grids match; otherwise area-mean alignment to the registered raster task grid is used,True,False,True,baselines/artifacts/tessera/new_york/new_york_TESSERA_2024_taskgrid_population_d128__07223400fd.tif,full
tessera,TESSERA,new_york,age_distribution,new_york.age_distribution.2024,baselines/artifacts/tessera/new_york/new_york_TESSERA_2024_taskgrid_age_distribution_d128__a08067c140.tif,raster,"{""name"": ""TESSERA"", ""path"": ""baselines/artifacts/tessera/new_york/new_york_TESSERA_2024_taskgrid_age_distribution_d128__a08067c140.tif"", ""type"": ""raster""}",task_specific_raster,task samples use row/col when the label raster and embedding raster grids match; otherwise area-mean alignment to the registered raster task grid is used,True,False,False,baselines/artifacts/tessera/new_york/new_york_TESSERA_2024_taskgrid_age_distribution_d128__a08067c140.tif,full
tessera,TESSERA,new_york,gdp,new_york.gdp.2024,baselines/artifacts/tessera/new_york/new_york_TESSERA_2024_taskgrid_gdp_d128__e97adef5bb.tif,raster,"{""name"": ""TESSERA"", ""path"": ""baselines/artifacts/tessera/new_york/new_york_TESSERA_2024_taskgrid_gdp_d128__e97adef5bb.tif"", ""type"": ""raster""}",task_specific_raster,task samples use row/col when the label raster and embedding raster grids match; otherwise area-mean alignment to the registered raster task grid is used,True,False,False,baselines/artifacts/tessera/new_york/new_york_TESSERA_2024_taskgrid_gdp_d128__e97adef5bb.tif,full
tessera,TESSERA,new_york,nightlight,new_york.nightlight.2024,baselines/artifacts/tessera/new_york/new_york_TESSERA_2024_taskgrid_nightlight_d128__af4ad2f605.tif,raster,"{""name"": ""TESSERA"", ""path"": ""baselines/artifacts/tessera/new_york/new_york_TESSERA_2024_taskgrid_nightlight_d128__af4ad2f605.tif"", ""type"": ""raster""}",task_specific_raster,task samples use row/col when the nighttime-light label raster and TESSERA task-grid raster match; otherwise area-mean alignment to the registered raster task grid is used,True,False,False,baselines/artifacts/tessera/new_york/new_york_TESSERA_2024_taskgrid_nightlight_d128__af4ad2f605.tif,full
tessera,TESSERA,new_york,pm25,new_york.pm25.2022,baselines/artifacts/tessera/new_york/new_york_TESSERA_2024_taskgrid_pm25_d128__596e94cb1e.tif,raster,"{""name"": ""TESSERA"", ""path"": ""baselines/artifacts/tessera/new_york/new_york_TESSERA_2024_taskgrid_pm25_d128__596e94cb1e.tif"", ""type"": ""raster""}",task_specific_raster,task samples use row/col when the label raster and embedding raster grids match; otherwise area-mean alignment to the registered raster task grid is used,True,False,False,baselines/artifacts/tessera/new_york/new_york_TESSERA_2024_taskgrid_pm25_d128__596e94cb1e.tif,full
tessera,TESSERA,new_york,lst_day_mean,new_york.lst_day_mean.2024,baselines/artifacts/tessera/new_york/new_york_TESSERA_2024_taskgrid_lst_day_mean_d128__139557a473.tif,raster,"{""name"": ""TESSERA"", ""path"": ""baselines/artifacts/tessera/new_york/new_york_TESSERA_2024_taskgrid_lst_day_mean_d128__139557a473.tif"", ""type"": ""raster""}",task_specific_raster,task samples use row/col when the label raster and embedding raster grids match; otherwise area-mean alignment to the registered raster task grid is used,True,False,False,baselines/artifacts/tessera/new_york/new_york_TESSERA_2024_taskgrid_lst_day_mean_d128__139557a473.tif,full
tessera,TESSERA,singapore,landuse,singapore.landuse.2026,baselines/artifacts/tessera/singapore/singapore_TESSERA_2024_referencegrid_d128__3ec1d6f632.tif,raster,"{""name"": ""TESSERA"", ""path"": ""baselines/artifacts/tessera/singapore/singapore_TESSERA_2024_referencegrid_d128__3ec1d6f632.tif"", ""type"": ""raster""}",native_tessera_reference_raster,land-use point samples are sampled by coordinate from the model support raster,True,False,False,baselines/artifacts/tessera/singapore/singapore_TESSERA_2024_referencegrid_d128__3ec1d6f632.tif,full
tessera,TESSERA,singapore,road_density,singapore.road_density.2026,baselines/artifacts/tessera/singapore/singapore_TESSERA_2024_taskgrid_road_density_d128__e1ffb505f9.tif,raster,"{""name"": ""TESSERA"", ""path"": ""baselines/artifacts/tessera/singapore/singapore_TESSERA_2024_taskgrid_road_density_d128__e1ffb505f9.tif"", ""type"": ""raster""}",task_specific_raster,task samples use row/col when the label raster and embedding raster grids match; otherwise area-mean alignment to the registered raster task grid is used,True,False,False,baselines/artifacts/tessera/singapore/singapore_TESSERA_2024_taskgrid_road_density_d128__e1ffb505f9.tif,full
tessera,TESSERA,singapore,population,singapore.population.2024,baselines/artifacts/tessera/singapore/singapore_TESSERA_2024_taskgrid_population_d128__810648044f.tif,raster,"{""name"": ""TESSERA"", ""path"": ""baselines/artifacts/tessera/singapore/singapore_TESSERA_2024_taskgrid_population_d128__810648044f.tif"", ""type"": ""raster""}",task_specific_raster,task samples use row/col when the label raster and embedding raster grids match; otherwise area-mean alignment to the registered raster task grid is used,True,False,True,baselines/artifacts/tessera/singapore/singapore_TESSERA_2024_taskgrid_population_d128__810648044f.tif,full
tessera,TESSERA,singapore,age_distribution,singapore.age_distribution.2024,baselines/artifacts/tessera/singapore/singapore_TESSERA_2024_taskgrid_age_distribution_d128__17b5a3916c.tif,raster,"{""name"": ""TESSERA"", ""path"": ""baselines/artifacts/tessera/singapore/singapore_TESSERA_2024_taskgrid_age_distribution_d128__17b5a3916c.tif"", ""type"": ""raster""}",task_specific_raster,task samples use row/col when the label raster and embedding raster grids match; otherwise area-mean alignment to the registered raster task grid is used,True,False,False,baselines/artifacts/tessera/singapore/singapore_TESSERA_2024_taskgrid_age_distribution_d128__17b5a3916c.tif,full
tessera,TESSERA,singapore,gdp,singapore.gdp.2024,baselines/artifacts/tessera/singapore/singapore_TESSERA_2024_taskgrid_gdp_d128__781c2764d7.tif,raster,"{""name"": ""TESSERA"", ""path"": ""baselines/artifacts/tessera/singapore/singapore_TESSERA_2024_taskgrid_gdp_d128__781c2764d7.tif"", ""type"": ""raster""}",task_specific_raster,task samples use row/col when the label raster and embedding raster grids match; otherwise area-mean alignment to the registered raster task grid is used,True,False,False,baselines/artifacts/tessera/singapore/singapore_TESSERA_2024_taskgrid_gdp_d128__781c2764d7.tif,full
tessera,TESSERA,singapore,nightlight,singapore.nightlight.2024,baselines/artifacts/tessera/singapore/singapore_TESSERA_2024_taskgrid_nightlight_d128__b5a88056c2.tif,raster,"{""name"": ""TESSERA"", ""path"": ""baselines/artifacts/tessera/singapore/singapore_TESSERA_2024_taskgrid_nightlight_d128__b5a88056c2.tif"", ""type"": ""raster""}",task_specific_raster,task samples use row/col when the nighttime-light label raster and TESSERA task-grid raster match; otherwise area-mean alignment to the registered raster task grid is used,True,False,False,baselines/artifacts/tessera/singapore/singapore_TESSERA_2024_taskgrid_nightlight_d128__b5a88056c2.tif,full
tessera,TESSERA,singapore,pm25,singapore.pm25.2022,baselines/artifacts/tessera/singapore/singapore_TESSERA_2024_taskgrid_pm25_d128__3195c7df50.tif,raster,"{""name"": ""TESSERA"", ""path"": ""baselines/artifacts/tessera/singapore/singapore_TESSERA_2024_taskgrid_pm25_d128__3195c7df50.tif"", ""type"": ""raster""}",task_specific_raster,task samples use row/col when the label raster and embedding raster grids match; otherwise area-mean alignment to the registered raster task grid is used,True,False,False,baselines/artifacts/tessera/singapore/singapore_TESSERA_2024_taskgrid_pm25_d128__3195c7df50.tif,full
tessera,TESSERA,singapore,lst_day_mean,singapore.lst_day_mean.2024,baselines/artifacts/tessera/singapore/singapore_TESSERA_2024_taskgrid_lst_day_mean_d128__f2c6643ed1.tif,raster,"{""name"": ""TESSERA"", ""path"": ""baselines/artifacts/tessera/singapore/singapore_TESSERA_2024_taskgrid_lst_day_mean_d128__f2c6643ed1.tif"", ""type"": ""raster""}",task_specific_raster,task samples use row/col when the label raster and embedding raster grids match; otherwise area-mean alignment to the registered raster task grid is used,True,False,False,baselines/artifacts/tessera/singapore/singapore_TESSERA_2024_taskgrid_lst_day_mean_d128__f2c6643ed1.tif,full
tessera,TESSERA,sydney,landuse,sydney.landuse.2026,baselines/artifacts/tessera/sydney/sydney_TESSERA_2024_referencegrid_d128__601e1429b3.tif,raster,"{""name"": ""TESSERA"", ""path"": ""baselines/artifacts/tessera/sydney/sydney_TESSERA_2024_referencegrid_d128__601e1429b3.tif"", ""type"": ""raster""}",native_tessera_reference_raster,land-use point samples are sampled by coordinate from the model support raster,True,False,False,baselines/artifacts/tessera/sydney/sydney_TESSERA_2024_referencegrid_d128__601e1429b3.tif,full
tessera,TESSERA,sydney,road_density,sydney.road_density.2026,baselines/artifacts/tessera/sydney/sydney_TESSERA_2024_taskgrid_road_density_d128__1ed51a4db1.tif,raster,"{""name"": ""TESSERA"", ""path"": ""baselines/artifacts/tessera/sydney/sydney_TESSERA_2024_taskgrid_road_density_d128__1ed51a4db1.tif"", ""type"": ""raster""}",task_specific_raster,task samples use row/col when the label raster and embedding raster grids match; otherwise area-mean alignment to the registered raster task grid is used,True,False,False,baselines/artifacts/tessera/sydney/sydney_TESSERA_2024_taskgrid_road_density_d128__1ed51a4db1.tif,full
tessera,TESSERA,sydney,population,sydney.population.2024,baselines/artifacts/tessera/sydney/sydney_TESSERA_2024_taskgrid_population_d128__3c79dedf47.tif,raster,"{""name"": ""TESSERA"", ""path"": ""baselines/artifacts/tessera/sydney/sydney_TESSERA_2024_taskgrid_population_d128__3c79dedf47.tif"", ""type"": ""raster""}",task_specific_raster,task samples use row/col when the label raster and embedding raster grids match; otherwise area-mean alignment to the registered raster task grid is used,True,False,True,baselines/artifacts/tessera/sydney/sydney_TESSERA_2024_taskgrid_population_d128__3c79dedf47.tif,full
tessera,TESSERA,sydney,age_distribution,sydney.age_distribution.2024,baselines/artifacts/tessera/sydney/sydney_TESSERA_2024_taskgrid_age_distribution_d128__e24e75da63.tif,raster,"{""name"": ""TESSERA"", ""path"": ""baselines/artifacts/tessera/sydney/sydney_TESSERA_2024_taskgrid_age_distribution_d128__e24e75da63.tif"", ""type"": ""raster""}",task_specific_raster,task samples use row/col when the label raster and embedding raster grids match; otherwise area-mean alignment to the registered raster task grid is used,True,False,False,baselines/artifacts/tessera/sydney/sydney_TESSERA_2024_taskgrid_age_distribution_d128__e24e75da63.tif,full
tessera,TESSERA,sydney,gdp,sydney.gdp.2024,baselines/artifacts/tessera/sydney/sydney_TESSERA_2024_taskgrid_gdp_d128__b64d5b10f0.tif,raster,"{""name"": ""TESSERA"", ""path"": ""baselines/artifacts/tessera/sydney/sydney_TESSERA_2024_taskgrid_gdp_d128__b64d5b10f0.tif"", ""type"": ""raster""}",task_specific_raster,task samples use row/col when the label raster and embedding raster grids match; otherwise area-mean alignment to the registered raster task grid is used,True,False,False,baselines/artifacts/tessera/sydney/sydney_TESSERA_2024_taskgrid_gdp_d128__b64d5b10f0.tif,full
tessera,TESSERA,sydney,nightlight,sydney.nightlight.2024,baselines/artifacts/tessera/sydney/sydney_TESSERA_2024_taskgrid_nightlight_d128__de5f988118.tif,raster,"{""name"": ""TESSERA"", ""path"": ""baselines/artifacts/tessera/sydney/sydney_TESSERA_2024_taskgrid_nightlight_d128__de5f988118.tif"", ""type"": ""raster""}",task_specific_raster,task samples use row/col when the nighttime-light label raster and TESSERA task-grid raster match; otherwise area-mean alignment to the registered raster task grid is used,True,False,False,baselines/artifacts/tessera/sydney/sydney_TESSERA_2024_taskgrid_nightlight_d128__de5f988118.tif,full
tessera,TESSERA,sydney,pm25,sydney.pm25.2022,baselines/artifacts/tessera/sydney/sydney_TESSERA_2024_taskgrid_pm25_d128__051bad8198.tif,raster,"{""name"": ""TESSERA"", ""path"": ""baselines/artifacts/tessera/sydney/sydney_TESSERA_2024_taskgrid_pm25_d128__051bad8198.tif"", ""type"": ""raster""}",task_specific_raster,task samples use row/col when the label raster and embedding raster grids match; otherwise area-mean alignment to the registered raster task grid is used,True,False,False,baselines/artifacts/tessera/sydney/sydney_TESSERA_2024_taskgrid_pm25_d128__051bad8198.tif,full
tessera,TESSERA,sydney,lst_day_mean,sydney.lst_day_mean.2024,baselines/artifacts/tessera/sydney/sydney_TESSERA_2024_taskgrid_lst_day_mean_d128__7492ecf9c3.tif,raster,"{""name"": ""TESSERA"", ""path"": ""baselines/artifacts/tessera/sydney/sydney_TESSERA_2024_taskgrid_lst_day_mean_d128__7492ecf9c3.tif"", ""type"": ""raster""}",task_specific_raster,task samples use row/col when the label raster and embedding raster grids match; otherwise area-mean alignment to the registered raster task grid is used,True,False,False,baselines/artifacts/tessera/sydney/sydney_TESSERA_2024_taskgrid_lst_day_mean_d128__7492ecf9c3.tif,full
tessera,TESSERA,mumbai,landuse,mumbai.landuse.2026,baselines/artifacts/tessera/mumbai/mumbai_TESSERA_2024_referencegrid_d128__1a167a7150.tif,raster,"{""name"": ""TESSERA"", ""path"": ""baselines/artifacts/tessera/mumbai/mumbai_TESSERA_2024_referencegrid_d128__1a167a7150.tif"", ""type"": ""raster""}",native_tessera_reference_raster,land-use point samples are sampled by coordinate from the model support raster,True,False,False,baselines/artifacts/tessera/mumbai/mumbai_TESSERA_2024_referencegrid_d128__1a167a7150.tif,full
tessera,TESSERA,mumbai,road_density,mumbai.road_density.2026,baselines/artifacts/tessera/mumbai/mumbai_TESSERA_2024_taskgrid_road_density_d128__a5f737143f.tif,raster,"{""name"": ""TESSERA"", ""path"": ""baselines/artifacts/tessera/mumbai/mumbai_TESSERA_2024_taskgrid_road_density_d128__a5f737143f.tif"", ""type"": ""raster""}",task_specific_raster,task samples use row/col when the label raster and embedding raster grids match; otherwise area-mean alignment to the registered raster task grid is used,True,False,False,baselines/artifacts/tessera/mumbai/mumbai_TESSERA_2024_taskgrid_road_density_d128__a5f737143f.tif,full
tessera,TESSERA,mumbai,population,mumbai.population.2024,baselines/artifacts/tessera/mumbai/mumbai_TESSERA_2024_taskgrid_population_d128__27e3557af8.tif,raster,"{""name"": ""TESSERA"", ""path"": ""baselines/artifacts/tessera/mumbai/mumbai_TESSERA_2024_taskgrid_population_d128__27e3557af8.tif"", ""type"": ""raster""}",task_specific_raster,task samples use row/col when the label raster and embedding raster grids match; otherwise area-mean alignment to the registered raster task grid is used,True,False,True,baselines/artifacts/tessera/mumbai/mumbai_TESSERA_2024_taskgrid_population_d128__27e3557af8.tif,full
tessera,TESSERA,mumbai,age_distribution,mumbai.age_distribution.2024,baselines/artifacts/tessera/mumbai/mumbai_TESSERA_2024_taskgrid_age_distribution_d128__1271e14ce0.tif,raster,"{""name"": ""TESSERA"", ""path"": ""baselines/artifacts/tessera/mumbai/mumbai_TESSERA_2024_taskgrid_age_distribution_d128__1271e14ce0.tif"", ""type"": ""raster""}",task_specific_raster,task samples use row/col when the label raster and embedding raster grids match; otherwise area-mean alignment to the registered raster task grid is used,True,False,False,baselines/artifacts/tessera/mumbai/mumbai_TESSERA_2024_taskgrid_age_distribution_d128__1271e14ce0.tif,full
tessera,TESSERA,mumbai,gdp,mumbai.gdp.2024,baselines/artifacts/tessera/mumbai/mumbai_TESSERA_2024_taskgrid_gdp_d128__b9cbbf07b7.tif,raster,"{""name"": ""TESSERA"", ""path"": ""baselines/artifacts/tessera/mumbai/mumbai_TESSERA_2024_taskgrid_gdp_d128__b9cbbf07b7.tif"", ""type"": ""raster""}",task_specific_raster,task samples use row/col when the label raster and embedding raster grids match; otherwise area-mean alignment to the registered raster task grid is used,True,False,False,baselines/artifacts/tessera/mumbai/mumbai_TESSERA_2024_taskgrid_gdp_d128__b9cbbf07b7.tif,full
tessera,TESSERA,mumbai,nightlight,mumbai.nightlight.2024,baselines/artifacts/tessera/mumbai/mumbai_TESSERA_2024_taskgrid_nightlight_d128__7f1b72f374.tif,raster,"{""name"": ""TESSERA"", ""path"": ""baselines/artifacts/tessera/mumbai/mumbai_TESSERA_2024_taskgrid_nightlight_d128__7f1b72f374.tif"", ""type"": ""raster""}",task_specific_raster,task samples use row/col when the nighttime-light label raster and TESSERA task-grid raster match; otherwise area-mean alignment to the registered raster task grid is used,True,False,False,baselines/artifacts/tessera/mumbai/mumbai_TESSERA_2024_taskgrid_nightlight_d128__7f1b72f374.tif,full
tessera,TESSERA,mumbai,pm25,mumbai.pm25.2022,baselines/artifacts/tessera/mumbai/mumbai_TESSERA_2024_taskgrid_pm25_d128__c7fe079966.tif,raster,"{""name"": ""TESSERA"", ""path"": ""baselines/artifacts/tessera/mumbai/mumbai_TESSERA_2024_taskgrid_pm25_d128__c7fe079966.tif"", ""type"": ""raster""}",task_specific_raster,task samples use row/col when the label raster and embedding raster grids match; otherwise area-mean alignment to the registered raster task grid is used,True,False,False,baselines/artifacts/tessera/mumbai/mumbai_TESSERA_2024_taskgrid_pm25_d128__c7fe079966.tif,full
tessera,TESSERA,mumbai,lst_day_mean,mumbai.lst_day_mean.2024,baselines/artifacts/tessera/mumbai/mumbai_TESSERA_2024_taskgrid_lst_day_mean_d128__87429e66e2.tif,raster,"{""name"": ""TESSERA"", ""path"": ""baselines/artifacts/tessera/mumbai/mumbai_TESSERA_2024_taskgrid_lst_day_mean_d128__87429e66e2.tif"", ""type"": ""raster""}",task_specific_raster,task samples use row/col when the label raster and embedding raster grids match; otherwise area-mean alignment to the registered raster task grid is used,True,False,False,baselines/artifacts/tessera/mumbai/mumbai_TESSERA_2024_taskgrid_lst_day_mean_d128__87429e66e2.tif,full
tessera,TESSERA,nairobi,landuse,nairobi.landuse.2026,baselines/artifacts/tessera/nairobi/nairobi_TESSERA_2024_referencegrid_d128__36af062957.tif,raster,"{""name"": ""TESSERA"", ""path"": ""baselines/artifacts/tessera/nairobi/nairobi_TESSERA_2024_referencegrid_d128__36af062957.tif"", ""type"": ""raster""}",native_tessera_reference_raster,land-use point samples are sampled by coordinate from the model support raster,True,False,False,baselines/artifacts/tessera/nairobi/nairobi_TESSERA_2024_referencegrid_d128__36af062957.tif,full
tessera,TESSERA,nairobi,road_density,nairobi.road_density.2026,baselines/artifacts/tessera/nairobi/nairobi_TESSERA_2024_taskgrid_road_density_d128__f5c6ec7039.tif,raster,"{""name"": ""TESSERA"", ""path"": ""baselines/artifacts/tessera/nairobi/nairobi_TESSERA_2024_taskgrid_road_density_d128__f5c6ec7039.tif"", ""type"": ""raster""}",task_specific_raster,task samples use row/col when the label raster and embedding raster grids match; otherwise area-mean alignment to the registered raster task grid is used,True,False,False,baselines/artifacts/tessera/nairobi/nairobi_TESSERA_2024_taskgrid_road_density_d128__f5c6ec7039.tif,full
tessera,TESSERA,nairobi,population,nairobi.population.2024,baselines/artifacts/tessera/nairobi/nairobi_TESSERA_2024_taskgrid_population_d128__504dcb8e16.tif,raster,"{""name"": ""TESSERA"", ""path"": ""baselines/artifacts/tessera/nairobi/nairobi_TESSERA_2024_taskgrid_population_d128__504dcb8e16.tif"", ""type"": ""raster""}",task_specific_raster,task samples use row/col when the label raster and embedding raster grids match; otherwise area-mean alignment to the registered raster task grid is used,True,False,True,baselines/artifacts/tessera/nairobi/nairobi_TESSERA_2024_taskgrid_population_d128__504dcb8e16.tif,full
tessera,TESSERA,nairobi,age_distribution,nairobi.age_distribution.2024,baselines/artifacts/tessera/nairobi/nairobi_TESSERA_2024_taskgrid_age_distribution_d128__186d8c0e48.tif,raster,"{""name"": ""TESSERA"", ""path"": ""baselines/artifacts/tessera/nairobi/nairobi_TESSERA_2024_taskgrid_age_distribution_d128__186d8c0e48.tif"", ""type"": ""raster""}",task_specific_raster,task samples use row/col when the label raster and embedding raster grids match; otherwise area-mean alignment to the registered raster task grid is used,True,False,False,baselines/artifacts/tessera/nairobi/nairobi_TESSERA_2024_taskgrid_age_distribution_d128__186d8c0e48.tif,full
tessera,TESSERA,nairobi,gdp,nairobi.gdp.2024,baselines/artifacts/tessera/nairobi/nairobi_TESSERA_2024_taskgrid_gdp_d128__4988cf51d9.tif,raster,"{""name"": ""TESSERA"", ""path"": ""baselines/artifacts/tessera/nairobi/nairobi_TESSERA_2024_taskgrid_gdp_d128__4988cf51d9.tif"", ""type"": ""raster""}",task_specific_raster,task samples use row/col when the label raster and embedding raster grids match; otherwise area-mean alignment to the registered raster task grid is used,True,False,False,baselines/artifacts/tessera/nairobi/nairobi_TESSERA_2024_taskgrid_gdp_d128__4988cf51d9.tif,full
tessera,TESSERA,nairobi,nightlight,nairobi.nightlight.2024,baselines/artifacts/tessera/nairobi/nairobi_TESSERA_2024_taskgrid_nightlight_d128__b5272dcf29.tif,raster,"{""name"": ""TESSERA"", ""path"": ""baselines/artifacts/tessera/nairobi/nairobi_TESSERA_2024_taskgrid_nightlight_d128__b5272dcf29.tif"", ""type"": ""raster""}",task_specific_raster,task samples use row/col when the nighttime-light label raster and TESSERA task-grid raster match; otherwise area-mean alignment to the registered raster task grid is used,True,False,False,baselines/artifacts/tessera/nairobi/nairobi_TESSERA_2024_taskgrid_nightlight_d128__b5272dcf29.tif,full
tessera,TESSERA,nairobi,pm25,nairobi.pm25.2022,baselines/artifacts/tessera/nairobi/nairobi_TESSERA_2024_taskgrid_pm25_d128__408fdd4e6d.tif,raster,"{""name"": ""TESSERA"", ""path"": ""baselines/artifacts/tessera/nairobi/nairobi_TESSERA_2024_taskgrid_pm25_d128__408fdd4e6d.tif"", ""type"": ""raster""}",task_specific_raster,task samples use row/col when the label raster and embedding raster grids match; otherwise area-mean alignment to the registered raster task grid is used,True,False,False,baselines/artifacts/tessera/nairobi/nairobi_TESSERA_2024_taskgrid_pm25_d128__408fdd4e6d.tif,full
tessera,TESSERA,nairobi,lst_day_mean,nairobi.lst_day_mean.2024,baselines/artifacts/tessera/nairobi/nairobi_TESSERA_2024_taskgrid_lst_day_mean_d128__0735a0f86a.tif,raster,"{""name"": ""TESSERA"", ""path"": ""baselines/artifacts/tessera/nairobi/nairobi_TESSERA_2024_taskgrid_lst_day_mean_d128__0735a0f86a.tif"", ""type"": ""raster""}",task_specific_raster,task samples use row/col when the label raster and embedding raster grids match; otherwise area-mean alignment to the registered raster task grid is used,True,False,False,baselines/artifacts/tessera/nairobi/nairobi_TESSERA_2024_taskgrid_lst_day_mean_d128__0735a0f86a.tif,full
tessera,TESSERA,jakarta,landuse,jakarta.landuse.2026,baselines/artifacts/tessera/jakarta/jakarta_TESSERA_2024_referencegrid_d128__d11703b7b5.tif,raster,"{""name"": ""TESSERA"", ""path"": ""baselines/artifacts/tessera/jakarta/jakarta_TESSERA_2024_referencegrid_d128__d11703b7b5.tif"", ""type"": ""raster""}",native_tessera_reference_raster,land-use point samples are sampled by coordinate from the model support raster,True,False,False,baselines/artifacts/tessera/jakarta/jakarta_TESSERA_2024_referencegrid_d128__d11703b7b5.tif,full
tessera,TESSERA,jakarta,road_density,jakarta.road_density.2026,baselines/artifacts/tessera/jakarta/jakarta_TESSERA_2024_taskgrid_road_density_d128__85b4be82d7.tif,raster,"{""name"": ""TESSERA"", ""path"": ""baselines/artifacts/tessera/jakarta/jakarta_TESSERA_2024_taskgrid_road_density_d128__85b4be82d7.tif"", ""type"": ""raster""}",task_specific_raster,task samples use row/col when the label raster and embedding raster grids match; otherwise area-mean alignment to the registered raster task grid is used,True,False,False,baselines/artifacts/tessera/jakarta/jakarta_TESSERA_2024_taskgrid_road_density_d128__85b4be82d7.tif,full
tessera,TESSERA,jakarta,population,jakarta.population.2024,baselines/artifacts/tessera/jakarta/jakarta_TESSERA_2024_taskgrid_population_d128__46310aed4e.tif,raster,"{""name"": ""TESSERA"", ""path"": ""baselines/artifacts/tessera/jakarta/jakarta_TESSERA_2024_taskgrid_population_d128__46310aed4e.tif"", ""type"": ""raster""}",task_specific_raster,task samples use row/col when the label raster and embedding raster grids match; otherwise area-mean alignment to the registered raster task grid is used,True,False,True,baselines/artifacts/tessera/jakarta/jakarta_TESSERA_2024_taskgrid_population_d128__46310aed4e.tif,full
tessera,TESSERA,jakarta,age_distribution,jakarta.age_distribution.2024,baselines/artifacts/tessera/jakarta/jakarta_TESSERA_2024_taskgrid_age_distribution_d128__9feb68f6c4.tif,raster,"{""name"": ""TESSERA"", ""path"": ""baselines/artifacts/tessera/jakarta/jakarta_TESSERA_2024_taskgrid_age_distribution_d128__9feb68f6c4.tif"", ""type"": ""raster""}",task_specific_raster,task samples use row/col when the label raster and embedding raster grids match; otherwise area-mean alignment to the registered raster task grid is used,True,False,False,baselines/artifacts/tessera/jakarta/jakarta_TESSERA_2024_taskgrid_age_distribution_d128__9feb68f6c4.tif,full
tessera,TESSERA,jakarta,gdp,jakarta.gdp.2024,baselines/artifacts/tessera/jakarta/jakarta_TESSERA_2024_taskgrid_gdp_d128__87366a2dea.tif,raster,"{""name"": ""TESSERA"", ""path"": ""baselines/artifacts/tessera/jakarta/jakarta_TESSERA_2024_taskgrid_gdp_d128__87366a2dea.tif"", ""type"": ""raster""}",task_specific_raster,task samples use row/col when the label raster and embedding raster grids match; otherwise area-mean alignment to the registered raster task grid is used,True,False,False,baselines/artifacts/tessera/jakarta/jakarta_TESSERA_2024_taskgrid_gdp_d128__87366a2dea.tif,full
tessera,TESSERA,jakarta,nightlight,jakarta.nightlight.2024,baselines/artifacts/tessera/jakarta/jakarta_TESSERA_2024_taskgrid_nightlight_d128__24f75ebddd.tif,raster,"{""name"": ""TESSERA"", ""path"": ""baselines/artifacts/tessera/jakarta/jakarta_TESSERA_2024_taskgrid_nightlight_d128__24f75ebddd.tif"", ""type"": ""raster""}",task_specific_raster,task samples use row/col when the nighttime-light label raster and TESSERA task-grid raster match; otherwise area-mean alignment to the registered raster task grid is used,True,False,False,baselines/artifacts/tessera/jakarta/jakarta_TESSERA_2024_taskgrid_nightlight_d128__24f75ebddd.tif,full
tessera,TESSERA,jakarta,pm25,jakarta.pm25.2022,baselines/artifacts/tessera/jakarta/jakarta_TESSERA_2024_taskgrid_pm25_d128__ed47f3a5b0.tif,raster,"{""name"": ""TESSERA"", ""path"": ""baselines/artifacts/tessera/jakarta/jakarta_TESSERA_2024_taskgrid_pm25_d128__ed47f3a5b0.tif"", ""type"": ""raster""}",task_specific_raster,task samples use row/col when the label raster and embedding raster grids match; otherwise area-mean alignment to the registered raster task grid is used,True,False,False,baselines/artifacts/tessera/jakarta/jakarta_TESSERA_2024_taskgrid_pm25_d128__ed47f3a5b0.tif,full
tessera,TESSERA,jakarta,lst_day_mean,jakarta.lst_day_mean.2024,baselines/artifacts/tessera/jakarta/jakarta_TESSERA_2024_taskgrid_lst_day_mean_d128__9d5c4fe17e.tif,raster,"{""name"": ""TESSERA"", ""path"": ""baselines/artifacts/tessera/jakarta/jakarta_TESSERA_2024_taskgrid_lst_day_mean_d128__9d5c4fe17e.tif"", ""type"": ""raster""}",task_specific_raster,task samples use row/col when the label raster and embedding raster grids match; otherwise area-mean alignment to the registered raster task grid is used,True,False,False,baselines/artifacts/tessera/jakarta/jakarta_TESSERA_2024_taskgrid_lst_day_mean_d128__9d5c4fe17e.tif,full
tessera,TESSERA,cape_town,landuse,cape_town.landuse.2026,baselines/artifacts/tessera/cape_town/cape_town_TESSERA_2024_referencegrid_d128__b2d094a04e.tif,raster,"{""name"": ""TESSERA"", ""path"": ""baselines/artifacts/tessera/cape_town/cape_town_TESSERA_2024_referencegrid_d128__b2d094a04e.tif"", ""type"": ""raster""}",native_tessera_reference_raster,land-use point samples are sampled by coordinate from the model support raster,True,False,False,baselines/artifacts/tessera/cape_town/cape_town_TESSERA_2024_referencegrid_d128__b2d094a04e.tif,full
tessera,TESSERA,cape_town,road_density,cape_town.road_density.2026,baselines/artifacts/tessera/cape_town/cape_town_TESSERA_2024_taskgrid_road_density_d128__30fcd1e505.tif,raster,"{""name"": ""TESSERA"", ""path"": ""baselines/artifacts/tessera/cape_town/cape_town_TESSERA_2024_taskgrid_road_density_d128__30fcd1e505.tif"", ""type"": ""raster""}",task_specific_raster,task samples use row/col when the label raster and embedding raster grids match; otherwise area-mean alignment to the registered raster task grid is used,True,False,False,baselines/artifacts/tessera/cape_town/cape_town_TESSERA_2024_taskgrid_road_density_d128__30fcd1e505.tif,full
tessera,TESSERA,cape_town,population,cape_town.population.2024,baselines/artifacts/tessera/cape_town/cape_town_TESSERA_2024_taskgrid_population_d128__66f16f46de.tif,raster,"{""name"": ""TESSERA"", ""path"": ""baselines/artifacts/tessera/cape_town/cape_town_TESSERA_2024_taskgrid_population_d128__66f16f46de.tif"", ""type"": ""raster""}",task_specific_raster,task samples use row/col when the label raster and embedding raster grids match; otherwise area-mean alignment to the registered raster task grid is used,True,False,True,baselines/artifacts/tessera/cape_town/cape_town_TESSERA_2024_taskgrid_population_d128__66f16f46de.tif,full
tessera,TESSERA,cape_town,age_distribution,cape_town.age_distribution.2024,baselines/artifacts/tessera/cape_town/cape_town_TESSERA_2024_taskgrid_age_distribution_d128__8546b28d43.tif,raster,"{""name"": ""TESSERA"", ""path"": ""baselines/artifacts/tessera/cape_town/cape_town_TESSERA_2024_taskgrid_age_distribution_d128__8546b28d43.tif"", ""type"": ""raster""}",task_specific_raster,task samples use row/col when the label raster and embedding raster grids match; otherwise area-mean alignment to the registered raster task grid is used,True,False,False,baselines/artifacts/tessera/cape_town/cape_town_TESSERA_2024_taskgrid_age_distribution_d128__8546b28d43.tif,full
tessera,TESSERA,cape_town,gdp,cape_town.gdp.2024,baselines/artifacts/tessera/cape_town/cape_town_TESSERA_2024_taskgrid_gdp_d128__d24c73b458.tif,raster,"{""name"": ""TESSERA"", ""path"": ""baselines/artifacts/tessera/cape_town/cape_town_TESSERA_2024_taskgrid_gdp_d128__d24c73b458.tif"", ""type"": ""raster""}",task_specific_raster,task samples use row/col when the label raster and embedding raster grids match; otherwise area-mean alignment to the registered raster task grid is used,True,False,False,baselines/artifacts/tessera/cape_town/cape_town_TESSERA_2024_taskgrid_gdp_d128__d24c73b458.tif,full
tessera,TESSERA,cape_town,nightlight,cape_town.nightlight.2024,baselines/artifacts/tessera/cape_town/cape_town_TESSERA_2024_taskgrid_nightlight_d128__b2839c0557.tif,raster,"{""name"": ""TESSERA"", ""path"": ""baselines/artifacts/tessera/cape_town/cape_town_TESSERA_2024_taskgrid_nightlight_d128__b2839c0557.tif"", ""type"": ""raster""}",task_specific_raster,task samples use row/col when the nighttime-light label raster and TESSERA task-grid raster match; otherwise area-mean alignment to the registered raster task grid is used,True,False,False,baselines/artifacts/tessera/cape_town/cape_town_TESSERA_2024_taskgrid_nightlight_d128__b2839c0557.tif,full
tessera,TESSERA,cape_town,pm25,cape_town.pm25.2022,baselines/artifacts/tessera/cape_town/cape_town_TESSERA_2024_taskgrid_pm25_d128__edc76473fc.tif,raster,"{""name"": ""TESSERA"", ""path"": ""baselines/artifacts/tessera/cape_town/cape_town_TESSERA_2024_taskgrid_pm25_d128__edc76473fc.tif"", ""type"": ""raster""}",task_specific_raster,task samples use row/col when the label raster and embedding raster grids match; otherwise area-mean alignment to the registered raster task grid is used,True,False,False,baselines/artifacts/tessera/cape_town/cape_town_TESSERA_2024_taskgrid_pm25_d128__edc76473fc.tif,full
tessera,TESSERA,cape_town,lst_day_mean,cape_town.lst_day_mean.2024,baselines/artifacts/tessera/cape_town/cape_town_TESSERA_2024_taskgrid_lst_day_mean_d128__7cb341a20a.tif,raster,"{""name"": ""TESSERA"", ""path"": ""baselines/artifacts/tessera/cape_town/cape_town_TESSERA_2024_taskgrid_lst_day_mean_d128__7cb341a20a.tif"", ""type"": ""raster""}",task_specific_raster,task samples use row/col when the label raster and embedding raster grids match; otherwise area-mean alignment to the registered raster task grid is used,True,False,False,baselines/artifacts/tessera/cape_town/cape_town_TESSERA_2024_taskgrid_lst_day_mean_d128__7cb341a20a.tif,full
alphaearth,AlphaEarth,london,landuse,london.landuse.2026,baselines/artifacts/alphaearth/london/london.landuse.2026_alphaearth_sample_aligned.parquet,entity,"{""crs"": ""EPSG:4326"", ""embedding_dim"": 64, ""entity_id_col"": ""sample_id"", ""name"": ""AlphaEarth"", ""path"": ""baselines/artifacts/alphaearth/london/london.landuse.2026_alphaearth_sample_aligned.parquet"", ""task_entity_id_col"": ""sample_id"", ""type"": ""entity"", ""x_col"": ""x"", ""y_col"": ""y""}",sample_aligned_native_alphaearth_raster_table,Not released for public evaluation: the London payload is a synthetic schema demo and has no corresponding benchmark embeddings.,False,False,False,baselines/artifacts/alphaearth/london/london.landuse.2026_alphaearth_sample_aligned.parquet,synthetic_demo_only_no_embedding
alphaearth,AlphaEarth,london,road_density,london.road_density.2026,baselines/artifacts/alphaearth/london/london_alphaearth_road_density_mean__207189e8b7.tif,raster,"{""name"": ""AlphaEarth"", ""path"": ""baselines/artifacts/alphaearth/london/london_alphaearth_road_density_mean__207189e8b7.tif""}",task_specific_raster,task samples use row/col when the label raster and embedding raster grids match; otherwise area-mean alignment to the registered raster task grid is used,True,False,False,baselines/artifacts/alphaearth/london/london_alphaearth_road_density_mean__207189e8b7.tif,full
alphaearth,AlphaEarth,london,population,london.population.2024,baselines/artifacts/alphaearth/london/london_alphaearth_population_mean__fd56aeb1d6.tif,raster,"{""name"": ""AlphaEarth"", ""path"": ""baselines/artifacts/alphaearth/london/london_alphaearth_population_mean__fd56aeb1d6.tif""}",task_specific_raster,task samples use row/col when the label raster and embedding raster grids match; otherwise area-mean alignment to the registered raster task grid is used,True,False,True,baselines/artifacts/alphaearth/london/london_alphaearth_population_mean__fd56aeb1d6.tif,full
alphaearth,AlphaEarth,london,age_distribution,london.age_distribution.2024,baselines/artifacts/alphaearth/london/london_alphaearth_age_distribution_mean__44473c85ba.tif,raster,"{""name"": ""AlphaEarth"", ""path"": ""baselines/artifacts/alphaearth/london/london_alphaearth_age_distribution_mean__44473c85ba.tif""}",task_specific_raster,task samples use row/col when the label raster and embedding raster grids match; otherwise area-mean alignment to the registered raster task grid is used,True,False,False,baselines/artifacts/alphaearth/london/london_alphaearth_age_distribution_mean__44473c85ba.tif,full
alphaearth,AlphaEarth,london,gdp,london.gdp.2024,baselines/artifacts/alphaearth/london/london_alphaearth_gdp_mean__a9a07caed0.tif,raster,"{""name"": ""AlphaEarth"", ""path"": ""baselines/artifacts/alphaearth/london/london_alphaearth_gdp_mean__a9a07caed0.tif""}",task_specific_raster,task samples use row/col when the label raster and embedding raster grids match; otherwise area-mean alignment to the registered raster task grid is used,True,False,False,baselines/artifacts/alphaearth/london/london_alphaearth_gdp_mean__a9a07caed0.tif,full
alphaearth,AlphaEarth,london,nightlight,london.nightlight.2024,baselines/artifacts/alphaearth/london/london_alphaearth_nightlight_mean__e332a8f8af.tif,raster,"{""name"": ""AlphaEarth"", ""path"": ""baselines/artifacts/alphaearth/london/london_alphaearth_nightlight_mean__e332a8f8af.tif""}",task_specific_raster,task samples use row/col when the nighttime-light label raster and embedding raster grids match; otherwise area-mean alignment to the registered raster task grid is used,True,False,False,baselines/artifacts/alphaearth/london/london_alphaearth_nightlight_mean__e332a8f8af.tif,full
alphaearth,AlphaEarth,london,pm25,london.pm25.2022,baselines/artifacts/alphaearth/london/london_alphaearth_pm25_mean__452f0ddb4e.tif,raster,"{""name"": ""AlphaEarth"", ""path"": ""baselines/artifacts/alphaearth/london/london_alphaearth_pm25_mean__452f0ddb4e.tif""}",task_specific_raster,task samples use row/col when the label raster and embedding raster grids match; otherwise area-mean alignment to the registered raster task grid is used,True,False,False,baselines/artifacts/alphaearth/london/london_alphaearth_pm25_mean__452f0ddb4e.tif,full
alphaearth,AlphaEarth,london,lst_day_mean,london.lst_day_mean.2024,baselines/artifacts/alphaearth/london/london_alphaearth_lst_day_mean_mean__b88dadbdcb.tif,raster,"{""name"": ""AlphaEarth"", ""path"": ""baselines/artifacts/alphaearth/london/london_alphaearth_lst_day_mean_mean__b88dadbdcb.tif""}",task_specific_raster,task samples use row/col when the label raster and embedding raster grids match; otherwise area-mean alignment to the registered raster task grid is used,True,False,False,baselines/artifacts/alphaearth/london/london_alphaearth_lst_day_mean_mean__b88dadbdcb.tif,full
alphaearth,AlphaEarth,new_york,landuse,new_york.landuse.2026,baselines/artifacts/alphaearth/new_york/new_york.landuse.2026_alphaearth_sample_aligned.parquet,entity,"{""crs"": ""EPSG:4326"", ""embedding_dim"": 64, ""entity_id_col"": ""sample_id"", ""name"": ""AlphaEarth"", ""path"": ""baselines/artifacts/alphaearth/new_york/new_york.landuse.2026_alphaearth_sample_aligned.parquet"", ""task_entity_id_col"": ""sample_id"", ""type"": ""entity"", ""x_col"": ""x"", ""y_col"": ""y""}",sample_aligned_native_alphaearth_raster_table,sample_id lookup in a benchmark-ready table produced by the released raster alignment policy; values are stored before row-wise L2 normalization,True,False,False,baselines/artifacts/alphaearth/new_york/new_york.landuse.2026_alphaearth_sample_aligned.parquet,full
alphaearth,AlphaEarth,new_york,road_density,new_york.road_density.2026,baselines/artifacts/alphaearth/new_york/new_york_alphaearth_road_density_mean__af6c201a35.tif,raster,"{""name"": ""AlphaEarth"", ""path"": ""baselines/artifacts/alphaearth/new_york/new_york_alphaearth_road_density_mean__af6c201a35.tif""}",task_specific_raster,task samples use row/col when the label raster and embedding raster grids match; otherwise area-mean alignment to the registered raster task grid is used,True,False,False,baselines/artifacts/alphaearth/new_york/new_york_alphaearth_road_density_mean__af6c201a35.tif,full
alphaearth,AlphaEarth,new_york,population,new_york.population.2024,baselines/artifacts/alphaearth/new_york/new_york_alphaearth_population_mean__227d5997f5.tif,raster,"{""name"": ""AlphaEarth"", ""path"": ""baselines/artifacts/alphaearth/new_york/new_york_alphaearth_population_mean__227d5997f5.tif""}",task_specific_raster,task samples use row/col when the label raster and embedding raster grids match; otherwise area-mean alignment to the registered raster task grid is used,True,False,True,baselines/artifacts/alphaearth/new_york/new_york_alphaearth_population_mean__227d5997f5.tif,full
alphaearth,AlphaEarth,new_york,age_distribution,new_york.age_distribution.2024,baselines/artifacts/alphaearth/new_york/new_york_alphaearth_age_distribution_mean__cb7483240a.tif,raster,"{""name"": ""AlphaEarth"", ""path"": ""baselines/artifacts/alphaearth/new_york/new_york_alphaearth_age_distribution_mean__cb7483240a.tif""}",task_specific_raster,task samples use row/col when the label raster and embedding raster grids match; otherwise area-mean alignment to the registered raster task grid is used,True,False,False,baselines/artifacts/alphaearth/new_york/new_york_alphaearth_age_distribution_mean__cb7483240a.tif,full
alphaearth,AlphaEarth,new_york,gdp,new_york.gdp.2024,baselines/artifacts/alphaearth/new_york/new_york_alphaearth_gdp_mean__5b1f060f86.tif,raster,"{""name"": ""AlphaEarth"", ""path"": ""baselines/artifacts/alphaearth/new_york/new_york_alphaearth_gdp_mean__5b1f060f86.tif""}",task_specific_raster,task samples use row/col when the label raster and embedding raster grids match; otherwise area-mean alignment to the registered raster task grid is used,True,False,False,baselines/artifacts/alphaearth/new_york/new_york_alphaearth_gdp_mean__5b1f060f86.tif,full
alphaearth,AlphaEarth,new_york,nightlight,new_york.nightlight.2024,baselines/artifacts/alphaearth/new_york/new_york_alphaearth_nightlight_mean__4ef474ce55.tif,raster,"{""name"": ""AlphaEarth"", ""path"": ""baselines/artifacts/alphaearth/new_york/new_york_alphaearth_nightlight_mean__4ef474ce55.tif""}",task_specific_raster,task samples use row/col when the nighttime-light label raster and embedding raster grids match; otherwise area-mean alignment to the registered raster task grid is used,True,False,False,baselines/artifacts/alphaearth/new_york/new_york_alphaearth_nightlight_mean__4ef474ce55.tif,full
alphaearth,AlphaEarth,new_york,pm25,new_york.pm25.2022,baselines/artifacts/alphaearth/new_york/new_york_alphaearth_pm25_mean__08308af999.tif,raster,"{""name"": ""AlphaEarth"", ""path"": ""baselines/artifacts/alphaearth/new_york/new_york_alphaearth_pm25_mean__08308af999.tif""}",task_specific_raster,task samples use row/col when the label raster and embedding raster grids match; otherwise area-mean alignment to the registered raster task grid is used,True,False,False,baselines/artifacts/alphaearth/new_york/new_york_alphaearth_pm25_mean__08308af999.tif,full
alphaearth,AlphaEarth,new_york,lst_day_mean,new_york.lst_day_mean.2024,baselines/artifacts/alphaearth/new_york/new_york_alphaearth_lst_day_mean_mean__087f20e3e3.tif,raster,"{""name"": ""AlphaEarth"", ""path"": ""baselines/artifacts/alphaearth/new_york/new_york_alphaearth_lst_day_mean_mean__087f20e3e3.tif""}",task_specific_raster,task samples use row/col when the label raster and embedding raster grids match; otherwise area-mean alignment to the registered raster task grid is used,True,False,False,baselines/artifacts/alphaearth/new_york/new_york_alphaearth_lst_day_mean_mean__087f20e3e3.tif,full
alphaearth,AlphaEarth,singapore,landuse,singapore.landuse.2026,baselines/artifacts/alphaearth/singapore/singapore.landuse.2026_alphaearth_sample_aligned.parquet,entity,"{""crs"": ""EPSG:4326"", ""embedding_dim"": 64, ""entity_id_col"": ""sample_id"", ""name"": ""AlphaEarth"", ""path"": ""baselines/artifacts/alphaearth/singapore/singapore.landuse.2026_alphaearth_sample_aligned.parquet"", ""task_entity_id_col"": ""sample_id"", ""type"": ""entity"", ""x_col"": ""x"", ""y_col"": ""y""}",sample_aligned_native_alphaearth_raster_table,sample_id lookup in a benchmark-ready table produced by the released raster alignment policy; values are stored before row-wise L2 normalization,True,False,False,baselines/artifacts/alphaearth/singapore/singapore.landuse.2026_alphaearth_sample_aligned.parquet,full
alphaearth,AlphaEarth,singapore,road_density,singapore.road_density.2026,baselines/artifacts/alphaearth/singapore/singapore_alphaearth_road_density_mean__f2867858e3.tif,raster,"{""name"": ""AlphaEarth"", ""path"": ""baselines/artifacts/alphaearth/singapore/singapore_alphaearth_road_density_mean__f2867858e3.tif""}",task_specific_raster,task samples use row/col when the label raster and embedding raster grids match; otherwise area-mean alignment to the registered raster task grid is used,True,False,False,baselines/artifacts/alphaearth/singapore/singapore_alphaearth_road_density_mean__f2867858e3.tif,full
alphaearth,AlphaEarth,singapore,population,singapore.population.2024,baselines/artifacts/alphaearth/singapore/singapore_alphaearth_population_mean__3b42fcfbc8.tif,raster,"{""name"": ""AlphaEarth"", ""path"": ""baselines/artifacts/alphaearth/singapore/singapore_alphaearth_population_mean__3b42fcfbc8.tif""}",task_specific_raster,task samples use row/col when the label raster and embedding raster grids match; otherwise area-mean alignment to the registered raster task grid is used,True,False,True,baselines/artifacts/alphaearth/singapore/singapore_alphaearth_population_mean__3b42fcfbc8.tif,full
alphaearth,AlphaEarth,singapore,age_distribution,singapore.age_distribution.2024,baselines/artifacts/alphaearth/singapore/singapore_alphaearth_age_distribution_mean__d54d548d88.tif,raster,"{""name"": ""AlphaEarth"", ""path"": ""baselines/artifacts/alphaearth/singapore/singapore_alphaearth_age_distribution_mean__d54d548d88.tif""}",task_specific_raster,task samples use row/col when the label raster and embedding raster grids match; otherwise area-mean alignment to the registered raster task grid is used,True,False,False,baselines/artifacts/alphaearth/singapore/singapore_alphaearth_age_distribution_mean__d54d548d88.tif,full
alphaearth,AlphaEarth,singapore,gdp,singapore.gdp.2024,baselines/artifacts/alphaearth/singapore/singapore_alphaearth_gdp_mean__bb41f0700d.tif,raster,"{""name"": ""AlphaEarth"", ""path"": ""baselines/artifacts/alphaearth/singapore/singapore_alphaearth_gdp_mean__bb41f0700d.tif""}",task_specific_raster,task samples use row/col when the label raster and embedding raster grids match; otherwise area-mean alignment to the registered raster task grid is used,True,False,False,baselines/artifacts/alphaearth/singapore/singapore_alphaearth_gdp_mean__bb41f0700d.tif,full
alphaearth,AlphaEarth,singapore,nightlight,singapore.nightlight.2024,baselines/artifacts/alphaearth/singapore/singapore_alphaearth_nightlight_mean__be808c0c1a.tif,raster,"{""name"": ""AlphaEarth"", ""path"": ""baselines/artifacts/alphaearth/singapore/singapore_alphaearth_nightlight_mean__be808c0c1a.tif""}",task_specific_raster,task samples use row/col when the nighttime-light label raster and embedding raster grids match; otherwise area-mean alignment to the registered raster task grid is used,True,False,False,baselines/artifacts/alphaearth/singapore/singapore_alphaearth_nightlight_mean__be808c0c1a.tif,full
alphaearth,AlphaEarth,singapore,pm25,singapore.pm25.2022,baselines/artifacts/alphaearth/singapore/singapore_alphaearth_pm25_mean__6b89dbc081.tif,raster,"{""name"": ""AlphaEarth"", ""path"": ""baselines/artifacts/alphaearth/singapore/singapore_alphaearth_pm25_mean__6b89dbc081.tif""}",task_specific_raster,task samples use row/col when the label raster and embedding raster grids match; otherwise area-mean alignment to the registered raster task grid is used,True,False,False,baselines/artifacts/alphaearth/singapore/singapore_alphaearth_pm25_mean__6b89dbc081.tif,full
alphaearth,AlphaEarth,singapore,lst_day_mean,singapore.lst_day_mean.2024,baselines/artifacts/alphaearth/singapore/singapore_alphaearth_lst_day_mean_mean__86ab9c33b4.tif,raster,"{""name"": ""AlphaEarth"", ""path"": ""baselines/artifacts/alphaearth/singapore/singapore_alphaearth_lst_day_mean_mean__86ab9c33b4.tif""}",task_specific_raster,task samples use row/col when the label raster and embedding raster grids match; otherwise area-mean alignment to the registered raster task grid is used,True,False,False,baselines/artifacts/alphaearth/singapore/singapore_alphaearth_lst_day_mean_mean__86ab9c33b4.tif,full
alphaearth,AlphaEarth,sydney,landuse,sydney.landuse.2026,baselines/artifacts/alphaearth/sydney/sydney.landuse.2026_alphaearth_sample_aligned.parquet,entity,"{""crs"": ""EPSG:4326"", ""embedding_dim"": 64, ""entity_id_col"": ""sample_id"", ""name"": ""AlphaEarth"", ""path"": ""baselines/artifacts/alphaearth/sydney/sydney.landuse.2026_alphaearth_sample_aligned.parquet"", ""task_entity_id_col"": ""sample_id"", ""type"": ""entity"", ""x_col"": ""x"", ""y_col"": ""y""}",sample_aligned_native_alphaearth_raster_table,sample_id lookup in a benchmark-ready table produced by the released raster alignment policy; values are stored before row-wise L2 normalization,True,False,False,baselines/artifacts/alphaearth/sydney/sydney.landuse.2026_alphaearth_sample_aligned.parquet,full
alphaearth,AlphaEarth,sydney,road_density,sydney.road_density.2026,baselines/artifacts/alphaearth/sydney/sydney_alphaearth_road_density_mean__9788f01abc.tif,raster,"{""name"": ""AlphaEarth"", ""path"": ""baselines/artifacts/alphaearth/sydney/sydney_alphaearth_road_density_mean__9788f01abc.tif""}",task_specific_raster,task samples use row/col when the label raster and embedding raster grids match; otherwise area-mean alignment to the registered raster task grid is used,True,False,False,baselines/artifacts/alphaearth/sydney/sydney_alphaearth_road_density_mean__9788f01abc.tif,full
alphaearth,AlphaEarth,sydney,population,sydney.population.2024,baselines/artifacts/alphaearth/sydney/sydney_alphaearth_population_mean__1422577595.tif,raster,"{""name"": ""AlphaEarth"", ""path"": ""baselines/artifacts/alphaearth/sydney/sydney_alphaearth_population_mean__1422577595.tif""}",task_specific_raster,task samples use row/col when the label raster and embedding raster grids match; otherwise area-mean alignment to the registered raster task grid is used,True,False,True,baselines/artifacts/alphaearth/sydney/sydney_alphaearth_population_mean__1422577595.tif,full
alphaearth,AlphaEarth,sydney,age_distribution,sydney.age_distribution.2024,baselines/artifacts/alphaearth/sydney/sydney_alphaearth_age_distribution_mean__08965fd4c4.tif,raster,"{""name"": ""AlphaEarth"", ""path"": ""baselines/artifacts/alphaearth/sydney/sydney_alphaearth_age_distribution_mean__08965fd4c4.tif""}",task_specific_raster,task samples use row/col when the label raster and embedding raster grids match; otherwise area-mean alignment to the registered raster task grid is used,True,False,False,baselines/artifacts/alphaearth/sydney/sydney_alphaearth_age_distribution_mean__08965fd4c4.tif,full
alphaearth,AlphaEarth,sydney,gdp,sydney.gdp.2024,baselines/artifacts/alphaearth/sydney/sydney_alphaearth_gdp_mean__d73195922c.tif,raster,"{""name"": ""AlphaEarth"", ""path"": ""baselines/artifacts/alphaearth/sydney/sydney_alphaearth_gdp_mean__d73195922c.tif""}",task_specific_raster,task samples use row/col when the label raster and embedding raster grids match; otherwise area-mean alignment to the registered raster task grid is used,True,False,False,baselines/artifacts/alphaearth/sydney/sydney_alphaearth_gdp_mean__d73195922c.tif,full
alphaearth,AlphaEarth,sydney,nightlight,sydney.nightlight.2024,baselines/artifacts/alphaearth/sydney/sydney_alphaearth_nightlight_mean__3866bb5212.tif,raster,"{""name"": ""AlphaEarth"", ""path"": ""baselines/artifacts/alphaearth/sydney/sydney_alphaearth_nightlight_mean__3866bb5212.tif""}",task_specific_raster,task samples use row/col when the nighttime-light label raster and embedding raster grids match; otherwise area-mean alignment to the registered raster task grid is used,True,False,False,baselines/artifacts/alphaearth/sydney/sydney_alphaearth_nightlight_mean__3866bb5212.tif,full
alphaearth,AlphaEarth,sydney,pm25,sydney.pm25.2022,baselines/artifacts/alphaearth/sydney/sydney_alphaearth_pm25_mean__17a2f32493.tif,raster,"{""name"": ""AlphaEarth"", ""path"": ""baselines/artifacts/alphaearth/sydney/sydney_alphaearth_pm25_mean__17a2f32493.tif""}",task_specific_raster,task samples use row/col when the label raster and embedding raster grids match; otherwise area-mean alignment to the registered raster task grid is used,True,False,False,baselines/artifacts/alphaearth/sydney/sydney_alphaearth_pm25_mean__17a2f32493.tif,full
alphaearth,AlphaEarth,sydney,lst_day_mean,sydney.lst_day_mean.2024,baselines/artifacts/alphaearth/sydney/sydney_alphaearth_lst_day_mean_mean__600e36c238.tif,raster,"{""name"": ""AlphaEarth"", ""path"": ""baselines/artifacts/alphaearth/sydney/sydney_alphaearth_lst_day_mean_mean__600e36c238.tif""}",task_specific_raster,task samples use row/col when the label raster and embedding raster grids match; otherwise area-mean alignment to the registered raster task grid is used,True,False,False,baselines/artifacts/alphaearth/sydney/sydney_alphaearth_lst_day_mean_mean__600e36c238.tif,full
alphaearth,AlphaEarth,mumbai,landuse,mumbai.landuse.2026,baselines/artifacts/alphaearth/mumbai/mumbai.landuse.2026_alphaearth_sample_aligned.parquet,entity,"{""crs"": ""EPSG:4326"", ""embedding_dim"": 64, ""entity_id_col"": ""sample_id"", ""name"": ""AlphaEarth"", ""path"": ""baselines/artifacts/alphaearth/mumbai/mumbai.landuse.2026_alphaearth_sample_aligned.parquet"", ""task_entity_id_col"": ""sample_id"", ""type"": ""entity"", ""x_col"": ""x"", ""y_col"": ""y""}",sample_aligned_native_alphaearth_raster_table,sample_id lookup in a benchmark-ready table produced by the released raster alignment policy; values are stored before row-wise L2 normalization,True,False,False,baselines/artifacts/alphaearth/mumbai/mumbai.landuse.2026_alphaearth_sample_aligned.parquet,full
alphaearth,AlphaEarth,mumbai,road_density,mumbai.road_density.2026,baselines/artifacts/alphaearth/mumbai/mumbai_alphaearth_road_density_mean__7653526241.tif,raster,"{""name"": ""AlphaEarth"", ""path"": ""baselines/artifacts/alphaearth/mumbai/mumbai_alphaearth_road_density_mean__7653526241.tif""}",task_specific_raster,task samples use row/col when the label raster and embedding raster grids match; otherwise area-mean alignment to the registered raster task grid is used,True,False,False,baselines/artifacts/alphaearth/mumbai/mumbai_alphaearth_road_density_mean__7653526241.tif,full
alphaearth,AlphaEarth,mumbai,population,mumbai.population.2024,baselines/artifacts/alphaearth/mumbai/mumbai_alphaearth_population_mean__1ed2efc3ee.tif,raster,"{""name"": ""AlphaEarth"", ""path"": ""baselines/artifacts/alphaearth/mumbai/mumbai_alphaearth_population_mean__1ed2efc3ee.tif""}",task_specific_raster,task samples use row/col when the label raster and embedding raster grids match; otherwise area-mean alignment to the registered raster task grid is used,True,False,True,baselines/artifacts/alphaearth/mumbai/mumbai_alphaearth_population_mean__1ed2efc3ee.tif,full
alphaearth,AlphaEarth,mumbai,age_distribution,mumbai.age_distribution.2024,baselines/artifacts/alphaearth/mumbai/mumbai_alphaearth_age_distribution_mean__ed240259e8.tif,raster,"{""name"": ""AlphaEarth"", ""path"": ""baselines/artifacts/alphaearth/mumbai/mumbai_alphaearth_age_distribution_mean__ed240259e8.tif""}",task_specific_raster,task samples use row/col when the label raster and embedding raster grids match; otherwise area-mean alignment to the registered raster task grid is used,True,False,False,baselines/artifacts/alphaearth/mumbai/mumbai_alphaearth_age_distribution_mean__ed240259e8.tif,full
alphaearth,AlphaEarth,mumbai,gdp,mumbai.gdp.2024,baselines/artifacts/alphaearth/mumbai/mumbai_alphaearth_gdp_mean__871475cd04.tif,raster,"{""name"": ""AlphaEarth"", ""path"": ""baselines/artifacts/alphaearth/mumbai/mumbai_alphaearth_gdp_mean__871475cd04.tif""}",task_specific_raster,task samples use row/col when the label raster and embedding raster grids match; otherwise area-mean alignment to the registered raster task grid is used,True,False,False,baselines/artifacts/alphaearth/mumbai/mumbai_alphaearth_gdp_mean__871475cd04.tif,full
alphaearth,AlphaEarth,mumbai,nightlight,mumbai.nightlight.2024,baselines/artifacts/alphaearth/mumbai/mumbai_alphaearth_nightlight_mean__8c91138a56.tif,raster,"{""name"": ""AlphaEarth"", ""path"": ""baselines/artifacts/alphaearth/mumbai/mumbai_alphaearth_nightlight_mean__8c91138a56.tif""}",task_specific_raster,task samples use row/col when the nighttime-light label raster and embedding raster grids match; otherwise area-mean alignment to the registered raster task grid is used,True,False,False,baselines/artifacts/alphaearth/mumbai/mumbai_alphaearth_nightlight_mean__8c91138a56.tif,full
alphaearth,AlphaEarth,mumbai,pm25,mumbai.pm25.2022,baselines/artifacts/alphaearth/mumbai/mumbai_alphaearth_pm25_mean__26968b9cfa.tif,raster,"{""name"": ""AlphaEarth"", ""path"": ""baselines/artifacts/alphaearth/mumbai/mumbai_alphaearth_pm25_mean__26968b9cfa.tif""}",task_specific_raster,task samples use row/col when the label raster and embedding raster grids match; otherwise area-mean alignment to the registered raster task grid is used,True,False,False,baselines/artifacts/alphaearth/mumbai/mumbai_alphaearth_pm25_mean__26968b9cfa.tif,full
alphaearth,AlphaEarth,mumbai,lst_day_mean,mumbai.lst_day_mean.2024,baselines/artifacts/alphaearth/mumbai/mumbai_alphaearth_lst_day_mean_mean__25e1725e95.tif,raster,"{""name"": ""AlphaEarth"", ""path"": ""baselines/artifacts/alphaearth/mumbai/mumbai_alphaearth_lst_day_mean_mean__25e1725e95.tif""}",task_specific_raster,task samples use row/col when the label raster and embedding raster grids match; otherwise area-mean alignment to the registered raster task grid is used,True,False,False,baselines/artifacts/alphaearth/mumbai/mumbai_alphaearth_lst_day_mean_mean__25e1725e95.tif,full
alphaearth,AlphaEarth,nairobi,landuse,nairobi.landuse.2026,baselines/artifacts/alphaearth/nairobi/nairobi.landuse.2026_alphaearth_sample_aligned.parquet,entity,"{""crs"": ""EPSG:4326"", ""embedding_dim"": 64, ""entity_id_col"": ""sample_id"", ""name"": ""AlphaEarth"", ""path"": ""baselines/artifacts/alphaearth/nairobi/nairobi.landuse.2026_alphaearth_sample_aligned.parquet"", ""task_entity_id_col"": ""sample_id"", ""type"": ""entity"", ""x_col"": ""x"", ""y_col"": ""y""}",sample_aligned_native_alphaearth_raster_table,sample_id lookup in a benchmark-ready table produced by the released raster alignment policy; values are stored before row-wise L2 normalization,True,False,False,baselines/artifacts/alphaearth/nairobi/nairobi.landuse.2026_alphaearth_sample_aligned.parquet,full
alphaearth,AlphaEarth,nairobi,road_density,nairobi.road_density.2026,baselines/artifacts/alphaearth/nairobi/nairobi_alphaearth_road_density_mean__c45300c603.tif,raster,"{""name"": ""AlphaEarth"", ""path"": ""baselines/artifacts/alphaearth/nairobi/nairobi_alphaearth_road_density_mean__c45300c603.tif""}",task_specific_raster,task samples use row/col when the label raster and embedding raster grids match; otherwise area-mean alignment to the registered raster task grid is used,True,False,False,baselines/artifacts/alphaearth/nairobi/nairobi_alphaearth_road_density_mean__c45300c603.tif,full
alphaearth,AlphaEarth,nairobi,population,nairobi.population.2024,baselines/artifacts/alphaearth/nairobi/nairobi_alphaearth_population_mean__24762d0639.tif,raster,"{""name"": ""AlphaEarth"", ""path"": ""baselines/artifacts/alphaearth/nairobi/nairobi_alphaearth_population_mean__24762d0639.tif""}",task_specific_raster,task samples use row/col when the label raster and embedding raster grids match; otherwise area-mean alignment to the registered raster task grid is used,True,False,True,baselines/artifacts/alphaearth/nairobi/nairobi_alphaearth_population_mean__24762d0639.tif,full
alphaearth,AlphaEarth,nairobi,age_distribution,nairobi.age_distribution.2024,baselines/artifacts/alphaearth/nairobi/nairobi_alphaearth_age_distribution_mean__836806de83.tif,raster,"{""name"": ""AlphaEarth"", ""path"": ""baselines/artifacts/alphaearth/nairobi/nairobi_alphaearth_age_distribution_mean__836806de83.tif""}",task_specific_raster,task samples use row/col when the label raster and embedding raster grids match; otherwise area-mean alignment to the registered raster task grid is used,True,False,False,baselines/artifacts/alphaearth/nairobi/nairobi_alphaearth_age_distribution_mean__836806de83.tif,full
alphaearth,AlphaEarth,nairobi,gdp,nairobi.gdp.2024,baselines/artifacts/alphaearth/nairobi/nairobi_alphaearth_gdp_mean__c3cdc8a27f.tif,raster,"{""name"": ""AlphaEarth"", ""path"": ""baselines/artifacts/alphaearth/nairobi/nairobi_alphaearth_gdp_mean__c3cdc8a27f.tif""}",task_specific_raster,task samples use row/col when the label raster and embedding raster grids match; otherwise area-mean alignment to the registered raster task grid is used,True,False,False,baselines/artifacts/alphaearth/nairobi/nairobi_alphaearth_gdp_mean__c3cdc8a27f.tif,full
alphaearth,AlphaEarth,nairobi,nightlight,nairobi.nightlight.2024,baselines/artifacts/alphaearth/nairobi/nairobi_alphaearth_nightlight_mean__d976833b7c.tif,raster,"{""name"": ""AlphaEarth"", ""path"": ""baselines/artifacts/alphaearth/nairobi/nairobi_alphaearth_nightlight_mean__d976833b7c.tif""}",task_specific_raster,task samples use row/col when the nighttime-light label raster and embedding raster grids match; otherwise area-mean alignment to the registered raster task grid is used,True,False,False,baselines/artifacts/alphaearth/nairobi/nairobi_alphaearth_nightlight_mean__d976833b7c.tif,full
alphaearth,AlphaEarth,nairobi,pm25,nairobi.pm25.2022,baselines/artifacts/alphaearth/nairobi/nairobi_alphaearth_pm25_mean__cf0dc17bd3.tif,raster,"{""name"": ""AlphaEarth"", ""path"": ""baselines/artifacts/alphaearth/nairobi/nairobi_alphaearth_pm25_mean__cf0dc17bd3.tif""}",task_specific_raster,task samples use row/col when the label raster and embedding raster grids match; otherwise area-mean alignment to the registered raster task grid is used,True,False,False,baselines/artifacts/alphaearth/nairobi/nairobi_alphaearth_pm25_mean__cf0dc17bd3.tif,full
alphaearth,AlphaEarth,nairobi,lst_day_mean,nairobi.lst_day_mean.2024,baselines/artifacts/alphaearth/nairobi/nairobi_alphaearth_lst_day_mean_mean__9e48b93ec2.tif,raster,"{""name"": ""AlphaEarth"", ""path"": ""baselines/artifacts/alphaearth/nairobi/nairobi_alphaearth_lst_day_mean_mean__9e48b93ec2.tif""}",task_specific_raster,task samples use row/col when the label raster and embedding raster grids match; otherwise area-mean alignment to the registered raster task grid is used,True,False,False,baselines/artifacts/alphaearth/nairobi/nairobi_alphaearth_lst_day_mean_mean__9e48b93ec2.tif,full
alphaearth,AlphaEarth,jakarta,landuse,jakarta.landuse.2026,baselines/artifacts/alphaearth/jakarta/jakarta.landuse.2026_alphaearth_sample_aligned.parquet,entity,"{""crs"": ""EPSG:4326"", ""embedding_dim"": 64, ""entity_id_col"": ""sample_id"", ""name"": ""AlphaEarth"", ""path"": ""baselines/artifacts/alphaearth/jakarta/jakarta.landuse.2026_alphaearth_sample_aligned.parquet"", ""task_entity_id_col"": ""sample_id"", ""type"": ""entity"", ""x_col"": ""x"", ""y_col"": ""y""}",sample_aligned_native_alphaearth_raster_table,sample_id lookup in a benchmark-ready table produced by the released raster alignment policy; values are stored before row-wise L2 normalization,True,False,False,baselines/artifacts/alphaearth/jakarta/jakarta.landuse.2026_alphaearth_sample_aligned.parquet,full
alphaearth,AlphaEarth,jakarta,road_density,jakarta.road_density.2026,baselines/artifacts/alphaearth/jakarta/jakarta_alphaearth_road_density_mean__dd825a69cf.tif,raster,"{""name"": ""AlphaEarth"", ""path"": ""baselines/artifacts/alphaearth/jakarta/jakarta_alphaearth_road_density_mean__dd825a69cf.tif""}",task_specific_raster,task samples use row/col when the label raster and embedding raster grids match; otherwise area-mean alignment to the registered raster task grid is used,True,False,False,baselines/artifacts/alphaearth/jakarta/jakarta_alphaearth_road_density_mean__dd825a69cf.tif,full
alphaearth,AlphaEarth,jakarta,population,jakarta.population.2024,baselines/artifacts/alphaearth/jakarta/jakarta_alphaearth_population_mean__6db193e212.tif,raster,"{""name"": ""AlphaEarth"", ""path"": ""baselines/artifacts/alphaearth/jakarta/jakarta_alphaearth_population_mean__6db193e212.tif""}",task_specific_raster,task samples use row/col when the label raster and embedding raster grids match; otherwise area-mean alignment to the registered raster task grid is used,True,False,True,baselines/artifacts/alphaearth/jakarta/jakarta_alphaearth_population_mean__6db193e212.tif,full
alphaearth,AlphaEarth,jakarta,age_distribution,jakarta.age_distribution.2024,baselines/artifacts/alphaearth/jakarta/jakarta_alphaearth_age_distribution_mean__64fadbb86c.tif,raster,"{""name"": ""AlphaEarth"", ""path"": ""baselines/artifacts/alphaearth/jakarta/jakarta_alphaearth_age_distribution_mean__64fadbb86c.tif""}",task_specific_raster,task samples use row/col when the label raster and embedding raster grids match; otherwise area-mean alignment to the registered raster task grid is used,True,False,False,baselines/artifacts/alphaearth/jakarta/jakarta_alphaearth_age_distribution_mean__64fadbb86c.tif,full
alphaearth,AlphaEarth,jakarta,gdp,jakarta.gdp.2024,baselines/artifacts/alphaearth/jakarta/jakarta_alphaearth_gdp_mean__3ecff593b5.tif,raster,"{""name"": ""AlphaEarth"", ""path"": ""baselines/artifacts/alphaearth/jakarta/jakarta_alphaearth_gdp_mean__3ecff593b5.tif""}",task_specific_raster,task samples use row/col when the label raster and embedding raster grids match; otherwise area-mean alignment to the registered raster task grid is used,True,False,False,baselines/artifacts/alphaearth/jakarta/jakarta_alphaearth_gdp_mean__3ecff593b5.tif,full
alphaearth,AlphaEarth,jakarta,nightlight,jakarta.nightlight.2024,baselines/artifacts/alphaearth/jakarta/jakarta_alphaearth_nightlight_mean__2853954027.tif,raster,"{""name"": ""AlphaEarth"", ""path"": ""baselines/artifacts/alphaearth/jakarta/jakarta_alphaearth_nightlight_mean__2853954027.tif""}",task_specific_raster,task samples use row/col when the nighttime-light label raster and embedding raster grids match; otherwise area-mean alignment to the registered raster task grid is used,True,False,False,baselines/artifacts/alphaearth/jakarta/jakarta_alphaearth_nightlight_mean__2853954027.tif,full
alphaearth,AlphaEarth,jakarta,pm25,jakarta.pm25.2022,baselines/artifacts/alphaearth/jakarta/jakarta_alphaearth_pm25_mean__4e3562281a.tif,raster,"{""name"": ""AlphaEarth"", ""path"": ""baselines/artifacts/alphaearth/jakarta/jakarta_alphaearth_pm25_mean__4e3562281a.tif""}",task_specific_raster,task samples use row/col when the label raster and embedding raster grids match; otherwise area-mean alignment to the registered raster task grid is used,True,False,False,baselines/artifacts/alphaearth/jakarta/jakarta_alphaearth_pm25_mean__4e3562281a.tif,full
alphaearth,AlphaEarth,jakarta,lst_day_mean,jakarta.lst_day_mean.2024,baselines/artifacts/alphaearth/jakarta/jakarta_alphaearth_lst_day_mean_mean__45c0a3b618.tif,raster,"{""name"": ""AlphaEarth"", ""path"": ""baselines/artifacts/alphaearth/jakarta/jakarta_alphaearth_lst_day_mean_mean__45c0a3b618.tif""}",task_specific_raster,task samples use row/col when the label raster and embedding raster grids match; otherwise area-mean alignment to the registered raster task grid is used,True,False,False,baselines/artifacts/alphaearth/jakarta/jakarta_alphaearth_lst_day_mean_mean__45c0a3b618.tif,full
alphaearth,AlphaEarth,cape_town,landuse,cape_town.landuse.2026,baselines/artifacts/alphaearth/cape_town/cape_town.landuse.2026_alphaearth_sample_aligned.parquet,entity,"{""crs"": ""EPSG:4326"", ""embedding_dim"": 64, ""entity_id_col"": ""sample_id"", ""name"": ""AlphaEarth"", ""path"": ""baselines/artifacts/alphaearth/cape_town/cape_town.landuse.2026_alphaearth_sample_aligned.parquet"", ""task_entity_id_col"": ""sample_id"", ""type"": ""entity"", ""x_col"": ""x"", ""y_col"": ""y""}",sample_aligned_native_alphaearth_raster_table,sample_id lookup in a benchmark-ready table produced by the released raster alignment policy; values are stored before row-wise L2 normalization,True,False,False,baselines/artifacts/alphaearth/cape_town/cape_town.landuse.2026_alphaearth_sample_aligned.parquet,full
alphaearth,AlphaEarth,cape_town,road_density,cape_town.road_density.2026,baselines/artifacts/alphaearth/cape_town/cape_town_alphaearth_road_density_mean__ea08fb070a.tif,raster,"{""name"": ""AlphaEarth"", ""path"": ""baselines/artifacts/alphaearth/cape_town/cape_town_alphaearth_road_density_mean__ea08fb070a.tif""}",task_specific_raster,task samples use row/col when the label raster and embedding raster grids match; otherwise area-mean alignment to the registered raster task grid is used,True,False,False,baselines/artifacts/alphaearth/cape_town/cape_town_alphaearth_road_density_mean__ea08fb070a.tif,full
alphaearth,AlphaEarth,cape_town,population,cape_town.population.2024,baselines/artifacts/alphaearth/cape_town/cape_town_alphaearth_population_mean__50a41e023d.tif,raster,"{""name"": ""AlphaEarth"", ""path"": ""baselines/artifacts/alphaearth/cape_town/cape_town_alphaearth_population_mean__50a41e023d.tif""}",task_specific_raster,task samples use row/col when the label raster and embedding raster grids match; otherwise area-mean alignment to the registered raster task grid is used,True,False,True,baselines/artifacts/alphaearth/cape_town/cape_town_alphaearth_population_mean__50a41e023d.tif,full
alphaearth,AlphaEarth,cape_town,age_distribution,cape_town.age_distribution.2024,baselines/artifacts/alphaearth/cape_town/cape_town_alphaearth_age_distribution_mean__d150c89329.tif,raster,"{""name"": ""AlphaEarth"", ""path"": ""baselines/artifacts/alphaearth/cape_town/cape_town_alphaearth_age_distribution_mean__d150c89329.tif""}",task_specific_raster,task samples use row/col when the label raster and embedding raster grids match; otherwise area-mean alignment to the registered raster task grid is used,True,False,False,baselines/artifacts/alphaearth/cape_town/cape_town_alphaearth_age_distribution_mean__d150c89329.tif,full
alphaearth,AlphaEarth,cape_town,gdp,cape_town.gdp.2024,baselines/artifacts/alphaearth/cape_town/cape_town_alphaearth_gdp_mean__d67ef35b6c.tif,raster,"{""name"": ""AlphaEarth"", ""path"": ""baselines/artifacts/alphaearth/cape_town/cape_town_alphaearth_gdp_mean__d67ef35b6c.tif""}",task_specific_raster,task samples use row/col when the label raster and embedding raster grids match; otherwise area-mean alignment to the registered raster task grid is used,True,False,False,baselines/artifacts/alphaearth/cape_town/cape_town_alphaearth_gdp_mean__d67ef35b6c.tif,full
alphaearth,AlphaEarth,cape_town,nightlight,cape_town.nightlight.2024,baselines/artifacts/alphaearth/cape_town/cape_town_alphaearth_nightlight_mean__d6d6b8801a.tif,raster,"{""name"": ""AlphaEarth"", ""path"": ""baselines/artifacts/alphaearth/cape_town/cape_town_alphaearth_nightlight_mean__d6d6b8801a.tif""}",task_specific_raster,task samples use row/col when the nighttime-light label raster and embedding raster grids match; otherwise area-mean alignment to the registered raster task grid is used,True,False,False,baselines/artifacts/alphaearth/cape_town/cape_town_alphaearth_nightlight_mean__d6d6b8801a.tif,full
alphaearth,AlphaEarth,cape_town,pm25,cape_town.pm25.2022,baselines/artifacts/alphaearth/cape_town/cape_town_alphaearth_pm25_mean__3e3791024b.tif,raster,"{""name"": ""AlphaEarth"", ""path"": ""baselines/artifacts/alphaearth/cape_town/cape_town_alphaearth_pm25_mean__3e3791024b.tif""}",task_specific_raster,task samples use row/col when the label raster and embedding raster grids match; otherwise area-mean alignment to the registered raster task grid is used,True,False,False,baselines/artifacts/alphaearth/cape_town/cape_town_alphaearth_pm25_mean__3e3791024b.tif,full
alphaearth,AlphaEarth,cape_town,lst_day_mean,cape_town.lst_day_mean.2024,baselines/artifacts/alphaearth/cape_town/cape_town_alphaearth_lst_day_mean_mean__202fea13c6.tif,raster,"{""name"": ""AlphaEarth"", ""path"": ""baselines/artifacts/alphaearth/cape_town/cape_town_alphaearth_lst_day_mean_mean__202fea13c6.tif""}",task_specific_raster,task samples use row/col when the label raster and embedding raster grids match; otherwise area-mean alignment to the registered raster task grid is used,True,False,False,baselines/artifacts/alphaearth/cape_town/cape_town_alphaearth_lst_day_mean_mean__202fea13c6.tif,full
aether,AETHER,london,landuse,london.landuse.2026,baselines/artifacts/aether/london/london.landuse.2026_aether_sample_aligned.parquet,entity,"{""crs"": ""EPSG:4326"", ""embedding_dim"": 128, ""entity_id_col"": ""sample_id"", ""name"": ""AETHER"", ""path"": ""baselines/artifacts/aether/london/london.landuse.2026_aether_sample_aligned.parquet"", ""task_entity_id_col"": ""sample_id"", ""type"": ""entity"", ""x_col"": ""x"", ""y_col"": ""y""}",sample_aligned_native_aether_raster_table,Not released for public evaluation: the London payload is a synthetic schema demo and has no corresponding benchmark embeddings.,False,False,False,baselines/artifacts/aether/london/london.landuse.2026_aether_sample_aligned.parquet,synthetic_demo_only_no_embedding
aether,AETHER,london,road_density,london.road_density.2026,baselines/artifacts/aether/london/london_aether_qwen_paper_noval_road_density_mean.tif,raster,"{""name"": ""AETHER"", ""path"": ""baselines/artifacts/aether/london/london_aether_qwen_paper_noval_road_density_mean.tif"", ""type"": ""raster""}",task_specific_raster,task samples use row/col when the label raster and embedding raster grids match; otherwise area-mean alignment to the registered raster task grid is used,True,False,False,baselines/artifacts/aether/london/london_aether_qwen_paper_noval_road_density_mean.tif,full
aether,AETHER,london,population,london.population.2024,baselines/artifacts/aether/london/london_aether_qwen_paper_noval_population_mean.tif,raster,"{""name"": ""AETHER"", ""path"": ""baselines/artifacts/aether/london/london_aether_qwen_paper_noval_population_mean.tif"", ""type"": ""raster""}",task_specific_raster,task samples use row/col when the label raster and embedding raster grids match; otherwise area-mean alignment to the registered raster task grid is used,True,False,True,baselines/artifacts/aether/london/london_aether_qwen_paper_noval_population_mean.tif,full
aether,AETHER,london,age_distribution,london.age_distribution.2024,baselines/artifacts/aether/london/london_aether_qwen_paper_noval_age_distribution_mean.tif,raster,"{""name"": ""AETHER"", ""path"": ""baselines/artifacts/aether/london/london_aether_qwen_paper_noval_age_distribution_mean.tif"", ""type"": ""raster""}",task_specific_raster,task samples use row/col when the label raster and embedding raster grids match; otherwise area-mean alignment to the registered raster task grid is used,True,False,False,baselines/artifacts/aether/london/london_aether_qwen_paper_noval_age_distribution_mean.tif,full
aether,AETHER,london,gdp,london.gdp.2024,baselines/artifacts/aether/london/london_aether_qwen_paper_noval_gdp_mean.tif,raster,"{""name"": ""AETHER"", ""path"": ""baselines/artifacts/aether/london/london_aether_qwen_paper_noval_gdp_mean.tif"", ""type"": ""raster""}",task_specific_raster,task samples use row/col when the label raster and embedding raster grids match; otherwise area-mean alignment to the registered raster task grid is used,True,False,False,baselines/artifacts/aether/london/london_aether_qwen_paper_noval_gdp_mean.tif,full
aether,AETHER,london,nightlight,london.nightlight.2024,baselines/artifacts/aether/london/london.nightlight.2024_aether_sample_aligned.parquet,entity,"{""crs"": ""EPSG:4326"", ""embedding_dim"": 128, ""entity_id_col"": ""sample_id"", ""name"": ""AETHER"", ""path"": ""baselines/artifacts/aether/london/london.nightlight.2024_aether_sample_aligned.parquet"", ""task_entity_id_col"": ""sample_id"", ""type"": ""entity"", ""x_col"": ""x"", ""y_col"": ""y""}",sample_aligned_native_aether_raster_table,sample_id lookup in a benchmark-ready table produced by the released raster alignment policy; values are stored before row-wise L2 normalization,True,False,False,baselines/artifacts/aether/london/london.nightlight.2024_aether_sample_aligned.parquet,full
aether,AETHER,london,pm25,london.pm25.2022,baselines/artifacts/aether/london/london_aether_qwen_paper_noval_pm25_mean.tif,raster,"{""name"": ""AETHER"", ""path"": ""baselines/artifacts/aether/london/london_aether_qwen_paper_noval_pm25_mean.tif"", ""type"": ""raster""}",task_specific_raster,task samples use row/col when the label raster and embedding raster grids match; otherwise area-mean alignment to the registered raster task grid is used,True,False,False,baselines/artifacts/aether/london/london_aether_qwen_paper_noval_pm25_mean.tif,full
aether,AETHER,london,lst_day_mean,london.lst_day_mean.2024,baselines/artifacts/aether/london/london_aether_qwen_paper_noval_lst_day_mean_mean.tif,raster,"{""name"": ""AETHER"", ""path"": ""baselines/artifacts/aether/london/london_aether_qwen_paper_noval_lst_day_mean_mean.tif"", ""type"": ""raster""}",task_specific_raster,task samples use row/col when the label raster and embedding raster grids match; otherwise area-mean alignment to the registered raster task grid is used,True,False,False,baselines/artifacts/aether/london/london_aether_qwen_paper_noval_lst_day_mean_mean.tif,full
aether,AETHER,new_york,landuse,new_york.landuse.2026,baselines/artifacts/aether/new_york/new_york.landuse.2026_aether_sample_aligned.parquet,entity,"{""crs"": ""EPSG:4326"", ""embedding_dim"": 128, ""entity_id_col"": ""sample_id"", ""name"": ""AETHER"", ""path"": ""baselines/artifacts/aether/new_york/new_york.landuse.2026_aether_sample_aligned.parquet"", ""task_entity_id_col"": ""sample_id"", ""type"": ""entity"", ""x_col"": ""x"", ""y_col"": ""y""}",sample_aligned_native_aether_raster_table,sample_id lookup in a benchmark-ready table produced by the released raster alignment policy; values are stored before row-wise L2 normalization,True,False,False,baselines/artifacts/aether/new_york/new_york.landuse.2026_aether_sample_aligned.parquet,full
aether,AETHER,new_york,road_density,new_york.road_density.2026,baselines/artifacts/aether/new_york/new_york.road_density.2026_aether_sample_aligned.parquet,entity,"{""crs"": ""EPSG:4326"", ""embedding_dim"": 128, ""entity_id_col"": ""sample_id"", ""name"": ""AETHER"", ""path"": ""baselines/artifacts/aether/new_york/new_york.road_density.2026_aether_sample_aligned.parquet"", ""task_entity_id_col"": ""sample_id"", ""type"": ""entity"", ""x_col"": ""x"", ""y_col"": ""y""}",sample_aligned_native_aether_raster_table,sample_id lookup in a benchmark-ready table produced by the released raster alignment policy; values are stored before row-wise L2 normalization,True,False,False,baselines/artifacts/aether/new_york/new_york.road_density.2026_aether_sample_aligned.parquet,full
aether,AETHER,new_york,population,new_york.population.2024,baselines/artifacts/aether/new_york/new_york_aether_qwen_paper_noval_population_mean.tif,raster,"{""name"": ""AETHER"", ""path"": ""baselines/artifacts/aether/new_york/new_york_aether_qwen_paper_noval_population_mean.tif"", ""type"": ""raster""}",task_specific_raster,task samples use row/col when the label raster and embedding raster grids match; otherwise area-mean alignment to the registered raster task grid is used,True,False,True,baselines/artifacts/aether/new_york/new_york_aether_qwen_paper_noval_population_mean.tif,full
aether,AETHER,new_york,age_distribution,new_york.age_distribution.2024,baselines/artifacts/aether/new_york/new_york_aether_qwen_paper_noval_age_distribution_mean.tif,raster,"{""name"": ""AETHER"", ""path"": ""baselines/artifacts/aether/new_york/new_york_aether_qwen_paper_noval_age_distribution_mean.tif"", ""type"": ""raster""}",task_specific_raster,task samples use row/col when the label raster and embedding raster grids match; otherwise area-mean alignment to the registered raster task grid is used,True,False,False,baselines/artifacts/aether/new_york/new_york_aether_qwen_paper_noval_age_distribution_mean.tif,full
aether,AETHER,new_york,gdp,new_york.gdp.2024,baselines/artifacts/aether/new_york/new_york_aether_qwen_paper_noval_gdp_mean.tif,raster,"{""name"": ""AETHER"", ""path"": ""baselines/artifacts/aether/new_york/new_york_aether_qwen_paper_noval_gdp_mean.tif"", ""type"": ""raster""}",task_specific_raster,task samples use row/col when the label raster and embedding raster grids match; otherwise area-mean alignment to the registered raster task grid is used,True,False,False,baselines/artifacts/aether/new_york/new_york_aether_qwen_paper_noval_gdp_mean.tif,full
aether,AETHER,new_york,nightlight,new_york.nightlight.2024,baselines/artifacts/aether/new_york/new_york.nightlight.2024_aether_sample_aligned.parquet,entity,"{""crs"": ""EPSG:4326"", ""embedding_dim"": 128, ""entity_id_col"": ""sample_id"", ""name"": ""AETHER"", ""path"": ""baselines/artifacts/aether/new_york/new_york.nightlight.2024_aether_sample_aligned.parquet"", ""task_entity_id_col"": ""sample_id"", ""type"": ""entity"", ""x_col"": ""x"", ""y_col"": ""y""}",sample_aligned_native_aether_raster_table,sample_id lookup in a benchmark-ready table produced by the released raster alignment policy; values are stored before row-wise L2 normalization,True,False,False,baselines/artifacts/aether/new_york/new_york.nightlight.2024_aether_sample_aligned.parquet,full
aether,AETHER,new_york,pm25,new_york.pm25.2022,baselines/artifacts/aether/new_york/new_york_aether_qwen_paper_noval_pm25_mean.tif,raster,"{""name"": ""AETHER"", ""path"": ""baselines/artifacts/aether/new_york/new_york_aether_qwen_paper_noval_pm25_mean.tif"", ""type"": ""raster""}",task_specific_raster,task samples use row/col when the label raster and embedding raster grids match; otherwise area-mean alignment to the registered raster task grid is used,True,False,False,baselines/artifacts/aether/new_york/new_york_aether_qwen_paper_noval_pm25_mean.tif,full
aether,AETHER,new_york,lst_day_mean,new_york.lst_day_mean.2024,baselines/artifacts/aether/new_york/new_york.lst_day_mean.2024_aether_sample_aligned.parquet,entity,"{""crs"": ""EPSG:4326"", ""embedding_dim"": 128, ""entity_id_col"": ""sample_id"", ""name"": ""AETHER"", ""path"": ""baselines/artifacts/aether/new_york/new_york.lst_day_mean.2024_aether_sample_aligned.parquet"", ""task_entity_id_col"": ""sample_id"", ""type"": ""entity"", ""x_col"": ""x"", ""y_col"": ""y""}",sample_aligned_native_aether_raster_table,sample_id lookup in a benchmark-ready table produced by the released raster alignment policy; values are stored before row-wise L2 normalization,True,False,False,baselines/artifacts/aether/new_york/new_york.lst_day_mean.2024_aether_sample_aligned.parquet,full
aether,AETHER,singapore,landuse,singapore.landuse.2026,baselines/artifacts/aether/singapore/singapore.landuse.2026_aether_sample_aligned.parquet,entity,"{""crs"": ""EPSG:4326"", ""embedding_dim"": 128, ""entity_id_col"": ""sample_id"", ""name"": ""AETHER"", ""path"": ""baselines/artifacts/aether/singapore/singapore.landuse.2026_aether_sample_aligned.parquet"", ""task_entity_id_col"": ""sample_id"", ""type"": ""entity"", ""x_col"": ""x"", ""y_col"": ""y""}",sample_aligned_native_aether_raster_table,sample_id lookup in a benchmark-ready table produced by the released raster alignment policy; values are stored before row-wise L2 normalization,True,False,False,baselines/artifacts/aether/singapore/singapore.landuse.2026_aether_sample_aligned.parquet,full
aether,AETHER,singapore,road_density,singapore.road_density.2026,baselines/artifacts/aether/singapore/singapore_aether_qwen_paper_noval_road_density_mean.tif,raster,"{""name"": ""AETHER"", ""path"": ""baselines/artifacts/aether/singapore/singapore_aether_qwen_paper_noval_road_density_mean.tif"", ""type"": ""raster""}",task_specific_raster,task samples use row/col when the label raster and embedding raster grids match; otherwise area-mean alignment to the registered raster task grid is used,True,False,False,baselines/artifacts/aether/singapore/singapore_aether_qwen_paper_noval_road_density_mean.tif,full
aether,AETHER,singapore,population,singapore.population.2024,baselines/artifacts/aether/singapore/singapore_aether_qwen_paper_noval_population_mean.tif,raster,"{""name"": ""AETHER"", ""path"": ""baselines/artifacts/aether/singapore/singapore_aether_qwen_paper_noval_population_mean.tif"", ""type"": ""raster""}",task_specific_raster,task samples use row/col when the label raster and embedding raster grids match; otherwise area-mean alignment to the registered raster task grid is used,True,False,True,baselines/artifacts/aether/singapore/singapore_aether_qwen_paper_noval_population_mean.tif,full
aether,AETHER,singapore,age_distribution,singapore.age_distribution.2024,baselines/artifacts/aether/singapore/singapore_aether_qwen_paper_noval_age_distribution_mean.tif,raster,"{""name"": ""AETHER"", ""path"": ""baselines/artifacts/aether/singapore/singapore_aether_qwen_paper_noval_age_distribution_mean.tif"", ""type"": ""raster""}",task_specific_raster,task samples use row/col when the label raster and embedding raster grids match; otherwise area-mean alignment to the registered raster task grid is used,True,False,False,baselines/artifacts/aether/singapore/singapore_aether_qwen_paper_noval_age_distribution_mean.tif,full
aether,AETHER,singapore,gdp,singapore.gdp.2024,baselines/artifacts/aether/singapore/singapore_aether_qwen_paper_noval_gdp_mean.tif,raster,"{""name"": ""AETHER"", ""path"": ""baselines/artifacts/aether/singapore/singapore_aether_qwen_paper_noval_gdp_mean.tif"", ""type"": ""raster""}",task_specific_raster,task samples use row/col when the label raster and embedding raster grids match; otherwise area-mean alignment to the registered raster task grid is used,True,False,False,baselines/artifacts/aether/singapore/singapore_aether_qwen_paper_noval_gdp_mean.tif,full
aether,AETHER,singapore,nightlight,singapore.nightlight.2024,baselines/artifacts/aether/singapore/singapore.nightlight.2024_aether_sample_aligned.parquet,entity,"{""crs"": ""EPSG:4326"", ""embedding_dim"": 128, ""entity_id_col"": ""sample_id"", ""name"": ""AETHER"", ""path"": ""baselines/artifacts/aether/singapore/singapore.nightlight.2024_aether_sample_aligned.parquet"", ""task_entity_id_col"": ""sample_id"", ""type"": ""entity"", ""x_col"": ""x"", ""y_col"": ""y""}",sample_aligned_native_aether_raster_table,sample_id lookup in a benchmark-ready table produced by the released raster alignment policy; values are stored before row-wise L2 normalization,True,False,False,baselines/artifacts/aether/singapore/singapore.nightlight.2024_aether_sample_aligned.parquet,full
aether,AETHER,singapore,pm25,singapore.pm25.2022,baselines/artifacts/aether/singapore/singapore_aether_qwen_paper_noval_pm25_mean.tif,raster,"{""name"": ""AETHER"", ""path"": ""baselines/artifacts/aether/singapore/singapore_aether_qwen_paper_noval_pm25_mean.tif"", ""type"": ""raster""}",task_specific_raster,task samples use row/col when the label raster and embedding raster grids match; otherwise area-mean alignment to the registered raster task grid is used,True,False,False,baselines/artifacts/aether/singapore/singapore_aether_qwen_paper_noval_pm25_mean.tif,full
aether,AETHER,singapore,lst_day_mean,singapore.lst_day_mean.2024,baselines/artifacts/aether/singapore/singapore_aether_qwen_paper_noval_lst_day_mean_mean.tif,raster,"{""name"": ""AETHER"", ""path"": ""baselines/artifacts/aether/singapore/singapore_aether_qwen_paper_noval_lst_day_mean_mean.tif"", ""type"": ""raster""}",task_specific_raster,task samples use row/col when the label raster and embedding raster grids match; otherwise area-mean alignment to the registered raster task grid is used,True,False,False,baselines/artifacts/aether/singapore/singapore_aether_qwen_paper_noval_lst_day_mean_mean.tif,full
aether,AETHER,sydney,landuse,sydney.landuse.2026,baselines/artifacts/aether/sydney/sydney.landuse.2026_aether_sample_aligned.parquet,entity,"{""crs"": ""EPSG:4326"", ""embedding_dim"": 128, ""entity_id_col"": ""sample_id"", ""name"": ""AETHER"", ""path"": ""baselines/artifacts/aether/sydney/sydney.landuse.2026_aether_sample_aligned.parquet"", ""task_entity_id_col"": ""sample_id"", ""type"": ""entity"", ""x_col"": ""x"", ""y_col"": ""y""}",sample_aligned_native_aether_raster_table,sample_id lookup in a benchmark-ready table produced by the released raster alignment policy; values are stored before row-wise L2 normalization,True,False,False,baselines/artifacts/aether/sydney/sydney.landuse.2026_aether_sample_aligned.parquet,full
aether,AETHER,sydney,road_density,sydney.road_density.2026,baselines/artifacts/aether/sydney/sydney_aether_qwen_paper_noval_road_density_mean.tif,raster,"{""name"": ""AETHER"", ""path"": ""baselines/artifacts/aether/sydney/sydney_aether_qwen_paper_noval_road_density_mean.tif"", ""type"": ""raster""}",task_specific_raster,task samples use row/col when the label raster and embedding raster grids match; otherwise area-mean alignment to the registered raster task grid is used,True,False,False,baselines/artifacts/aether/sydney/sydney_aether_qwen_paper_noval_road_density_mean.tif,full
aether,AETHER,sydney,population,sydney.population.2024,baselines/artifacts/aether/sydney/sydney_aether_qwen_paper_noval_population_mean.tif,raster,"{""name"": ""AETHER"", ""path"": ""baselines/artifacts/aether/sydney/sydney_aether_qwen_paper_noval_population_mean.tif"", ""type"": ""raster""}",task_specific_raster,task samples use row/col when the label raster and embedding raster grids match; otherwise area-mean alignment to the registered raster task grid is used,True,False,True,baselines/artifacts/aether/sydney/sydney_aether_qwen_paper_noval_population_mean.tif,full
aether,AETHER,sydney,age_distribution,sydney.age_distribution.2024,baselines/artifacts/aether/sydney/sydney_aether_qwen_paper_noval_age_distribution_mean.tif,raster,"{""name"": ""AETHER"", ""path"": ""baselines/artifacts/aether/sydney/sydney_aether_qwen_paper_noval_age_distribution_mean.tif"", ""type"": ""raster""}",task_specific_raster,task samples use row/col when the label raster and embedding raster grids match; otherwise area-mean alignment to the registered raster task grid is used,True,False,False,baselines/artifacts/aether/sydney/sydney_aether_qwen_paper_noval_age_distribution_mean.tif,full
aether,AETHER,sydney,gdp,sydney.gdp.2024,baselines/artifacts/aether/sydney/sydney_aether_qwen_paper_noval_gdp_mean.tif,raster,"{""name"": ""AETHER"", ""path"": ""baselines/artifacts/aether/sydney/sydney_aether_qwen_paper_noval_gdp_mean.tif"", ""type"": ""raster""}",task_specific_raster,task samples use row/col when the label raster and embedding raster grids match; otherwise area-mean alignment to the registered raster task grid is used,True,False,False,baselines/artifacts/aether/sydney/sydney_aether_qwen_paper_noval_gdp_mean.tif,full
aether,AETHER,sydney,nightlight,sydney.nightlight.2024,baselines/artifacts/aether/sydney/sydney.nightlight.2024_aether_sample_aligned.parquet,entity,"{""crs"": ""EPSG:4326"", ""embedding_dim"": 128, ""entity_id_col"": ""sample_id"", ""name"": ""AETHER"", ""path"": ""baselines/artifacts/aether/sydney/sydney.nightlight.2024_aether_sample_aligned.parquet"", ""task_entity_id_col"": ""sample_id"", ""type"": ""entity"", ""x_col"": ""x"", ""y_col"": ""y""}",sample_aligned_native_aether_raster_table,sample_id lookup in a benchmark-ready table produced by the released raster alignment policy; values are stored before row-wise L2 normalization,True,False,False,baselines/artifacts/aether/sydney/sydney.nightlight.2024_aether_sample_aligned.parquet,full
aether,AETHER,sydney,pm25,sydney.pm25.2022,baselines/artifacts/aether/sydney/sydney_aether_qwen_paper_noval_pm25_mean.tif,raster,"{""name"": ""AETHER"", ""path"": ""baselines/artifacts/aether/sydney/sydney_aether_qwen_paper_noval_pm25_mean.tif"", ""type"": ""raster""}",task_specific_raster,task samples use row/col when the label raster and embedding raster grids match; otherwise area-mean alignment to the registered raster task grid is used,True,False,False,baselines/artifacts/aether/sydney/sydney_aether_qwen_paper_noval_pm25_mean.tif,full
aether,AETHER,sydney,lst_day_mean,sydney.lst_day_mean.2024,baselines/artifacts/aether/sydney/sydney_aether_qwen_paper_noval_lst_day_mean_mean.tif,raster,"{""name"": ""AETHER"", ""path"": ""baselines/artifacts/aether/sydney/sydney_aether_qwen_paper_noval_lst_day_mean_mean.tif"", ""type"": ""raster""}",task_specific_raster,task samples use row/col when the label raster and embedding raster grids match; otherwise area-mean alignment to the registered raster task grid is used,True,False,False,baselines/artifacts/aether/sydney/sydney_aether_qwen_paper_noval_lst_day_mean_mean.tif,full
aether,AETHER,mumbai,landuse,mumbai.landuse.2026,baselines/artifacts/aether/mumbai/mumbai.landuse.2026_aether_sample_aligned.parquet,entity,"{""crs"": ""EPSG:4326"", ""embedding_dim"": 128, ""entity_id_col"": ""sample_id"", ""name"": ""AETHER"", ""path"": ""baselines/artifacts/aether/mumbai/mumbai.landuse.2026_aether_sample_aligned.parquet"", ""task_entity_id_col"": ""sample_id"", ""type"": ""entity"", ""x_col"": ""x"", ""y_col"": ""y""}",sample_aligned_native_aether_raster_table,sample_id lookup in a benchmark-ready table produced by the released raster alignment policy; values are stored before row-wise L2 normalization,True,False,False,baselines/artifacts/aether/mumbai/mumbai.landuse.2026_aether_sample_aligned.parquet,full
aether,AETHER,mumbai,road_density,mumbai.road_density.2026,baselines/artifacts/aether/mumbai/mumbai_aether_qwen_paper_noval_road_density_mean.tif,raster,"{""name"": ""AETHER"", ""path"": ""baselines/artifacts/aether/mumbai/mumbai_aether_qwen_paper_noval_road_density_mean.tif"", ""type"": ""raster""}",task_specific_raster,task samples use row/col when the label raster and embedding raster grids match; otherwise area-mean alignment to the registered raster task grid is used,True,False,False,baselines/artifacts/aether/mumbai/mumbai_aether_qwen_paper_noval_road_density_mean.tif,full
aether,AETHER,mumbai,population,mumbai.population.2024,baselines/artifacts/aether/mumbai/mumbai_aether_qwen_paper_noval_population_mean.tif,raster,"{""name"": ""AETHER"", ""path"": ""baselines/artifacts/aether/mumbai/mumbai_aether_qwen_paper_noval_population_mean.tif"", ""type"": ""raster""}",task_specific_raster,task samples use row/col when the label raster and embedding raster grids match; otherwise area-mean alignment to the registered raster task grid is used,True,False,True,baselines/artifacts/aether/mumbai/mumbai_aether_qwen_paper_noval_population_mean.tif,full
aether,AETHER,mumbai,age_distribution,mumbai.age_distribution.2024,baselines/artifacts/aether/mumbai/mumbai_aether_qwen_paper_noval_age_distribution_mean.tif,raster,"{""name"": ""AETHER"", ""path"": ""baselines/artifacts/aether/mumbai/mumbai_aether_qwen_paper_noval_age_distribution_mean.tif"", ""type"": ""raster""}",task_specific_raster,task samples use row/col when the label raster and embedding raster grids match; otherwise area-mean alignment to the registered raster task grid is used,True,False,False,baselines/artifacts/aether/mumbai/mumbai_aether_qwen_paper_noval_age_distribution_mean.tif,full
aether,AETHER,mumbai,gdp,mumbai.gdp.2024,baselines/artifacts/aether/mumbai/mumbai_aether_qwen_paper_noval_gdp_mean.tif,raster,"{""name"": ""AETHER"", ""path"": ""baselines/artifacts/aether/mumbai/mumbai_aether_qwen_paper_noval_gdp_mean.tif"", ""type"": ""raster""}",task_specific_raster,task samples use row/col when the label raster and embedding raster grids match; otherwise area-mean alignment to the registered raster task grid is used,True,False,False,baselines/artifacts/aether/mumbai/mumbai_aether_qwen_paper_noval_gdp_mean.tif,full
aether,AETHER,mumbai,nightlight,mumbai.nightlight.2024,baselines/artifacts/aether/mumbai/mumbai.nightlight.2024_aether_sample_aligned.parquet,entity,"{""crs"": ""EPSG:4326"", ""embedding_dim"": 128, ""entity_id_col"": ""sample_id"", ""name"": ""AETHER"", ""path"": ""baselines/artifacts/aether/mumbai/mumbai.nightlight.2024_aether_sample_aligned.parquet"", ""task_entity_id_col"": ""sample_id"", ""type"": ""entity"", ""x_col"": ""x"", ""y_col"": ""y""}",sample_aligned_native_aether_raster_table,sample_id lookup in a benchmark-ready table produced by the released raster alignment policy; values are stored before row-wise L2 normalization,True,False,False,baselines/artifacts/aether/mumbai/mumbai.nightlight.2024_aether_sample_aligned.parquet,full
aether,AETHER,mumbai,pm25,mumbai.pm25.2022,baselines/artifacts/aether/mumbai/mumbai_aether_qwen_paper_noval_pm25_mean.tif,raster,"{""name"": ""AETHER"", ""path"": ""baselines/artifacts/aether/mumbai/mumbai_aether_qwen_paper_noval_pm25_mean.tif"", ""type"": ""raster""}",task_specific_raster,task samples use row/col when the label raster and embedding raster grids match; otherwise area-mean alignment to the registered raster task grid is used,True,False,False,baselines/artifacts/aether/mumbai/mumbai_aether_qwen_paper_noval_pm25_mean.tif,full
aether,AETHER,mumbai,lst_day_mean,mumbai.lst_day_mean.2024,baselines/artifacts/aether/mumbai/mumbai_aether_qwen_paper_noval_lst_day_mean_mean.tif,raster,"{""name"": ""AETHER"", ""path"": ""baselines/artifacts/aether/mumbai/mumbai_aether_qwen_paper_noval_lst_day_mean_mean.tif"", ""type"": ""raster""}",task_specific_raster,task samples use row/col when the label raster and embedding raster grids match; otherwise area-mean alignment to the registered raster task grid is used,True,False,False,baselines/artifacts/aether/mumbai/mumbai_aether_qwen_paper_noval_lst_day_mean_mean.tif,full
aether,AETHER,nairobi,landuse,nairobi.landuse.2026,baselines/artifacts/aether/nairobi/nairobi.landuse.2026_aether_sample_aligned.parquet,entity,"{""crs"": ""EPSG:4326"", ""embedding_dim"": 128, ""entity_id_col"": ""sample_id"", ""name"": ""AETHER"", ""path"": ""baselines/artifacts/aether/nairobi/nairobi.landuse.2026_aether_sample_aligned.parquet"", ""task_entity_id_col"": ""sample_id"", ""type"": ""entity"", ""x_col"": ""x"", ""y_col"": ""y""}",sample_aligned_native_aether_raster_table,sample_id lookup in a benchmark-ready table produced by the released raster alignment policy; values are stored before row-wise L2 normalization,True,False,False,baselines/artifacts/aether/nairobi/nairobi.landuse.2026_aether_sample_aligned.parquet,full
aether,AETHER,nairobi,road_density,nairobi.road_density.2026,baselines/artifacts/aether/nairobi/nairobi_aether_qwen_paper_noval_road_density_mean.tif,raster,"{""name"": ""AETHER"", ""path"": ""baselines/artifacts/aether/nairobi/nairobi_aether_qwen_paper_noval_road_density_mean.tif"", ""type"": ""raster""}",task_specific_raster,task samples use row/col when the label raster and embedding raster grids match; otherwise area-mean alignment to the registered raster task grid is used,True,False,False,baselines/artifacts/aether/nairobi/nairobi_aether_qwen_paper_noval_road_density_mean.tif,full
aether,AETHER,nairobi,population,nairobi.population.2024,baselines/artifacts/aether/nairobi/nairobi_aether_qwen_paper_noval_population_mean.tif,raster,"{""name"": ""AETHER"", ""path"": ""baselines/artifacts/aether/nairobi/nairobi_aether_qwen_paper_noval_population_mean.tif"", ""type"": ""raster""}",task_specific_raster,task samples use row/col when the label raster and embedding raster grids match; otherwise area-mean alignment to the registered raster task grid is used,True,False,True,baselines/artifacts/aether/nairobi/nairobi_aether_qwen_paper_noval_population_mean.tif,full
aether,AETHER,nairobi,age_distribution,nairobi.age_distribution.2024,baselines/artifacts/aether/nairobi/nairobi_aether_qwen_paper_noval_age_distribution_mean.tif,raster,"{""name"": ""AETHER"", ""path"": ""baselines/artifacts/aether/nairobi/nairobi_aether_qwen_paper_noval_age_distribution_mean.tif"", ""type"": ""raster""}",task_specific_raster,task samples use row/col when the label raster and embedding raster grids match; otherwise area-mean alignment to the registered raster task grid is used,True,False,False,baselines/artifacts/aether/nairobi/nairobi_aether_qwen_paper_noval_age_distribution_mean.tif,full
aether,AETHER,nairobi,gdp,nairobi.gdp.2024,baselines/artifacts/aether/nairobi/nairobi_aether_qwen_paper_noval_gdp_mean.tif,raster,"{""name"": ""AETHER"", ""path"": ""baselines/artifacts/aether/nairobi/nairobi_aether_qwen_paper_noval_gdp_mean.tif"", ""type"": ""raster""}",task_specific_raster,task samples use row/col when the label raster and embedding raster grids match; otherwise area-mean alignment to the registered raster task grid is used,True,False,False,baselines/artifacts/aether/nairobi/nairobi_aether_qwen_paper_noval_gdp_mean.tif,full
aether,AETHER,nairobi,nightlight,nairobi.nightlight.2024,baselines/artifacts/aether/nairobi/nairobi.nightlight.2024_aether_sample_aligned.parquet,entity,"{""crs"": ""EPSG:4326"", ""embedding_dim"": 128, ""entity_id_col"": ""sample_id"", ""name"": ""AETHER"", ""path"": ""baselines/artifacts/aether/nairobi/nairobi.nightlight.2024_aether_sample_aligned.parquet"", ""task_entity_id_col"": ""sample_id"", ""type"": ""entity"", ""x_col"": ""x"", ""y_col"": ""y""}",sample_aligned_native_aether_raster_table,sample_id lookup in a benchmark-ready table produced by the released raster alignment policy; values are stored before row-wise L2 normalization,True,False,False,baselines/artifacts/aether/nairobi/nairobi.nightlight.2024_aether_sample_aligned.parquet,full
aether,AETHER,nairobi,pm25,nairobi.pm25.2022,baselines/artifacts/aether/nairobi/nairobi_aether_qwen_paper_noval_pm25_mean.tif,raster,"{""name"": ""AETHER"", ""path"": ""baselines/artifacts/aether/nairobi/nairobi_aether_qwen_paper_noval_pm25_mean.tif"", ""type"": ""raster""}",task_specific_raster,task samples use row/col when the label raster and embedding raster grids match; otherwise area-mean alignment to the registered raster task grid is used,True,False,False,baselines/artifacts/aether/nairobi/nairobi_aether_qwen_paper_noval_pm25_mean.tif,full
aether,AETHER,nairobi,lst_day_mean,nairobi.lst_day_mean.2024,baselines/artifacts/aether/nairobi/nairobi_aether_qwen_paper_noval_lst_day_mean_mean.tif,raster,"{""name"": ""AETHER"", ""path"": ""baselines/artifacts/aether/nairobi/nairobi_aether_qwen_paper_noval_lst_day_mean_mean.tif"", ""type"": ""raster""}",task_specific_raster,task samples use row/col when the label raster and embedding raster grids match; otherwise area-mean alignment to the registered raster task grid is used,True,False,False,baselines/artifacts/aether/nairobi/nairobi_aether_qwen_paper_noval_lst_day_mean_mean.tif,full
aether,AETHER,jakarta,landuse,jakarta.landuse.2026,baselines/artifacts/aether/jakarta/jakarta.landuse.2026_aether_sample_aligned.parquet,entity,"{""crs"": ""EPSG:4326"", ""embedding_dim"": 128, ""entity_id_col"": ""sample_id"", ""name"": ""AETHER"", ""path"": ""baselines/artifacts/aether/jakarta/jakarta.landuse.2026_aether_sample_aligned.parquet"", ""task_entity_id_col"": ""sample_id"", ""type"": ""entity"", ""x_col"": ""x"", ""y_col"": ""y""}",sample_aligned_native_aether_raster_table,sample_id lookup in a benchmark-ready table produced by the released raster alignment policy; values are stored before row-wise L2 normalization,True,False,False,baselines/artifacts/aether/jakarta/jakarta.landuse.2026_aether_sample_aligned.parquet,full
aether,AETHER,jakarta,road_density,jakarta.road_density.2026,baselines/artifacts/aether/jakarta/jakarta_aether_qwen_paper_noval_road_density_mean.tif,raster,"{""name"": ""AETHER"", ""path"": ""baselines/artifacts/aether/jakarta/jakarta_aether_qwen_paper_noval_road_density_mean.tif"", ""type"": ""raster""}",task_specific_raster,task samples use row/col when the label raster and embedding raster grids match; otherwise area-mean alignment to the registered raster task grid is used,True,False,False,baselines/artifacts/aether/jakarta/jakarta_aether_qwen_paper_noval_road_density_mean.tif,full
aether,AETHER,jakarta,population,jakarta.population.2024,baselines/artifacts/aether/jakarta/jakarta_aether_qwen_paper_noval_population_mean.tif,raster,"{""name"": ""AETHER"", ""path"": ""baselines/artifacts/aether/jakarta/jakarta_aether_qwen_paper_noval_population_mean.tif"", ""type"": ""raster""}",task_specific_raster,task samples use row/col when the label raster and embedding raster grids match; otherwise area-mean alignment to the registered raster task grid is used,True,False,True,baselines/artifacts/aether/jakarta/jakarta_aether_qwen_paper_noval_population_mean.tif,full
aether,AETHER,jakarta,age_distribution,jakarta.age_distribution.2024,baselines/artifacts/aether/jakarta/jakarta_aether_qwen_paper_noval_age_distribution_mean.tif,raster,"{""name"": ""AETHER"", ""path"": ""baselines/artifacts/aether/jakarta/jakarta_aether_qwen_paper_noval_age_distribution_mean.tif"", ""type"": ""raster""}",task_specific_raster,task samples use row/col when the label raster and embedding raster grids match; otherwise area-mean alignment to the registered raster task grid is used,True,False,False,baselines/artifacts/aether/jakarta/jakarta_aether_qwen_paper_noval_age_distribution_mean.tif,full
aether,AETHER,jakarta,gdp,jakarta.gdp.2024,baselines/artifacts/aether/jakarta/jakarta_aether_qwen_paper_noval_gdp_mean.tif,raster,"{""name"": ""AETHER"", ""path"": ""baselines/artifacts/aether/jakarta/jakarta_aether_qwen_paper_noval_gdp_mean.tif"", ""type"": ""raster""}",task_specific_raster,task samples use row/col when the label raster and embedding raster grids match; otherwise area-mean alignment to the registered raster task grid is used,True,False,False,baselines/artifacts/aether/jakarta/jakarta_aether_qwen_paper_noval_gdp_mean.tif,full
aether,AETHER,jakarta,nightlight,jakarta.nightlight.2024,baselines/artifacts/aether/jakarta/jakarta.nightlight.2024_aether_sample_aligned.parquet,entity,"{""crs"": ""EPSG:4326"", ""embedding_dim"": 128, ""entity_id_col"": ""sample_id"", ""name"": ""AETHER"", ""path"": ""baselines/artifacts/aether/jakarta/jakarta.nightlight.2024_aether_sample_aligned.parquet"", ""task_entity_id_col"": ""sample_id"", ""type"": ""entity"", ""x_col"": ""x"", ""y_col"": ""y""}",sample_aligned_native_aether_raster_table,sample_id lookup in a benchmark-ready table produced by the released raster alignment policy; values are stored before row-wise L2 normalization,True,False,False,baselines/artifacts/aether/jakarta/jakarta.nightlight.2024_aether_sample_aligned.parquet,full
aether,AETHER,jakarta,pm25,jakarta.pm25.2022,baselines/artifacts/aether/jakarta/jakarta_aether_qwen_paper_noval_pm25_mean.tif,raster,"{""name"": ""AETHER"", ""path"": ""baselines/artifacts/aether/jakarta/jakarta_aether_qwen_paper_noval_pm25_mean.tif"", ""type"": ""raster""}",task_specific_raster,task samples use row/col when the label raster and embedding raster grids match; otherwise area-mean alignment to the registered raster task grid is used,True,False,False,baselines/artifacts/aether/jakarta/jakarta_aether_qwen_paper_noval_pm25_mean.tif,full
aether,AETHER,jakarta,lst_day_mean,jakarta.lst_day_mean.2024,baselines/artifacts/aether/jakarta/jakarta_aether_qwen_paper_noval_lst_day_mean_mean.tif,raster,"{""name"": ""AETHER"", ""path"": ""baselines/artifacts/aether/jakarta/jakarta_aether_qwen_paper_noval_lst_day_mean_mean.tif"", ""type"": ""raster""}",task_specific_raster,task samples use row/col when the label raster and embedding raster grids match; otherwise area-mean alignment to the registered raster task grid is used,True,False,False,baselines/artifacts/aether/jakarta/jakarta_aether_qwen_paper_noval_lst_day_mean_mean.tif,full
aether,AETHER,cape_town,landuse,cape_town.landuse.2026,baselines/artifacts/aether/cape_town/cape_town.landuse.2026_aether_sample_aligned.parquet,entity,"{""crs"": ""EPSG:4326"", ""embedding_dim"": 128, ""entity_id_col"": ""sample_id"", ""name"": ""AETHER"", ""path"": ""baselines/artifacts/aether/cape_town/cape_town.landuse.2026_aether_sample_aligned.parquet"", ""task_entity_id_col"": ""sample_id"", ""type"": ""entity"", ""x_col"": ""x"", ""y_col"": ""y""}",sample_aligned_native_aether_raster_table,sample_id lookup in a benchmark-ready table produced by the released raster alignment policy; values are stored before row-wise L2 normalization,True,False,False,baselines/artifacts/aether/cape_town/cape_town.landuse.2026_aether_sample_aligned.parquet,full
aether,AETHER,cape_town,road_density,cape_town.road_density.2026,baselines/artifacts/aether/cape_town/cape_town_aether_qwen_paper_noval_road_density_mean.tif,raster,"{""name"": ""AETHER"", ""path"": ""baselines/artifacts/aether/cape_town/cape_town_aether_qwen_paper_noval_road_density_mean.tif"", ""type"": ""raster""}",task_specific_raster,task samples use row/col when the label raster and embedding raster grids match; otherwise area-mean alignment to the registered raster task grid is used,True,False,False,baselines/artifacts/aether/cape_town/cape_town_aether_qwen_paper_noval_road_density_mean.tif,full
aether,AETHER,cape_town,population,cape_town.population.2024,baselines/artifacts/aether/cape_town/cape_town_aether_qwen_paper_noval_population_mean.tif,raster,"{""name"": ""AETHER"", ""path"": ""baselines/artifacts/aether/cape_town/cape_town_aether_qwen_paper_noval_population_mean.tif"", ""type"": ""raster""}",task_specific_raster,task samples use row/col when the label raster and embedding raster grids match; otherwise area-mean alignment to the registered raster task grid is used,True,False,True,baselines/artifacts/aether/cape_town/cape_town_aether_qwen_paper_noval_population_mean.tif,full
aether,AETHER,cape_town,age_distribution,cape_town.age_distribution.2024,baselines/artifacts/aether/cape_town/cape_town_aether_qwen_paper_noval_age_distribution_mean.tif,raster,"{""name"": ""AETHER"", ""path"": ""baselines/artifacts/aether/cape_town/cape_town_aether_qwen_paper_noval_age_distribution_mean.tif"", ""type"": ""raster""}",task_specific_raster,task samples use row/col when the label raster and embedding raster grids match; otherwise area-mean alignment to the registered raster task grid is used,True,False,False,baselines/artifacts/aether/cape_town/cape_town_aether_qwen_paper_noval_age_distribution_mean.tif,full
aether,AETHER,cape_town,gdp,cape_town.gdp.2024,baselines/artifacts/aether/cape_town/cape_town_aether_qwen_paper_noval_gdp_mean.tif,raster,"{""name"": ""AETHER"", ""path"": ""baselines/artifacts/aether/cape_town/cape_town_aether_qwen_paper_noval_gdp_mean.tif"", ""type"": ""raster""}",task_specific_raster,task samples use row/col when the label raster and embedding raster grids match; otherwise area-mean alignment to the registered raster task grid is used,True,False,False,baselines/artifacts/aether/cape_town/cape_town_aether_qwen_paper_noval_gdp_mean.tif,full
aether,AETHER,cape_town,nightlight,cape_town.nightlight.2024,baselines/artifacts/aether/cape_town/cape_town.nightlight.2024_aether_sample_aligned.parquet,entity,"{""crs"": ""EPSG:4326"", ""embedding_dim"": 128, ""entity_id_col"": ""sample_id"", ""name"": ""AETHER"", ""path"": ""baselines/artifacts/aether/cape_town/cape_town.nightlight.2024_aether_sample_aligned.parquet"", ""task_entity_id_col"": ""sample_id"", ""type"": ""entity"", ""x_col"": ""x"", ""y_col"": ""y""}",sample_aligned_native_aether_raster_table,sample_id lookup in a benchmark-ready table produced by the released raster alignment policy; values are stored before row-wise L2 normalization,True,False,False,baselines/artifacts/aether/cape_town/cape_town.nightlight.2024_aether_sample_aligned.parquet,full
aether,AETHER,cape_town,pm25,cape_town.pm25.2022,baselines/artifacts/aether/cape_town/cape_town_aether_qwen_paper_noval_pm25_mean.tif,raster,"{""name"": ""AETHER"", ""path"": ""baselines/artifacts/aether/cape_town/cape_town_aether_qwen_paper_noval_pm25_mean.tif"", ""type"": ""raster""}",task_specific_raster,task samples use row/col when the label raster and embedding raster grids match; otherwise area-mean alignment to the registered raster task grid is used,True,False,False,baselines/artifacts/aether/cape_town/cape_town_aether_qwen_paper_noval_pm25_mean.tif,full
aether,AETHER,cape_town,lst_day_mean,cape_town.lst_day_mean.2024,baselines/artifacts/aether/cape_town/cape_town_aether_qwen_paper_noval_lst_day_mean_mean.tif,raster,"{""name"": ""AETHER"", ""path"": ""baselines/artifacts/aether/cape_town/cape_town_aether_qwen_paper_noval_lst_day_mean_mean.tif"", ""type"": ""raster""}",task_specific_raster,task samples use row/col when the label raster and embedding raster grids match; otherwise area-mean alignment to the registered raster task grid is used,True,False,False,baselines/artifacts/aether/cape_town/cape_town_aether_qwen_paper_noval_lst_day_mean_mean.tif,full
